年,月,日,時,分,縣市,區,死,受傷,2-30,天候,光線,道路類別,速限,道路型態,事故位置,路面鋪裝,路面狀態,路面缺陷,障礙物,視距,號誌種類,號誌動作,分向設施,快車道或一般車道間,快慢車道間,路面邊線,事故類型及型態,主要肇因,受傷程度,主要傷處,保護裝備,行動電話,當事者區分,車輛用途,當事者行動狀態,駕駛資格情形,駕駛執照種類,飲酒情形,車輛撞擊部位最初,車輛撞擊部位其他,肇事因素個別,肇事因素主要,肇事逃逸,職業,旅次目的,車種,GPS緯度,GPS經度,事故類別
2022,8,2,17,33,臺中市,西區,0,2,0,8,1,5,50,4,1,1,5,4,5,7,1,1,10,5,5,2,17,6,3,10,1,1,B03,7,5,1,8,2,2,,6,6,1,5,1,B03,120.649893,24.143803,2
2022,8,2,17,33,臺中市,大里區,0,0,0,8,,,50,,,,,,,,,,,,,,,40,,,,,B03,,,1,,2,,,40,,1,22,,B03,120.697966,24.09427,4
2022,8,2,17,36,臺中市,神岡區,0,0,0,8,,,50,,,,,,,,,,,,,,,16,,,,,B03,,,1,,2,,,16,,1,22,,B03,120.70607,24.260955,3
2022,8,2,17,45,臺中市,梧棲區,0,0,0,8,,,50,,,,,,,,,,,,,,,23,,,,,B03,,,1,,1,,,23,,1,3,,B03,120.546119,24.244639,3
2022,8,2,17,50,臺中市,太平區,0,0,0,6,,,30,,,,,,,,,,,,,,,16,,,,,B03,,,1,,2,,,16,,1,22,,B03,120.720946,24.102986,3
2022,8,2,17,54,臺中市,南區,0,0,0,8,,,50,,,,,,,,,,,,,,,23,,,,,C03,,,1,10,2,,,23,23,1,5,,C03,120.649341,24.12158,3
2022,8,2,18,3,臺中市,新社區,0,1,0,8,1,5,50,4,1,1,5,4,5,7,1,1,10,5,5,2,16,42,3,10,1,1,B12,7,6,1,8,2,6,,42,42,1,5,8,B12,120.809263,24.249448,2
2022,8,2,18,4,臺中市,烏日區,0,0,0,8,,,50,,,,,,,,,,,,,,,23,,,,,B03,,,1,,2,,,23,,1,22,,B03,120.643571,24.109246,3
2022,8,2,18,5,臺中市,北區,0,1,0,8,3,5,50,3,7,1,5,4,5,7,4,4,5,5,4,2,13,16,2,9,1,1,C03,7,9,1,10,2,11,,16,16,1,21,8,C03,120.665621,24.156178,2
2022,8,2,18,6,臺中市,太平區,0,2,0,8,2,5,50,3,1,1,5,4,5,7,4,4,5,5,5,2,16,6,2,9,1,1,C03,7,5,1,10,2,11,,6,6,1,21,8,C03,120.725301,24.134232,2
2022,8,2,18,14,臺中市,西區,0,0,0,8,1,5,50,14,9,1,5,4,5,7,4,4,5,5,5,2,13,16,,,,,B03,,,1,,1,,,16,,1,21,,B03,120.672407,24.136197,3
2022,8,2,18,20,臺中市,大里區,0,1,0,8,2,5,50,3,1,1,5,4,5,7,1,1,10,5,5,2,12,8,3,10,1,1,F03,7,5,8,20,2,16,,8,8,1,21,9,F03,120.729169,24.094199,2
2022,8,2,18,34,臺中市,西區,0,0,0,,,,50,,,,,,,,,,,,,,,23,,,,,B03,,,1,,1,,,23,,1,20,,B03,120.665268,24.146718,3
2022,8,2,18,50,臺中市,西區,0,0,0,8,3,5,50,4,2,1,5,4,5,7,1,1,1,2,5,2,13,23,,,,,B03,,,1,,1,,,23,,1,4,,B03,120.657395,24.142945,3
2022,8,2,18,54,臺中市,北屯區,0,2,0,8,3,5,50,4,2,1,3,1,5,7,4,4,5,4,5,2,18,23,2,9,1,1,C03,7,9,3,18,2,14,,23,23,1,21,8,C03,120.751813,24.198771,2
2022,8,2,18,55,臺中市,豐原區,0,1,0,8,3,5,50,14,7,1,5,4,5,7,4,4,4,4,5,1,16,9,3,10,1,1,B12,7,6,1,8,2,6,,9,9,1,21,8,B12,120.724324,24.231032,2
2022,8,2,18,56,臺中市,西區,0,0,0,,,,50,,,,,,,,,,,,,,,23,,,,,C03,,,1,,2,,,23,,1,20,,C03,120.660176,24.150848,3
2022,8,2,19,5,臺中市,西區,0,0,0,8,,,50,,,,,,,,,,,,,,,23,,,,,B03,,,1,,2,,,23,,1,10,,B03,120.672449,24.140729,3
2022,8,2,19,6,臺中市,大雅區,0,1,0,8,3,5,50,4,1,1,5,4,5,7,1,1,5,5,5,2,17,23,3,10,1,1,C03,7,5,1,10,2,14,,23,23,1,21,8,C03,120.647435,24.229275,2
2022,8,2,19,12,臺中市,梧棲區,0,0,0,8,,,30,,,,,,,,,,,,,,,12,,,,,B12,,,1,,1,,,12,,1,21,,B12,120.536951,24.252079,3
2022,8,2,19,12,臺中市,豐原區,0,1,0,8,3,5,50,14,7,1,5,4,5,7,4,4,4,5,4,2,27,42,2,9,1,1,C03,7,9,1,10,2,11,,42,42,1,4,1,C03,120.718911,24.248861,2
2022,8,2,19,20,臺中市,潭子區,0,1,0,8,3,5,50,3,2,1,5,4,5,7,1,1,1,3,5,1,17,25,3,10,1,1,C03,7,9,1,10,2,11,,25,25,1,22,8,C03,120.709422,24.200329,2
2022,8,2,19,23,臺中市,北屯區,0,0,0,8,,,50,,,,,,,,,,,,,,,18,,,,,B12,,,1,,11,,,18,,1,21,,B12,120.673168,24.182531,3
2022,8,2,19,25,臺中市,神岡區,0,1,0,8,3,5,50,4,1,1,5,4,5,7,1,1,5,4,4,2,16,26,3,10,1,1,B03,7,1,1,8,2,5,,26,26,1,21,8,B03,120.664481,24.258223,2
2022,8,2,19,36,臺中市,北區,0,0,0,8,,,50,,,,,,,,,,,,,,,23,,,,,B02,,,1,,2,,,23,,1,5,,B02,120.675031,24.162152,3
2022,8,2,19,52,臺中市,豐原區,0,0,0,8,,,50,,,,,,,,,,,,,,,6,,,,,B03,,,1,,2,,,6,6,1,22,,B03,120.72632,24.24706,3
2022,8,2,19,57,臺中市,北屯區,0,0,0,8,,,50,,,,,,,,,,,,,,,23,,,,,B01,,,1,,1,,,23,,1,10,,B01,120.687758,24.171345,3
2022,8,2,20,32,臺中市,西區,0,1,0,8,3,5,50,4,1,1,5,4,5,7,1,1,5,5,5,2,12,23,3,10,3,4,B03,7,6,1,8,2,2,,23,23,1,21,8,B03,120.663884,24.157614,2
2022,8,2,20,39,臺中市,北屯區,0,1,0,8,3,5,50,4,18,1,5,4,5,7,2,1,10,5,5,2,3,15,3,10,1,1,B03,7,5,1,8,2,5,,15,15,1,21,8,B03,120.670996,24.175123,2
2022,8,2,20,40,臺中市,北屯區,0,0,0,8,,,30,,,,,,,,,,,,,,,23,,,,,B03,,,1,,11,,,23,,1,21,,B03,120.692937,24.169792,3
2022,8,2,20,54,臺中市,清水區,0,0,0,8,,,50,,,,,,,,,,,,,,,25,,,,,B03,,,3,,2,,,25,,1,21,,B03,120.573435,24.264175,3
2022,8,2,20,59,臺中市,西區,0,0,0,8,3,5,50,4,1,1,5,4,5,7,1,1,10,5,5,2,13,23,,,,,B03,,,1,,1,,,23,,1,4,,B03,120.660188,24.140025,3
2022,8,2,21,9,臺中市,豐原區,0,0,0,8,,,50,,,,,,,,,,,,,,,16,,,,,B03,,,1,,2,,,16,16,1,22,,B03,120.703021,24.238091,3
2022,8,2,21,10,臺中市,西區,0,1,0,8,3,5,50,4,1,1,5,4,5,7,4,4,10,5,5,2,15,6,2,9,1,1,C03,7,9,1,10,2,12,,6,6,1,21,8,C03,120.664301,24.149044,2
2022,8,2,21,17,臺中市,清水區,0,0,0,,,,50,,,,,,,,,,,,,,,23,,,,,B03,,,1,,2,,,23,,1,5,,B03,120.538023,24.270479,3
2022,8,2,21,44,臺中市,南區,0,3,0,8,3,5,50,3,1,1,5,4,5,7,4,4,10,5,5,2,16,6,2,9,3,4,B03,7,5,1,8,2,5,,6,6,1,5,8,B03,120.649365,24.121116,2
2022,8,2,21,46,臺中市,北區,0,0,0,8,3,5,50,3,9,1,5,4,5,7,1,1,2,4,4,2,17,43,3,10,1,1,C03,7,9,1,10,9,15,,43,43,1,5,5,C03,120.684253,24.14982,3
2022,8,2,21,48,臺中市,北屯區,0,0,0,8,,,50,,,,,,,,,,,,,,,23,,,,,B03,,,1,,1,,,23,,1,22,,B03,120.707075,24.195191,3
2022,8,2,21,51,臺中市,北屯區,0,1,0,8,3,5,50,4,2,1,5,4,5,7,2,1,5,5,4,2,14,12,3,10,1,1,B03,7,2,1,2,2,3,,12,12,1,21,8,B03,120.682128,24.173701,2
2022,8,2,21,52,臺中市,潭子區,0,0,0,8,,,50,,,,,,,,,,,,,,,23,,,,,B03,,,1,,2,,,23,,1,22,,B03,120.700746,24.214377,3
2022,8,2,22,0,臺中市,北屯區,0,1,0,8,3,5,50,14,9,1,5,4,5,7,4,4,1,2,5,2,17,42,2,9,1,1,C03,7,9,1,10,2,11,12,42,42,1,5,8,C03,120.682218,24.183376,2
2022,8,2,22,13,臺中市,太平區,0,1,0,8,4,5,40,14,9,1,3,4,4,7,4,4,5,5,5,1,18,23,2,9,1,1,C03,7,9,1,10,1,14,,23,23,1,5,8,C03,120.786918,24.102979,2
2022,8,2,22,18,臺中市,中區,0,1,0,8,3,5,50,14,8,1,5,4,5,7,4,4,1,4,4,2,16,6,3,10,1,1,C03,7,6,1,10,2,12,,6,6,1,20,8,C03,120.685573,24.142122,2
2022,8,3,0,30,臺中市,北區,0,2,0,8,3,5,50,5,2,1,5,4,5,7,2,1,5,4,3,1,13,23,2,9,3,4,C03,7,9,1,10,2,11,,23,23,1,22,9,C03,120.672327,24.150967,2
2022,8,3,5,50,臺中市,大雅區,0,1,0,8,1,5,30,4,1,1,5,4,5,7,3,1,9,5,5,2,17,6,3,10,1,1,B03,7,5,1,8,2,1,,6,6,1,22,9,B03,120.65005,24.212034,2
2022,8,3,6,45,臺中市,大雅區,0,1,0,8,1,5,30,11,9,1,5,4,5,7,4,4,10,5,5,2,17,6,3,10,1,1,B03,7,5,1,8,2,8,,6,6,1,22,9,B03,120.6391,24.211514,2
2022,8,3,7,3,臺中市,沙鹿區,0,0,0,8,,,60,,,,,,,,,,,,,,,7,,,,,B03,,,1,,2,,,7,,1,9,,B03,120.589755,24.249958,3
2022,8,3,7,10,臺中市,沙鹿區,0,0,0,8,,,50,,,,,,,,,,,,,,,6,,,,,B03,,,1,,2,,,6,,1,21,,B03,120.565833,24.225682,3
2022,8,3,7,12,臺中市,北屯區,0,0,0,8,,,50,,,,,,,,,,,,,,,7,,,,,B03,,,1,,1,,,23,7,1,22,,B03,120.687688,24.171925,3
2022,8,3,7,13,臺中市,北區,0,3,0,8,1,5,30,4,2,1,5,4,5,7,4,4,9,5,5,2,16,6,3,10,1,1,B03,7,6,1,8,1,4,,6,6,1,22,9,B03,120.695395,24.159968,2
2022,8,3,7,15,臺中市,豐原區,0,2,0,8,1,5,50,4,2,1,5,4,5,7,1,1,4,5,5,1,13,16,2,9,1,1,C03,7,9,1,10,2,11,,16,16,1,21,8,C03,120.72524,24.234609,2
2022,8,3,7,16,臺中市,北區,0,1,0,8,1,5,50,3,1,1,5,4,5,7,2,1,10,5,5,2,17,8,2,9,1,1,C03,7,5,1,10,2,13,,8,8,1,22,8,C03,120.688419,24.151711,2
2022,8,3,7,18,臺中市,梧棲區,0,5,0,8,1,5,70,4,1,1,5,4,5,7,1,1,10,5,5,2,16,6,2,9,1,1,B03,7,6,1,8,2,5,,6,6,1,3,1,B03,120.549611,24.239359,2
2022,8,3,7,21,臺中市,西區,0,0,0,8,1,5,50,4,2,1,5,4,5,7,1,1,3,4,5,2,13,26,,,,,B03,,,1,,1,,,26,,1,22,,B03,120.668499,24.129943,3
2022,8,3,7,23,臺中市,神岡區,0,1,0,8,1,5,50,14,9,1,5,4,5,7,4,4,9,5,5,2,17,8,3,10,3,4,C03,7,5,1,10,2,15,,8,8,1,22,9,C03,120.661635,24.260277,2
2022,8,3,7,24,臺中市,東區,0,1,0,8,1,5,50,4,1,1,5,4,5,7,1,1,10,5,5,2,16,6,3,10,1,1,B12,7,5,1,8,2,2,,6,6,1,22,9,B12,120.711373,24.144685,2
2022,8,3,7,29,臺中市,潭子區,0,0,0,8,,,50,,,,,,,,,,,,,,,23,,,,,B03,,,1,,2,,,23,,1,22,,B03,120.701196,24.193876,3
2022,8,3,7,30,臺中市,潭子區,0,0,0,8,,,80,,,,,,,,,,,,,,,16,,,,,B03,,,1,,2,,,16,,1,22,,B03,120.698961,24.201281,3
2022,8,3,7,35,臺中市,北屯區,0,0,0,8,,,30,,,,,,,,,,,,,,,23,,,,,B03,,,1,,1,,,23,,1,4,,B03,120.680537,24.200824,3
2022,8,3,7,38,臺中市,北屯區,0,1,0,8,1,5,50,14,9,1,5,4,5,7,4,4,1,4,5,2,29,23,2,9,1,1,C03,7,9,1,10,2,11,,23,23,1,21,8,C03,120.699056,24.175282,2
2022,8,3,7,48,臺中市,南區,0,2,0,8,1,5,50,3,1,1,5,4,5,7,2,1,1,4,4,2,16,25,2,9,1,1,C03,7,9,1,9,2,11,,25,25,1,3,5,C03,120.66827,24.118975,2
2022,8,3,7,50,臺中市,南區,0,0,0,8,,,40,,,,,,,,,,,,,,,43,,,,,,,,,,,,,43,,1,,,,120.669633,24.116873,3
2022,8,3,7,50,臺中市,烏日區,0,2,0,8,1,5,50,4,1,1,5,4,5,7,2,1,5,4,4,2,15,25,2,9,1,1,C03,7,9,1,10,2,11,,25,25,1,21,8,C03,120.646453,24.093237,2
2022,8,3,7,56,臺中市,北區,0,1,0,8,1,5,50,3,1,1,5,4,5,7,1,1,1,4,4,2,16,25,2,8,1,1,C04,7,5,1,11,2,12,,25,25,1,21,8,C04,120.694218,24.161292,2
2022,8,3,7,57,臺中市,神岡區,0,0,0,,,,50,,,,,,,,,,,,,,,23,,,,,B03,,,1,,1,,,23,23,1,22,,B03,120.696043,24.236039,3
2022,8,3,7,58,臺中市,新社區,0,0,0,8,,,50,,,,,,,,,,,,,,,4,,,,,B03,,,1,,2,,,4,,1,22,,B03,120.837762,24.153672,3
2022,8,3,8,5,臺中市,潭子區,0,0,0,8,,,50,,,,,,,,,,,,,,,12,,,,,B12,,,1,,2,,,12,,1,22,,B12,120.701207,24.196425,3
2022,8,3,8,6,臺中市,大雅區,0,1,0,8,1,5,40,4,1,1,5,4,5,7,3,1,10,5,5,2,15,6,3,10,1,1,B03,7,9,1,8,2,1,,6,6,1,22,9,B03,120.631021,24.220072,2
2022,8,3,8,11,臺中市,北屯區,0,1,0,8,1,5,50,4,1,1,5,4,5,7,2,1,10,5,5,2,29,43,2,5,1,1,C03,7,5,1,10,2,14,,43,43,1,5,8,C03,120.686395,24.183613,2
2022,8,3,8,17,臺中市,東區,0,2,0,8,1,5,50,3,2,1,5,4,5,7,1,1,10,4,5,2,13,16,2,8,1,1,C03,7,9,1,10,2,11,,16,16,1,22,8,C03,120.696196,24.140548,2
2022,8,3,8,23,臺中市,大安區,0,0,0,8,,,50,,,,,,,,,,,,,,,12,,,,,B12,,,1,,1,,,12,,1,4,,B12,120.602341,24.368211,3
2022,8,3,8,24,臺中市,西區,0,0,0,8,,,50,,,,,,,,,,,,,,,23,,,,,B12,,,1,,1,,,23,,1,22,,B12,120.669617,24.134424,3
2022,8,3,8,28,臺中市,太平區,0,0,0,8,,,50,,,,,,,,,,,,,,,16,,,,,B03,,,1,,2,,,16,,1,22,,B03,120.722577,24.147629,3
2022,8,3,8,28,臺中市,外埔區,0,2,0,8,1,5,50,14,9,1,5,4,5,7,4,4,9,5,5,1,8,23,2,7,1,1,C03,7,9,1,10,2,12,,23,23,1,9,1,C03,120.662905,24.340679,2
2022,8,3,8,32,臺中市,東勢區,0,1,0,8,1,5,50,14,19,1,5,4,5,7,4,4,5,4,4,2,3,23,2,9,4,5,H01,8,16,8,20,10,16,,51,23,1,22,9,H01,120.829619,24.258033,2
2022,8,3,8,33,臺中市,北區,0,1,0,8,1,5,50,4,1,1,5,4,5,7,2,1,10,5,5,2,17,6,3,10,1,1,C03,7,6,1,10,2,12,,6,6,1,22,8,C03,120.66585,24.166843,2
2022,8,3,8,38,臺中市,太平區,0,0,0,,,,30,,,,,,,,,,,,,,,23,,,,,B03,,,1,,1,,,23,,1,22,,B03,120.721777,24.130235,3
2022,8,3,8,47,臺中市,東區,0,2,0,8,1,5,50,4,2,1,5,4,5,7,2,1,1,5,5,2,13,16,2,9,1,1,C03,7,9,1,10,2,11,13,16,16,1,4,5,C03,120.698891,24.132966,2
2022,8,3,8,51,臺中市,北屯區,0,1,0,8,1,5,40,3,1,1,5,4,5,7,4,4,1,4,1,2,16,6,3,10,1,1,B03,7,6,1,8,2,6,,6,6,1,21,8,B03,120.72092,24.165642,2
2022,8,3,8,53,臺中市,北屯區,0,0,0,8,,,50,,,,,,,,,,,,,,,23,,,,,B03,,,1,,1,,,23,,1,21,,B03,120.671381,24.193247,3
2022,8,3,8,53,臺中市,東勢區,0,0,0,8,,,50,,,,,,,,,,,,,,,23,,,,,B03,,,1,,2,,,23,,1,22,,B03,120.829105,24.256775,3
2022,8,3,9,7,臺中市,梧棲區,0,0,0,8,,,50,,,,,,,,,,,,,,,16,,,,,B03,,,1,,1,,,16,,1,11,,B03,120.537729,24.252947,3
2022,8,3,9,8,臺中市,西區,0,0,0,8,,,50,,,,,,,,,,,,,,,12,,,,,A12,,,1,,1,,,12,,1,5,,A12,120.662123,24.163157,3
2022,8,3,9,15,臺中市,西區,0,0,0,8,1,5,50,5,2,1,5,4,5,7,1,1,3,4,3,2,13,23,,,,,B03,,,1,,1,,,23,,1,22,,B03,120.669801,24.150724,3
2022,8,3,9,23,臺中市,太平區,0,1,0,8,1,5,50,14,7,1,5,4,5,7,4,4,9,5,4,2,24,23,2,9,3,1,F01,7,9,8,20,2,16,,23,23,1,22,8,F01,120.717153,24.105196,2
2022,8,3,9,25,臺中市,外埔區,0,1,0,8,1,5,50,14,9,1,5,4,5,7,4,4,9,5,5,1,12,23,2,9,1,1,B03,7,9,1,8,2,1,,23,23,1,21,1,B03,120.661643,24.349703,2
2022,8,3,9,32,臺中市,東區,0,0,0,8,,,50,,,,,,,,,,,,,,,19,,,,,B03,,,1,,2,,,19,,1,22,,B03,120.695044,24.137739,3
2022,8,3,9,40,臺中市,北屯區,0,0,0,8,,,50,,,,,,,,,,,,,,,23,,,,,B03,,,1,,1,,,38,23,1,5,,B03,120.719193,24.176498,3
2022,8,3,9,45,臺中市,南屯區,0,0,0,8,,,50,,,,,,,,,,,,,,,12,,,,,B03,,,1,,2,,,12,,1,22,,B03,120.644505,24.13869,3
2022,8,3,9,52,臺中市,南區,0,1,0,8,1,5,50,14,9,1,5,4,5,7,4,4,5,4,5,2,17,19,2,9,1,1,C03,7,1,1,10,2,14,,19,19,1,22,8,C03,120.652498,24.122127,2
2022,8,3,10,0,臺中市,和平區,0,0,0,8,1,2,30,14,9,1,5,4,1,7,4,4,10,5,5,1,17,18,,,,,G03,,,1,,1,,,18,,1,11,,G03,121.235801,24.248067,3
2022,8,3,10,7,臺中市,清水區,0,0,0,8,1,5,70,14,7,1,5,3,5,7,1,1,1,4,3,1,12,7,3,10,1,1,A41,7,8,1,1,2,5,,7,7,1,5,1,A41,120.581002,24.301469,3
2022,8,3,10,10,臺中市,南區,0,1,0,8,1,5,50,4,1,1,5,4,5,7,1,1,10,5,5,2,16,6,3,10,1,1,B03,7,6,1,8,2,5,,6,6,1,22,8,B03,120.668662,24.129378,2
2022,8,3,10,11,臺中市,中區,0,1,0,8,1,5,50,4,2,1,5,4,5,7,1,1,5,4,5,2,18,43,2,9,1,1,C03,7,9,1,10,2,15,,43,43,1,22,9,C03,120.679913,24.137942,2
2022,8,3,10,14,臺中市,中區,0,0,0,8,,,50,,,,,,,,,,,,,,,23,,,,,B03,,,1,,2,,,23,,1,22,,B03,120.678513,24.140668,3
2022,8,3,10,20,臺中市,沙鹿區,0,0,0,8,,,40,,,,,,,,,,,,,,,42,,,,,C03,,,1,,1,,,42,,1,19,,C03,120.582699,24.244437,3
2022,8,3,10,25,臺中市,東勢區,0,0,0,8,,,50,,,,,,,,,,,,,,,23,,,,,B03,,,1,,2,,,23,,1,22,,B03,120.828835,24.253296,3
2022,8,3,10,28,臺中市,神岡區,0,1,0,8,1,5,30,3,2,1,5,4,5,7,4,4,10,5,5,1,9,22,2,9,3,4,A12,7,9,1,4,2,2,,22,22,1,22,9,A12,120.687112,24.237845,2
2022,8,3,10,30,臺中市,北屯區,0,0,0,8,,,50,,,,,,,,,,,,,,,19,,,,,B03,,,1,,1,,,19,,1,21,,B03,120.789378,24.200587,3
2022,8,3,10,31,臺中市,豐原區,0,1,0,8,1,5,50,3,1,1,5,4,5,7,3,1,10,5,5,2,17,8,3,10,1,1,B03,7,5,1,8,2,8,,8,8,1,22,8,B03,120.709279,24.253445,2
2022,8,3,10,57,臺中市,大雅區,0,2,0,8,1,5,50,5,1,1,5,4,5,7,1,1,10,4,5,1,16,19,2,9,1,1,C03,7,1,1,10,2,14,,19,19,1,22,9,C03,120.648923,24.21804,2
2022,8,3,11,4,臺中市,西屯區,0,0,0,8,,,30,,,,,,,,,,,,,,,12,,,,,B12,,,1,,1,,,12,,1,22,,B12,120.643418,24.176423,3
2022,8,3,11,6,臺中市,北屯區,0,0,0,8,,,50,,,,,,,,,,,,,,,12,,,,,B12,,,1,,1,,,12,,1,22,,B12,120.700043,24.164753,3
2022,8,3,11,8,臺中市,南屯區,0,1,0,8,1,5,50,14,9,1,5,4,5,7,4,4,9,5,5,2,16,19,3,10,3,4,B03,7,1,1,8,2,1,,19,19,1,22,9,B03,120.643952,24.132602,2
2022,8,3,11,18,臺中市,北屯區,0,1,0,8,1,5,50,14,9,1,5,4,5,7,1,1,3,4,5,2,13,23,3,10,1,1,B03,7,9,1,8,2,1,,23,23,1,22,8,B03,120.715486,24.182309,2
2022,8,3,11,21,臺中市,清水區,0,1,0,8,1,5,30,14,9,1,5,4,5,7,4,4,10,5,5,2,15,6,2,9,1,1,C03,7,9,1,10,2,11,,6,6,1,5,8,C03,120.554603,24.286499,2
2022,8,3,11,24,臺中市,中區,0,2,0,8,1,5,50,4,2,1,5,4,5,7,1,1,10,4,5,2,3,51,2,8,1,1,H01,8,16,8,20,1,16,,51,51,1,9,9,H01,120.6829,24.142243,2
2022,8,3,11,26,臺中市,南區,0,0,0,8,,,50,,,,,,,,,,,,,,,6,,,,,B03,,,1,,2,,,6,,1,22,,B03,120.680382,24.13188,3
2022,8,3,11,28,臺中市,東區,0,0,0,8,,,50,,,,,,,,,,,,,,,23,,,,,B03,,,1,,2,,,23,,1,20,,B03,120.710587,24.140703,3
2022,8,3,11,43,臺中市,西區,0,0,0,8,1,5,50,4,2,1,5,4,5,7,4,4,5,5,5,2,29,42,,,,,A12,,,1,,2,,,42,,1,22,,A12,120.669912,24.136741,3
2022,8,3,11,50,臺中市,北屯區,0,3,0,8,1,5,50,4,1,1,5,4,5,7,2,1,1,2,5,2,12,26,2,9,1,1,C03,7,9,1,10,2,11,,26,26,1,22,8,C03,120.671456,24.17374,2
2022,8,3,11,55,臺中市,北區,0,2,0,8,1,5,50,4,1,1,5,4,5,7,1,1,5,5,4,2,13,23,2,9,1,1,C03,7,9,1,10,2,11,,23,23,1,21,8,C03,120.666318,24.159226,2
2022,8,3,12,8,臺中市,西區,0,0,0,8,,,50,,,,,,,,,,,,,,,23,,,,,A12,,,1,,2,,,23,,1,21,,A12,120.676471,24.138153,3
2022,8,3,12,10,臺中市,西區,0,1,0,8,1,5,50,3,1,1,5,4,5,7,4,4,10,5,5,2,16,8,3,10,1,1,B03,7,5,1,8,1,5,,8,8,1,4,9,B03,120.670887,24.153015,2
2022,8,3,12,24,臺中市,梧棲區,0,1,0,8,1,5,40,4,2,1,5,4,5,7,2,1,10,5,5,2,13,16,2,7,1,1,B03,7,9,1,8,2,1,,16,16,1,11,8,B03,120.52816,24.261576,2
2022,8,3,12,26,臺中市,東區,0,0,0,8,,,40,,,,,,,,,,,,,,,19,,,,,B03,,,1,,2,,,19,,1,22,,B03,120.687302,24.141444,3
2022,8,3,12,30,臺中市,大里區,0,0,0,8,,,80,,,,,,,,,,,,,,,44,,,,,B03,,,1,,1,,,44,,1,22,,B03,120.684849,24.091469,3
2022,8,3,12,33,臺中市,太平區,0,0,0,8,,,50,,,,,,,,,,,,,,,12,,,,,B12,,,1,,2,,,12,,1,9,,B12,120.707302,24.158206,3
2022,8,3,12,39,臺中市,北區,0,0,0,8,,,50,,,,,,,,,,,,,,,12,,,,,B03,,,1,,2,,,12,,1,21,,B03,120.681667,24.148916,3
2022,8,3,12,40,臺中市,大安區,0,0,0,8,,,30,,,,,,,,,,,,,,,23,,,,,C03,,,1,,1,,,23,,1,22,,C03,120.596159,24.357596,3
2022,8,3,12,47,臺中市,北區,0,0,0,8,,,50,,,,,,,,,,,,,,,19,,,,,C03,,,1,,2,,,19,,1,22,,C03,120.691628,24.156944,3
2022,8,3,12,58,臺中市,梧棲區,0,3,0,8,1,5,60,4,2,1,5,4,5,7,1,1,1,4,4,1,13,23,3,10,1,1,A31,7,9,1,1,2,5,,23,23,1,9,8,A31,120.524993,24.223278,2
2022,8,3,13,0,臺中市,沙鹿區,0,0,0,8,,,30,,,,,,,,,,,,,,,44,,,,,B03,,,1,,1,,,44,,1,4,,B03,120.57169,24.229309,3
2022,8,3,13,5,臺中市,神岡區,0,2,0,8,1,5,30,5,1,1,5,4,5,7,1,1,10,5,4,2,16,25,2,9,1,1,C03,7,9,1,10,2,12,,25,25,1,21,8,C03,120.68918,24.25761,2
2022,8,3,13,6,臺中市,北屯區,0,0,0,8,,,50,,,,,,,,,,,,,,,,,,,,B03,,,1,,1,,,6,,1,22,,B03,120.724842,24.159638,3
2022,8,3,13,13,臺中市,大甲區,0,1,0,8,1,5,50,14,9,1,5,4,5,7,4,4,9,5,5,1,12,17,3,10,1,1,C03,7,4,1,10,2,12,,17,17,1,12,1,C03,120.637763,24.346762,2
2022,8,3,13,22,臺中市,北屯區,0,2,0,8,1,5,50,3,1,1,5,4,5,7,4,4,10,5,5,2,16,6,2,9,1,1,C03,7,5,1,10,2,14,,6,6,1,4,8,C03,120.724505,24.171456,2
2022,8,3,13,23,臺中市,西區,0,0,0,8,,,50,,,,,,,,,,,,,,,12,,,,,B02,,,1,,2,,,12,,1,2,,B02,120.665226,24.144537,3
2022,8,3,13,30,臺中市,清水區,0,1,0,8,1,5,50,3,1,1,5,4,5,7,3,1,5,4,5,1,13,23,3,10,1,1,C03,7,9,1,10,2,11,,23,23,1,22,8,C03,120.602513,24.307576,2
2022,8,3,13,42,臺中市,北屯區,0,0,0,8,,,50,,,,,,,,,,,,,,,23,,,,,B03,,,1,,1,,,23,,1,22,,B03,120.700043,24.164753,3
2022,8,3,13,52,臺中市,北屯區,0,0,0,8,,,50,,,,,,,,,,,,,,,23,,,,,B03,,,1,,1,,,23,,1,4,,B03,120.720916,24.173986,3
2022,8,3,13,53,臺中市,北屯區,0,1,0,8,1,5,50,4,1,1,5,4,5,7,2,1,5,4,4,2,11,6,3,10,1,1,B01,7,5,1,4,2,5,,6,6,1,22,8,B01,120.690377,24.176862,2
2022,8,3,13,55,臺中市,西區,0,0,0,8,1,5,50,4,2,1,5,4,5,7,1,1,5,4,5,2,12,17,,,,,C03,,,1,,1,,,17,,1,22,,C03,120.660176,24.150848,3
2022,8,3,14,7,臺中市,北屯區,0,0,0,8,,,50,,,,,,,,,,,,,,,23,,,,,B03,,,1,,1,,,23,,1,22,,B03,120.690495,24.172655,3
2022,8,3,14,13,臺中市,西區,0,0,0,8,,,50,,,,,,,,,,,,,,,16,,,,,B03,,,6,,2,,,16,,1,21,,B03,120.661689,24.137278,3
2022,8,3,14,17,臺中市,北屯區,0,0,0,8,,,50,,,,,,,,,,,,,,,7,,,,,C03,,,1,,1,,,7,,1,22,,C03,120.6721,24.174077,3