年,月,日,時,分,縣市,區,死,受傷,2-30,天候,光線,道路類別,速限,道路型態,事故位置,路面鋪裝,路面狀態,路面缺陷,障礙物,視距,號誌種類,號誌動作,分向設施,快車道或一般車道間,快慢車道間,路面邊線,事故類型及型態,主要肇因,受傷程度,主要傷處,保護裝備,行動電話,當事者區分,車輛用途,當事者行動狀態,駕駛資格情形,駕駛執照種類,飲酒情形,車輛撞擊部位最初,車輛撞擊部位其他,肇事因素個別,肇事因素主要,肇事逃逸,職業,旅次目的,車種,GPS緯度,GPS經度,事故類別
2022,8,4,9,8,臺中市,沙鹿區,0,0,0,8,,,50,,,,,,,,,,,,,,,31,,,,,A11,,,1,,2,,,31,,1,10,,A11,120.569708,24.202049,3
2022,8,4,9,9,臺中市,北屯區,0,2,0,8,1,5,50,4,2,1,5,4,5,7,1,1,1,4,4,2,13,23,2,9,1,1,C03,7,9,4,8,2,15,,23,23,1,21,8,C03,120.6597,24.190785,2
2022,8,4,9,10,臺中市,梧棲區,0,0,0,8,,,50,,,,,,,,,,,,,,,6,,,,,B03,,,1,,2,,,6,,1,5,,B03,120.544036,24.246279,3
2022,8,4,9,15,臺中市,沙鹿區,0,0,0,8,,,50,,,,,,,,,,,,,,,18,,,,,B03,,,1,,2,,,18,,1,20,,B03,120.559654,24.237876,3
2022,8,4,9,16,臺中市,南區,0,2,0,8,1,5,50,4,1,1,5,4,5,7,2,1,5,5,5,2,13,16,2,9,1,1,C03,7,9,1,10,2,11,,16,16,1,3,5,C03,120.650118,24.120638,2
2022,8,4,9,29,臺中市,大肚區,0,0,0,8,,,40,,,,,,,,,,,,,,,19,,,,,B03,,,1,,1,,,19,,1,12,,B03,120.544545,24.153965,3
2022,8,4,9,30,臺中市,沙鹿區,0,1,0,8,1,5,50,14,9,1,3,4,5,7,4,4,5,5,5,2,18,23,2,9,1,1,C03,7,9,1,10,2,14,,23,23,1,21,8,C03,120.550639,24.216386,2
2022,8,4,9,35,臺中市,神岡區,0,1,0,8,1,5,10,4,1,1,5,4,4,7,4,4,10,5,5,2,16,6,2,9,1,1,F01,7,9,8,20,2,16,,6,6,1,21,8,F01,120.686393,24.240398,2
2022,8,4,9,40,臺中市,潭子區,0,0,0,8,,,50,,,,,,,,,,,,,,,23,,,,,B12,,,1,,2,,,23,,1,22,,B12,120.68976,24.231021,3
2022,8,4,9,44,臺中市,北區,0,2,0,8,1,5,50,4,2,1,5,4,5,7,2,1,1,4,4,2,17,7,2,9,1,1,C03,7,7,1,10,2,14,,7,7,1,22,8,C03,120.694459,24.153564,2
2022,8,4,9,45,臺中市,豐原區,0,0,0,8,,,50,,,,,,,,,,,,,,,16,,,,,B03,,,1,,2,,,16,,1,22,,B03,120.74915,24.268031,3
2022,8,4,9,51,臺中市,豐原區,0,0,0,8,,,50,,,,,,,,,,,,,,,42,,,,,B03,,,1,,2,,,42,,1,22,,B03,120.729763,24.243619,3
2022,8,4,9,53,臺中市,東區,0,1,0,8,1,5,50,3,1,1,5,4,5,7,4,4,10,5,5,2,16,7,3,10,1,1,B03,7,8,1,8,2,5,,7,7,1,22,9,B03,120.693925,24.132983,2
2022,8,4,9,56,臺中市,大雅區,0,0,0,8,,,30,,,,,,,,,,,,,,,25,,,,,B03,,,1,,2,,,25,,1,22,,B03,120.64134,24.228351,3
2022,8,4,10,0,臺中市,豐原區,0,1,0,8,1,5,50,3,1,1,5,4,5,7,4,4,10,5,5,2,13,23,2,9,1,1,C04,7,9,1,10,2,14,,23,23,1,21,8,C04,120.718,24.253297,2
2022,8,4,10,14,臺中市,西區,0,1,0,8,1,5,50,5,1,1,5,4,5,7,1,1,10,5,5,2,15,25,3,10,3,4,B03,7,9,1,8,2,5,,25,25,1,21,8,B03,120.671847,24.151581,2
2022,8,4,10,20,臺中市,北屯區,0,0,0,8,,,50,,,,,,,,,,,,,,,23,,,,,A11,,,1,,1,,,23,,1,5,,A11,120.71395,24.164315,3
2022,8,4,10,22,臺中市,北區,0,1,0,8,1,5,50,15,9,1,5,4,5,7,4,4,9,5,5,2,3,23,3,10,1,1,C03,7,9,1,10,2,11,,23,23,1,22,9,C03,120.678003,24.152928,2
2022,8,4,10,30,臺中市,北區,0,1,0,8,1,5,40,14,7,1,5,4,5,7,4,4,1,4,4,2,17,43,3,10,1,1,C03,7,7,1,10,2,14,,43,43,1,22,8,C03,120.674202,24.164217,2
2022,8,4,10,30,臺中市,南區,0,1,0,8,1,5,50,5,1,1,5,4,5,7,1,1,10,5,5,2,16,25,2,9,1,1,C03,7,9,1,10,2,14,,25,25,1,22,8,C03,120.660221,24.124334,2
2022,8,4,10,38,臺中市,神岡區,0,1,0,8,1,5,30,3,1,1,5,4,5,7,4,4,10,5,5,2,17,6,3,10,3,4,B12,7,5,1,7,2,1,,6,6,1,22,9,B12,120.668082,24.269898,2
2022,8,4,10,40,臺中市,清水區,0,0,0,,,,70,,,,,,,,,,,,,,,23,,,,,B12,,,1,,1,,,23,23,1,10,,B12,120.577309,24.300722,3
2022,8,4,10,41,臺中市,新社區,0,2,0,8,1,5,40,14,9,1,5,4,5,7,4,4,5,4,5,1,16,21,2,9,1,1,C03,7,1,1,10,4,11,,21,21,1,22,9,C03,120.80048,24.229783,2
2022,8,4,10,49,臺中市,東區,0,1,0,8,1,5,50,4,1,1,5,4,5,7,2,1,5,5,5,2,12,23,2,9,1,1,C03,7,5,1,10,2,14,,6,23,1,3,5,C03,120.694449,24.14635,2
2022,8,4,10,50,臺中市,大安區,0,0,0,,,,50,,,,,,,,,,,,,,,67,,,,,B12,,,1,,2,,,67,,1,3,,B12,120.60755,24.366867,3
2022,8,4,10,54,臺中市,清水區,0,0,0,8,,,30,,,,,,,,,,,,,,,6,,,,,C03,,,2,,2,,,6,,1,21,,C03,120.548873,24.275312,3
2022,8,4,11,18,臺中市,中區,0,0,0,8,,,50,,,,,,,,,,,,,,,23,,,,,B03,,,1,,2,,,23,,1,21,,B03,120.682229,24.140011,4
2022,8,4,11,18,臺中市,西區,0,0,0,8,,,30,,,,,,,,,,,,,,,17,,,,,B11,,,1,,9,,,17,17,1,21,,B11,120.661739,24.161208,3
2022,8,4,11,21,臺中市,西區,0,0,0,8,,,50,,,,,,,,,,,,,,,6,,,,,B03,,,1,,1,,,6,,1,21,,B03,120.663113,24.145515,3
2022,8,4,11,30,臺中市,北區,0,0,0,8,,,50,,,,,,,,,,,,,,,23,,,,,A11,,,1,,11,,,23,,2,10,,A11,120.675131,24.153974,3
2022,8,4,11,31,臺中市,大雅區,0,1,0,8,1,5,50,4,2,1,5,4,5,7,1,1,5,5,5,1,13,23,3,10,1,1,B03,7,9,1,8,2,1,,23,23,1,21,8,B03,120.649223,24.216178,2
2022,8,4,11,37,臺中市,北區,0,2,0,8,1,5,50,3,1,1,5,4,5,7,4,4,3,4,4,2,16,6,2,2,1,1,B03,7,6,1,8,2,7,,6,6,1,22,9,B03,120.694319,24.156295,2
2022,8,4,11,40,臺中市,北區,0,0,0,8,,,30,,,,,,,,,,,,,,,18,,,,,B03,,,1,,1,,,18,18,1,22,,B03,120.692065,24.156817,3
2022,8,4,11,41,臺中市,東區,0,2,0,8,1,5,30,4,1,1,5,4,5,7,4,4,10,5,5,2,15,6,2,9,1,1,C03,7,9,1,10,2,11,,6,6,1,22,9,C03,120.687835,24.132925,2
2022,8,4,11,47,臺中市,西區,0,1,0,8,1,5,50,3,1,1,5,4,5,7,1,1,10,5,5,2,16,6,3,10,1,1,B03,7,5,1,8,2,5,,6,6,1,22,9,B03,120.657737,24.154201,2
2022,8,4,11,53,臺中市,大里區,0,0,0,8,,,50,,,,,,,,,,,,,,,12,,,,,B12,,,1,,9,,,12,,1,5,,B12,120.679206,24.112088,3
2022,8,4,11,54,臺中市,豐原區,0,1,0,8,1,5,40,3,1,1,5,4,5,7,4,4,10,5,5,2,17,44,3,10,1,1,A12,7,9,1,3,2,4,,44,44,1,22,8,A12,120.708885,24.240575,2
2022,8,4,11,56,臺中市,太平區,0,2,0,8,1,5,50,5,1,1,5,4,5,7,1,1,10,5,5,2,16,26,2,9,1,1,C03,7,5,1,10,2,12,,26,26,1,21,8,C03,120.72101,24.11388,2
2022,8,4,11,58,臺中市,北屯區,0,0,0,8,,,50,,,,,,,,,,,,,,,7,,,,,A12,,,1,,1,,,7,,1,5,,A12,120.66834,24.199763,3
2022,8,4,12,8,臺中市,沙鹿區,0,2,0,8,1,5,50,14,7,1,5,4,5,7,4,4,9,5,4,2,17,26,2,7,2,1,F01,7,15,8,20,10,16,,26,26,1,15,8,F01,120.565593,24.243209,2
2022,8,4,12,10,臺中市,北區,0,1,0,8,1,5,50,14,9,1,5,4,5,7,4,4,5,5,5,2,13,23,3,10,1,1,B03,7,9,1,8,2,1,,23,23,1,22,8,B03,120.686548,24.161835,2
2022,8,4,12,16,臺中市,大雅區,0,2,0,8,1,5,50,14,9,1,5,4,5,7,4,4,5,5,5,1,17,43,2,6,1,1,C03,7,5,1,10,2,14,,43,43,1,22,9,C03,120.64519,24.228492,2
2022,8,4,12,18,臺中市,西屯區,0,3,0,8,1,5,50,14,9,1,5,4,5,7,4,4,1,4,5,2,2,60,2,9,3,5,H01,8,16,8,20,10,16,,60,60,1,22,8,H01,120.649866,24.166946,2
2022,8,4,12,25,臺中市,北屯區,0,2,0,8,1,5,50,4,1,1,5,4,5,7,1,1,10,5,5,2,16,6,2,9,1,1,B03,7,5,1,8,2,4,,6,6,1,21,8,B03,120.720971,24.169906,2
2022,8,4,12,43,臺中市,西區,0,1,0,8,1,5,50,4,1,1,5,4,5,7,1,1,5,5,5,2,18,23,2,9,3,4,F01,7,9,8,20,9,16,,23,23,1,21,8,F01,120.66578,24.139259,2
2022,8,4,12,48,臺中市,烏日區,0,0,0,,,,60,,,,,,,,,,,,,,,17,,,,,B03,,,3,,2,,,17,,1,9,,B03,120.647451,24.079201,3
2022,8,4,12,51,臺中市,太平區,0,2,0,8,1,5,50,14,9,1,5,4,5,7,4,4,9,5,4,2,16,6,2,9,3,4,C03,7,5,1,10,2,14,,6,6,1,19,8,C03,120.703423,24.156593,2
2022,8,4,12,55,臺中市,豐原區,0,0,0,8,,,40,,,,,,,,,,,,,,,5,,,,,C03,,,1,,2,,,5,,1,22,,C03,120.721275,24.238391,3
2022,8,4,13,16,臺中市,大雅區,0,2,0,8,1,5,30,14,9,1,5,4,5,7,4,4,10,5,5,2,13,23,2,9,4,5,F03,7,9,8,20,2,16,,23,23,1,21,8,F03,120.644627,24.227488,2
2022,8,4,13,26,臺中市,北屯區,0,0,0,8,,,30,,,,,,,,,,,,,,,23,,,,,B02,,,1,,2,,,23,,1,22,,B02,120.690403,24.171502,3
2022,8,4,13,37,臺中市,新社區,0,0,0,8,,,50,,,,,,,,,,,,,,,26,,,,,B12,,,1,,2,,,26,,1,22,,B12,120.808551,24.251205,3
2022,8,4,14,0,臺中市,北屯區,0,0,0,8,,,30,,,,,,,,,,,,,,,42,,,,,A11,,,1,,11,,,42,,1,22,,A11,120.692235,24.164435,3
2022,8,4,14,4,臺中市,太平區,0,0,0,8,,,50,,,,,,,,,,,,,,,16,,,,,B03,,,1,,2,,,16,,1,21,,B03,120.712834,24.141177,3
2022,8,4,14,6,臺中市,沙鹿區,0,0,0,8,,,50,,,,,,,,,,,,,,,42,,,,,B03,,,1,,2,,,42,,1,21,,B03,120.563995,24.244506,3
2022,8,4,14,27,臺中市,太平區,0,0,0,8,,,30,,,,,,,,,,,,,,,12,,,,,B11,,,1,,2,,,12,,1,9,,B11,120.707436,24.157026,3
2022,8,4,14,43,臺中市,北屯區,0,0,0,8,,,30,,,,,,,,,,,,,,,23,,,,,B03,,,1,,1,,,23,,1,5,,B03,120.69416,24.168836,3
2022,8,4,14,47,臺中市,北屯區,0,0,0,6,,,1,,,,,,,,,,,,,,,23,,,,,C03,,9,1,10,2,12,,23,23,1,21,8,C03,120.687607,24.171346,3
2022,8,4,14,48,臺中市,梧棲區,0,0,0,8,,,50,,,,,,,,,,,,,,,23,,,,,B03,,,1,,1,,,23,,1,5,,B03,120.528647,24.248321,3
2022,8,4,15,6,臺中市,梧棲區,0,0,0,8,,,50,,,,,,,,,,,,,,,12,,,,,B02,,,1,,1,,,12,,1,22,,B02,120.532618,24.259788,3
2022,8,4,15,9,臺中市,神岡區,0,1,0,8,1,5,50,3,1,1,5,4,5,7,1,1,5,4,4,1,15,25,2,9,1,1,C03,7,9,1,10,2,12,,25,25,1,22,8,C03,120.668248,24.257288,2
2022,8,4,15,10,臺中市,北屯區,0,0,0,8,,,50,,,,,,,,,,,,,,,23,,,,,B03,,,1,,1,,,23,23,1,5,,B03,120.688085,24.178093,3
2022,8,4,15,18,臺中市,西區,0,0,0,8,,,50,,,,,,,,,,,,,,,23,,,,,B03,,,1,,1,,,23,,1,5,,B03,120.669082,24.13256,3
2022,8,4,15,20,臺中市,西區,0,1,0,8,1,5,40,14,22,1,5,4,5,7,4,4,5,5,4,2,17,42,2,3,3,4,C03,7,9,1,10,9,14,,42,42,1,21,8,C03,120.656491,24.156079,2
2022,8,4,15,26,臺中市,西區,0,2,0,8,1,5,50,14,9,1,5,4,5,7,4,4,5,4,5,2,9,23,2,9,1,1,C03,7,9,1,10,2,11,,23,23,1,21,8,C03,120.675995,24.139001,2
2022,8,4,15,26,臺中市,北區,0,2,0,8,1,5,50,14,7,1,5,4,5,7,4,4,5,4,4,2,18,23,2,9,1,1,C03,7,9,1,10,2,12,,23,23,1,5,8,C03,120.665042,24.161162,2
2022,8,4,15,30,臺中市,南區,0,0,0,,,,50,,,,,,,,,,,,,,,23,,,,,B03,,,1,,2,,,23,,1,22,,B03,120.659927,24.110903,3
2022,8,4,15,43,臺中市,南屯區,0,1,0,8,1,5,50,4,1,1,5,4,1,7,2,1,5,5,4,2,16,6,3,10,1,1,B03,7,5,1,8,2,8,,6,6,1,4,8,B03,120.6357,24.148511,2
2022,8,4,15,44,臺中市,西區,0,2,0,8,1,5,50,14,7,1,5,4,5,7,4,4,5,5,4,2,17,19,3,10,1,1,C03,7,1,1,10,2,14,,19,19,1,5,1,C03,120.663358,24.1572,2
2022,8,4,15,51,臺中市,豐原區,0,2,0,8,1,5,30,3,1,1,5,4,5,7,1,1,8,3,4,1,10,6,3,10,1,1,B11,7,9,1,8,2,1,,6,6,1,22,5,B11,120.705637,24.252334,2
2022,8,4,16,1,臺中市,東區,0,0,0,8,,,50,,,,,,,,,,,,,,,43,,,,,,,,,,,,,43,,1,,,,120.69402,24.150493,3
2022,8,4,16,8,臺中市,南區,0,1,0,7,1,5,50,4,2,1,5,4,5,7,2,1,1,2,5,2,16,6,3,10,1,1,B03,7,6,1,7,2,5,,6,6,1,5,8,B03,120.679286,24.119037,2
2022,8,4,16,10,臺中市,北屯區,0,0,0,8,,,80,,,,,,,,,,,,,,,16,,,,,B03,,,1,,1,,,16,,1,22,,B03,120.7187,24.163843,3
2022,8,4,16,13,臺中市,北屯區,0,1,0,6,1,5,40,14,9,1,4,4,5,7,4,4,10,5,5,1,13,16,3,10,1,1,B12,7,9,1,8,2,1,,16,16,1,22,8,B12,120.71978,24.164213,2
2022,8,4,16,18,臺中市,西區,0,0,0,8,,,50,,,,,,,,,,,,,,,23,,,,,C03,,,1,,2,,,23,,1,21,,C03,120.668624,24.144398,3
2022,8,4,16,18,臺中市,神岡區,0,2,0,8,1,5,50,14,7,1,5,4,5,7,4,4,5,5,4,2,17,23,3,10,1,1,B03,7,9,1,8,2,5,,23,23,1,21,8,B03,120.657018,24.26408,2
2022,8,4,16,20,臺中市,南區,0,1,0,8,1,5,50,14,8,1,5,4,5,7,4,4,5,4,4,2,13,23,2,9,1,1,C03,7,9,1,10,2,11,,23,23,1,22,8,C03,120.661227,24.113114,2
2022,8,4,16,20,臺中市,東區,0,1,0,6,1,5,50,4,1,1,4,4,5,7,4,4,10,5,5,2,15,6,3,10,1,1,B03,7,9,1,8,2,1,,23,6,1,22,8,B03,120.708508,24.142155,2
2022,8,4,16,23,臺中市,西區,0,0,0,8,,,40,,,,,,,,,,,,,,,43,,,,,,,,,,,,,43,,1,,,,120.66086,24.158557,3
2022,8,4,16,25,臺中市,豐原區,0,0,0,,,,50,,,,,,,,,,,,,,,23,,,,,A12,,,1,,2,,,23,,1,22,,A12,120.724372,24.225924,3
2022,8,4,16,26,臺中市,大雅區,0,2,0,8,1,5,30,4,8,1,5,4,5,7,4,4,10,5,5,2,17,6,2,8,1,1,C03,7,5,1,10,2,11,,6,6,1,22,9,C03,120.655278,24.237527,2
2022,8,4,16,30,臺中市,西區,0,0,0,8,,,50,,,,,,,,,,,,,,,6,,,,,B03,,,1,,1,,,6,,1,5,,B03,120.667984,24.143946,3
2022,8,4,16,36,臺中市,大甲區,0,0,0,8,,,50,,,,,,,,,,,,,,,42,,,,,A12,,,1,,2,,,42,,1,10,,A12,120.636863,24.346883,3
2022,8,4,16,36,臺中市,神岡區,0,0,0,8,,,50,,,,,,,,,,,,,,,10,,,,,B03,,,1,,1,,,10,10,1,22,,B03,120.671983,24.255671,3
2022,8,4,16,40,臺中市,大里區,0,2,0,6,1,5,40,8,9,1,4,4,5,7,4,4,5,5,5,2,17,23,2,9,3,4,C03,7,9,3,18,6,14,,23,23,1,21,5,C03,120.709217,24.081603,2
2022,8,4,16,40,臺中市,沙鹿區,0,1,0,8,1,5,50,4,1,1,5,4,5,7,1,1,10,5,5,2,13,23,3,10,1,1,B03,7,5,1,8,2,5,,23,23,1,19,8,B03,120.55857,24.229487,2
2022,8,4,16,42,臺中市,北區,0,0,0,6,,,50,,,,,,,,,,,,,,,23,,,,,A12,,,1,,2,,,23,,1,22,,A12,120.669201,24.162841,3
2022,8,4,17,1,臺中市,北屯區,0,0,0,6,,,50,,,,,,,,,,,,,,,67,,,,,,,,,,,,,67,67,1,,,,120.669992,24.17381,3
2022,8,4,17,6,臺中市,東區,0,2,0,6,1,5,50,14,9,1,4,4,5,7,4,4,9,4,4,2,16,9,2,9,1,1,C03,7,6,1,10,2,13,14,9,9,1,3,1,C03,120.694956,24.14971,2
2022,8,4,17,11,臺中市,北屯區,0,0,0,8,,,50,,,,,,,,,,,,,,,23,,,,,B03,,,1,,1,,,23,,1,21,,B03,120.676183,24.173201,3
2022,8,4,17,16,臺中市,沙鹿區,0,0,0,8,,,50,,,,,,,,,,,,,,,19,,,,,B12,,,1,,2,,,19,,1,22,,B12,120.559954,24.206798,3
2022,8,4,17,19,臺中市,西區,0,0,0,6,,,50,,,,,,,,,,,,,,,17,,,,,C03,,,1,,1,,,17,,1,5,,C03,120.666911,24.131217,3
2022,8,4,17,21,臺中市,沙鹿區,0,1,0,8,1,5,50,4,1,1,5,4,5,7,4,4,10,5,5,2,15,6,3,10,1,1,B03,7,9,1,8,2,8,,6,6,1,21,8,B03,120.562592,24.252002,2
2022,8,4,17,23,臺中市,北屯區,0,1,0,6,2,5,50,4,2,1,4,4,5,7,4,4,1,4,5,2,13,16,2,9,1,1,C03,7,9,1,10,2,11,,16,16,1,22,8,C03,120.679691,24.172773,2
2022,8,4,17,24,臺中市,西屯區,0,0,0,6,,,50,,,,,,,,,,,,,,,23,,,,,B03,,,1,,2,,,23,,1,22,,B03,120.665006,24.172841,3
2022,8,4,17,25,臺中市,北屯區,0,0,0,,,,40,,,,,,,,,,,,,,,12,,,,,B12,,,1,,2,,,12,,1,22,,B12,120.718695,24.182398,3
2022,8,4,17,26,臺中市,東區,0,2,0,6,1,5,50,3,1,1,4,4,5,7,4,4,10,5,5,2,16,6,2,9,1,1,C03,7,5,3,18,9,12,,6,6,2,5,8,C03,120.699546,24.149565,2
2022,8,4,17,27,臺中市,神岡區,0,2,0,6,3,5,1,3,2,1,4,4,5,7,4,4,5,4,4,1,13,16,2,9,3,4,C03,7,9,1,10,2,11,,16,16,1,22,9,C03,120.673876,24.253424,2
2022,8,4,17,27,臺中市,豐原區,0,1,0,6,1,5,50,14,7,1,4,4,5,7,4,4,5,4,4,2,18,42,2,9,3,4,C03,7,9,1,10,2,14,,42,42,1,22,8,C03,120.707823,24.244321,2
2022,8,4,17,28,臺中市,北區,0,0,0,6,,,40,,,,,,,,,,,,,,,67,,,,,,,,,,,,,67,,1,,,,120.684891,24.146079,3
2022,8,4,17,30,臺中市,神岡區,0,1,0,6,1,5,50,4,1,1,4,4,5,7,1,1,1,4,4,1,16,6,3,10,1,1,B03,7,6,1,8,2,2,,6,6,1,22,8,B03,120.68426,24.246632,2
2022,8,4,17,31,臺中市,北屯區,0,1,0,6,1,5,50,14,9,1,4,4,5,7,4,4,1,4,5,2,13,23,2,9,1,1,C03,7,9,1,10,1,11,,23,23,1,22,8,C03,120.686557,24.202468,2
2022,8,4,17,34,臺中市,東區,0,0,0,,,,50,,,,,,,,,,,,,,,23,,,,,B03,,,1,,2,,,23,,1,22,,B03,120.697699,24.142808,3
2022,8,4,17,34,臺中市,霧峰區,0,0,0,8,,,80,,,,,,,,,,,,,,,6,,,,,B03,,,1,,1,,,6,6,1,22,,B03,120.686712,24.056967,3
2022,8,4,17,35,臺中市,北區,0,1,0,6,1,5,50,14,7,1,4,4,5,7,4,4,1,4,4,2,13,23,2,9,1,1,C03,7,9,1,10,2,11,,23,23,1,5,5,C03,120.69048,24.147221,2
2022,8,4,17,37,臺中市,北區,0,0,0,8,,,50,,,,,,,,,,,,,,,23,,,,,B12,,,1,,1,,,23,,1,5,,B12,120.67593,24.147157,3
2022,8,4,17,38,臺中市,大雅區,0,2,0,6,1,5,30,4,1,1,4,4,5,7,1,1,10,4,5,1,17,43,3,10,1,1,C03,7,9,1,10,9,13,,43,43,2,22,9,C03,120.644329,24.209355,2
2022,8,4,17,40,臺中市,南區,0,1,0,6,1,5,50,4,1,1,4,4,5,7,1,1,9,4,4,2,12,25,3,10,1,1,B03,7,8,1,8,2,2,,7,25,1,5,1,B03,120.675095,24.125775,2
2022,8,4,17,41,臺中市,西區,0,0,0,6,,,50,,,,,,,,,,,,,,,23,,,,,B03,,,1,8,1,,,23,23,1,5,,B03,120.663139,24.153673,3
2022,8,4,17,41,臺中市,北區,0,1,0,6,1,5,50,14,9,1,4,4,5,7,4,4,10,5,5,2,17,42,2,9,1,1,C03,7,1,1,10,2,14,,42,42,1,22,8,C03,120.679283,24.157699,2
2022,8,4,17,42,臺中市,南區,0,1,0,8,1,5,50,14,9,1,5,4,5,7,4,4,5,4,5,2,13,23,2,7,1,1,C03,7,9,1,10,2,11,,23,23,1,22,8,C03,120.653288,24.126061,2
2022,8,4,17,43,臺中市,南區,0,1,0,6,2,5,50,14,9,1,4,4,5,7,4,4,9,5,5,2,12,23,2,9,1,1,C03,7,9,1,10,2,14,,23,23,1,5,8,C03,120.653455,24.123531,2
2022,8,4,17,45,臺中市,西區,0,1,0,6,1,5,50,4,1,1,4,4,5,7,2,1,10,5,5,2,16,6,3,10,1,1,B03,7,5,1,8,2,1,,6,6,1,20,8,B03,120.658839,24.140149,2
2022,8,4,17,46,臺中市,北屯區,0,0,0,6,,,50,,,,,,,,,,,,,,,40,,,,,B03,,,1,,1,,,40,40,1,5,,B03,120.681412,24.171241,3
2022,8,4,17,52,臺中市,沙鹿區,0,1,0,7,1,5,50,14,9,1,5,4,5,7,4,4,5,4,4,2,16,10,3,10,1,1,B12,7,11,1,8,2,1,,10,10,1,5,9,B12,120.563273,24.217488,2
2022,8,4,17,56,臺中市,北區,0,0,0,8,,,50,,,,,,,,,,,,,,,23,,,,,B03,,,1,,2,,,23,,1,22,,B03,120.691711,24.159433,3
2022,8,4,17,57,臺中市,神岡區,0,0,0,6,,,50,,,,,,,,,,,,,,,19,,,,,B03,,,1,,1,,,19,,1,22,,B03,120.684161,24.246487,3
2022,8,4,18,0,臺中市,沙鹿區,0,1,0,8,1,5,50,4,2,1,5,4,5,7,4,4,4,5,4,2,16,6,3,10,1,1,C03,7,6,1,10,2,12,,6,6,1,21,8,C03,120.570737,24.229717,2
2022,8,4,18,18,臺中市,南區,0,1,0,6,3,5,50,14,9,1,4,4,5,7,4,4,9,4,5,2,18,43,2,9,1,1,C03,7,9,1,10,2,12,,43,43,1,5,1,C03,120.65731,24.13115,2
2022,8,4,18,20,臺中市,豐原區,0,1,0,6,3,5,60,14,9,1,4,4,5,7,4,4,1,4,5,1,18,42,2,9,3,4,C03,7,9,1,10,2,12,,42,42,1,22,8,C03,120.725722,24.261283,2
2022,8,4,18,21,臺中市,北區,0,1,0,6,1,5,50,4,1,1,4,4,5,7,1,1,1,4,4,2,18,23,2,9,1,1,C03,7,9,1,10,2,14,,23,23,1,5,5,C03,120.686725,24.165283,2
2022,8,4,18,21,臺中市,北屯區,0,0,0,6,,,50,,,,,,,,,,,,,,,23,,,,,B03,,,1,,2,,,23,,1,21,,B03,120.68753,24.171528,3
2022,8,4,18,23,臺中市,大甲區,0,2,0,8,1,5,50,3,2,1,5,4,5,7,4,4,10,5,5,2,17,23,2,8,1,1,C03,7,5,1,10,2,11,14,23,23,1,18,8,C03,120.618055,24.408821,2
2022,8,4,18,24,臺中市,北屯區,0,1,0,6,3,5,50,3,1,1,4,4,5,7,1,1,10,5,5,2,18,23,2,9,3,4,C03,7,9,1,10,2,15,,23,23,1,21,8,C03,120.68991,24.20085,2
2022,8,4,18,28,臺中市,神岡區,0,0,0,6,,,50,,,,,,,,,,,,,,,23,,,,,C03,,,1,,1,,,23,,1,22,,C03,120.689424,24.258012,3
2022,8,4,18,34,臺中市,西區,0,1,0,6,2,5,50,4,1,1,4,4,5,7,1,1,10,5,5,2,16,8,2,8,1,1,C03,7,5,1,10,2,14,,8,8,1,5,8,C03,120.675763,24.138754,2
2022,8,4,18,39,臺中市,豐原區,0,0,0,,,,50,,,,,,,,,,,,,,,17,,,,,B03,,,1,,2,,,17,17,1,22,,B03,120.713105,24.251013,3
2022,8,4,18,40,臺中市,大里區,0,1,0,6,3,5,50,3,1,1,4,4,5,7,4,4,10,5,5,2,11,6,3,10,1,1,B03,7,5,1,8,2,6,,6,6,1,21,8,B03,120.694498,24.110617,2
2022,8,4,18,41,臺中市,南區,0,1,0,6,2,5,40,14,7,1,4,4,5,7,4,4,9,5,4,2,16,10,3,10,1,1,B03,7,11,1,8,2,5,,10,10,1,5,8,B03,120.648341,24.118765,2
2022,8,4,18,42,臺中市,豐原區,0,0,0,,,,50,,,,,,,,,,,,,,,26,,,,,B03,,,1,,2,,,26,,1,22,,B03,120.728828,24.257201,3
2022,8,4,18,45,臺中市,西區,0,0,0,6,,,50,,,,,,,,,,,,,,,23,,,,,B03,,,1,,1,,,23,,1,5,,B03,120.661494,24.154495,3
2022,8,4,18,48,臺中市,北區,0,0,0,8,,,50,,,,,,,,,,,,,,,23,,,,,B12,,,1,,1,,,23,,1,5,,B12,120.684112,24.147232,3
2022,8,4,18,50,臺中市,神岡區,0,1,0,6,3,5,40,14,9,1,4,4,4,7,4,4,5,5,5,2,18,42,2,9,3,4,C03,7,9,1,10,2,12,,42,42,1,22,9,C03,120.657592,24.271295,2
2022,8,4,18,51,臺中市,太平區,0,1,0,6,3,5,50,14,9,1,4,4,5,7,4,4,10,5,5,2,16,19,3,10,1,1,B03,7,1,1,8,2,8,,19,19,1,21,8,B03,120.717522,24.128262,2
2022,8,4,18,54,臺中市,烏日區,0,0,0,,,,50,,,,,,,,,,,,,,,7,,,,,B01,,,1,,2,,,7,,1,21,,B01,120.61642,24.112613,3
2022,8,4,18,56,臺中市,南區,0,2,0,6,3,5,50,4,1,1,4,4,5,7,4,4,10,5,5,2,15,6,2,9,1,1,C04,7,9,1,10,2,12,,6,6,1,22,8,C04,120.682647,24.133119,2