年,月,日,時,分,縣市,區,死,受傷,2-30,天候,光線,道路類別,速限,道路型態,事故位置,路面鋪裝,路面狀態,路面缺陷,障礙物,視距,號誌種類,號誌動作,分向設施,快車道或一般車道間,快慢車道間,路面邊線,事故類型及型態,主要肇因,受傷程度,主要傷處,保護裝備,行動電話,當事者區分,車輛用途,當事者行動狀態,駕駛資格情形,駕駛執照種類,飲酒情形,車輛撞擊部位最初,車輛撞擊部位其他,肇事因素個別,肇事因素主要,肇事逃逸,職業,旅次目的,車種,GPS緯度,GPS經度,事故類別
2022,8,4,19,1,臺中市,神岡區,0,0,0,6,,,50,,,,,,,,,,,,,,,23,,,,,B03,,,1,,2,,,23,,1,22,,B03,120.693565,24.237142,3
2022,8,4,19,9,臺中市,南區,0,2,0,1,3,5,50,4,1,1,4,4,5,7,1,1,9,4,4,2,16,8,3,10,1,1,B03,7,5,1,8,2,2,,8,8,1,5,1,B03,120.653472,24.12275,2
2022,8,4,19,12,臺中市,東區,0,1,0,6,2,5,50,4,1,1,4,4,5,7,1,1,10,5,5,2,18,23,2,8,1,1,C03,7,9,1,10,2,12,,23,23,1,18,8,C03,120.7012,24.14271,2
2022,8,4,19,14,臺中市,南區,0,1,0,6,3,5,50,4,1,1,4,4,5,7,1,1,10,5,5,2,15,44,3,10,1,1,C03,7,9,1,10,2,14,,44,44,1,22,8,C03,120.665886,24.123352,2
2022,8,4,19,15,臺中市,潭子區,0,0,0,6,3,5,50,4,1,1,4,4,5,7,1,1,1,4,5,2,16,19,,,,,C03,,,1,,2,,,19,,1,22,,C03,120.718121,24.197412,3
2022,8,4,19,24,臺中市,北屯區,0,0,0,6,,,50,,,,,,,,,,,,,,,23,,,,,B03,,,1,,1,,,23,,1,22,,B03,120.685548,24.172185,3
2022,8,4,19,29,臺中市,西區,0,0,0,6,,,50,,,,,,,,,,,,,,,6,,,,,B03,,,1,4,1,,,6,6,1,10,,B03,120.661678,24.136547,3
2022,8,4,19,42,臺中市,南區,0,1,0,6,3,5,50,14,9,1,4,4,5,7,4,4,10,4,5,2,12,9,3,10,1,1,B03,7,6,1,8,2,2,,9,9,1,5,1,B03,120.646736,24.112411,2
2022,8,4,19,45,臺中市,太平區,0,3,0,6,3,5,50,3,1,1,4,4,5,7,4,4,10,5,5,2,9,23,3,10,1,1,B03,7,6,1,8,2,5,,23,23,1,21,8,B03,120.734305,24.149451,2
2022,8,4,19,46,臺中市,中區,0,1,0,6,4,5,50,4,1,1,4,4,5,7,2,1,10,5,5,2,3,15,3,10,1,1,B03,7,5,1,8,2,1,,15,15,1,20,8,B03,120.678757,24.141681,2
2022,8,4,19,48,臺中市,潭子區,0,2,0,6,3,5,30,3,2,1,4,4,5,7,4,4,10,5,5,2,16,6,2,9,1,1,F03,7,5,8,20,2,16,,6,6,1,22,9,F03,120.703668,24.220673,2
2022,8,4,19,49,臺中市,豐原區,0,1,0,6,3,5,50,14,8,1,4,4,5,7,4,4,8,3,4,1,17,11,3,10,3,4,F01,7,11,8,20,2,16,,11,11,1,22,8,F01,120.7333,24.257611,2
2022,8,4,20,0,臺中市,中區,0,1,0,6,3,5,50,14,9,1,4,4,5,7,4,4,5,4,5,2,12,26,3,10,1,1,B03,7,5,1,8,2,4,,26,26,1,5,8,B03,120.681277,24.145101,2
2022,8,4,20,0,臺中市,清水區,0,0,0,6,3,5,30,14,9,1,4,4,5,7,3,1,1,4,4,2,13,23,3,10,1,1,C03,7,6,1,10,1,11,,23,23,1,5,8,C03,120.557401,24.269311,3
2022,8,4,20,1,臺中市,北屯區,0,0,0,6,,,30,,,,,,,,,,,,,,,23,,,,,B03,,,1,,11,,,23,,1,22,,B03,120.699111,24.163536,3
2022,8,4,20,3,臺中市,北屯區,0,1,0,6,3,5,30,4,1,1,4,4,5,7,4,4,10,5,5,2,15,6,3,10,1,1,B03,7,9,1,8,2,1,,6,6,1,21,8,B03,120.680488,24.180355,2
2022,8,4,20,18,臺中市,北區,0,1,0,6,3,5,50,4,1,1,4,4,5,7,1,1,10,5,5,2,16,9,2,9,1,1,C03,7,6,1,10,2,12,13,9,9,1,22,8,C03,120.674507,24.162862,2
2022,8,4,20,22,臺中市,北屯區,0,0,0,6,,,50,,,,,,,,,,,,,,,1,,,,,B03,,,1,,2,,,1,,1,22,,B03,120.714411,24.173784,3
2022,8,4,20,22,臺中市,沙鹿區,0,1,0,6,3,5,50,3,1,1,4,4,5,7,4,4,5,4,5,1,15,6,2,9,1,1,F03,7,15,8,20,2,16,,6,6,1,22,8,F03,120.560512,24.237921,2
2022,8,4,20,29,臺中市,北區,0,1,0,6,3,5,50,4,1,1,4,4,5,7,2,1,10,5,5,2,12,17,2,9,1,1,C03,7,9,1,10,2,12,,17,17,1,4,8,C03,120.673134,24.166892,2
2022,8,4,20,30,臺中市,中區,0,1,0,6,3,5,50,4,2,1,4,4,5,7,1,1,10,5,5,2,17,23,3,10,1,1,B12,7,14,1,8,1,1,,23,23,1,5,1,B12,120.677967,24.143787,2
2022,8,4,20,32,臺中市,南區,0,1,0,7,3,5,50,4,1,1,4,4,5,7,4,4,10,5,5,2,15,6,2,4,1,1,B03,7,9,1,8,2,2,,6,6,1,5,8,B03,120.673111,24.127394,2
2022,8,4,20,36,臺中市,北屯區,0,2,0,6,3,5,50,3,1,1,4,4,5,7,1,1,5,2,5,2,15,25,2,9,1,1,C03,7,9,1,10,2,11,,25,25,1,22,8,C03,120.714946,24.174145,2
2022,8,4,20,37,臺中市,沙鹿區,0,2,0,6,3,5,50,4,1,1,4,4,5,7,4,4,10,5,5,2,3,53,2,9,1,1,C03,7,9,1,10,2,11,,23,53,1,21,8,C03,120.561,24.241745,2
2022,8,4,20,55,臺中市,豐原區,0,1,0,6,3,5,30,4,9,1,4,4,5,7,1,1,10,5,5,2,16,44,3,10,3,4,B03,7,5,1,8,2,1,,44,44,1,22,8,B03,120.710237,24.247652,2
2022,8,4,21,5,臺中市,大里區,0,2,0,6,3,5,50,4,1,1,4,4,5,7,1,1,10,5,5,2,3,23,2,9,4,5,H01,8,16,8,20,10,16,,52,23,1,22,8,H01,120.69671,24.085481,2
2022,8,4,21,17,臺中市,北區,0,2,0,6,3,5,50,14,8,1,4,4,5,7,4,4,1,4,4,2,13,23,2,9,1,1,C03,7,9,1,10,1,11,,23,23,1,5,8,C03,120.675799,24.15971,2
2022,8,4,21,18,臺中市,北區,0,1,0,8,3,5,50,14,7,1,4,4,5,7,4,4,1,4,4,2,13,23,3,10,1,1,B03,7,9,4,10,2,1,,23,23,1,22,8,B03,120.684805,24.160628,2
2022,8,4,21,33,臺中市,北屯區,0,0,0,6,,,50,,,,,,,,,,,,,,,16,,,,,B03,,,1,,1,,,16,,1,21,,B03,120.687163,24.184731,3
2022,8,4,21,46,臺中市,北屯區,0,1,0,7,3,5,50,4,1,1,4,4,5,7,2,1,10,5,5,2,11,8,3,10,1,1,B03,7,5,1,8,2,5,,8,8,1,5,8,B03,120.728425,24.17142,2
2022,8,4,22,28,臺中市,南區,0,1,0,6,3,5,50,14,9,1,4,4,5,7,4,4,9,4,4,2,18,43,2,9,1,1,C04,7,9,1,10,2,12,14,43,43,1,5,1,C04,120.649977,24.115683,2
2022,8,4,22,35,臺中市,神岡區,0,0,0,8,,,30,,,,,,,,,,,,,,,23,,,,,F02,,,8,,1,,,23,,1,22,,F02,120.656896,24.25729,4
2022,8,4,22,55,臺中市,潭子區,0,1,0,6,3,5,50,4,1,1,4,4,5,7,3,1,5,4,4,2,16,6,3,10,1,1,B03,7,9,1,8,2,1,,6,6,1,22,9,B03,120.710912,24.229731,2
2022,8,4,23,55,臺中市,太平區,0,0,0,8,,,50,,,,,,,,,,,,,,,42,,,,,B03,,,1,,2,,,42,,1,21,,B03,120.723207,24.131922,3
2022,8,5,2,35,臺中市,西屯區,0,2,0,8,3,5,30,4,1,1,5,4,3,5,3,1,10,5,5,2,15,6,3,10,1,1,C04,7,9,1,10,2,14,,6,6,1,22,8,C04,120.642581,24.174888,2
2022,8,5,4,0,臺中市,南區,0,0,0,8,,,30,,,,,,,,,,,,,,,12,,,,,B03,,,1,,9,,,12,,1,22,,B03,120.671289,24.117558,3
2022,8,5,4,23,臺中市,北區,0,1,0,8,3,5,50,14,9,1,5,4,5,7,4,4,2,4,5,2,16,23,2,9,1,1,C03,7,9,1,10,2,11,,23,23,1,22,8,C03,120.68696,24.155466,2
2022,8,5,6,25,臺中市,沙鹿區,0,1,0,8,1,5,50,14,8,1,5,4,5,7,4,4,1,4,4,2,16,42,2,9,1,1,C03,7,9,1,10,2,11,,44,42,1,21,8,C03,120.560732,24.209458,2
2022,8,5,6,27,臺中市,潭子區,0,2,0,8,2,5,50,14,7,1,5,4,5,7,4,4,5,4,4,2,13,16,2,1,1,1,C03,7,9,1,10,2,11,,16,16,1,22,8,C03,120.692053,24.219158,2
2022,8,5,6,47,臺中市,東區,0,1,0,8,1,5,50,4,1,1,5,4,5,7,1,1,10,5,5,2,16,42,3,10,1,1,B03,7,6,1,8,2,5,,42,42,1,22,8,B03,120.690352,24.126401,2
2022,8,5,6,50,臺中市,北區,0,0,0,8,,,50,,,,,,,,,,,,,,,19,,,,,B12,,,1,,1,,,19,,1,5,,B12,120.674118,24.173259,3
2022,8,5,7,15,臺中市,潭子區,0,0,0,8,,,60,,,,,,,,,,,,,,,16,,,,,B03,,,1,,2,,,16,,1,22,,B03,120.689643,24.220408,3
2022,8,5,7,15,臺中市,神岡區,0,1,0,8,1,5,30,13,9,1,5,4,5,7,4,4,10,5,5,2,18,42,2,9,3,4,C03,7,12,1,10,2,12,,42,42,1,22,9,C03,120.700879,24.254694,2
2022,8,5,7,19,臺中市,清水區,0,1,0,8,1,5,50,4,1,1,5,4,5,7,4,4,10,5,5,2,15,6,2,9,1,1,C03,7,9,1,10,2,11,,6,6,1,5,5,C03,120.547504,24.264843,2
2022,8,5,7,20,臺中市,南區,0,0,0,8,1,5,40,4,2,1,5,4,5,7,1,1,10,5,5,2,12,17,3,10,1,1,C03,7,6,1,10,2,14,,17,17,1,5,8,C03,120.681121,24.127813,3
2022,8,5,7,25,臺中市,石岡區,0,0,0,8,,,30,,,,,,,,,,,,,,,6,,,,,B03,,,1,,2,,,6,,1,22,,B03,120.792443,24.274066,3
2022,8,5,7,26,臺中市,南區,0,0,0,8,,,50,,,,,,,,,,,,,,,23,,,,,B12,,,1,,2,,,23,,1,4,,B12,120.6692,24.129808,3
2022,8,5,7,31,臺中市,南區,0,1,0,8,1,5,50,4,1,1,5,4,5,7,1,1,10,5,5,2,16,3,3,10,1,1,C03,7,6,1,10,2,12,,3,3,1,22,9,C03,120.655185,24.115513,2
2022,8,5,7,33,臺中市,北屯區,0,0,0,8,,,30,,,,,,,,,,,,,,,23,,,,,B12,,,1,,11,,,23,,1,21,,B12,120.701928,24.166501,3
2022,8,5,7,37,臺中市,大肚區,0,1,0,8,1,5,50,4,1,1,5,4,5,7,2,1,10,5,5,2,16,8,2,7,1,1,C03,7,5,1,10,2,14,,8,8,1,12,1,C03,120.544333,24.154326,2
2022,8,5,7,40,臺中市,東區,0,1,0,8,1,5,50,14,9,1,5,4,5,7,4,4,10,5,5,2,18,23,2,9,1,1,C03,7,9,1,10,2,14,,23,23,1,5,8,C03,120.69983,24.128126,2
2022,8,5,7,40,臺中市,太平區,0,0,0,8,,,50,,,,,,,,,,,,,,,16,,,,,B03,,,1,,2,,,16,,1,5,,B03,120.710687,24.140888,3
2022,8,5,7,45,臺中市,大肚區,0,0,0,,,,50,,,,,,,,,,,,,,,16,,,,,C03,,,1,,2,,,16,16,1,21,,C03,120.579941,24.171162,3
2022,8,5,7,45,臺中市,神岡區,0,1,0,8,1,5,50,14,9,1,5,4,5,7,4,4,1,4,5,1,17,19,3,10,1,1,B03,7,1,1,8,2,7,,19,19,1,12,8,B03,120.685991,24.246932,2
2022,8,5,7,46,臺中市,梧棲區,0,1,0,8,1,5,40,4,1,1,5,4,5,7,4,4,10,5,5,1,15,6,2,9,1,1,C03,7,9,1,10,2,11,,6,6,1,4,8,C03,120.55639,24.258797,2
2022,8,5,7,55,臺中市,大肚區,0,1,0,8,1,5,50,11,9,1,5,4,5,7,4,4,4,5,5,2,18,23,2,8,1,1,C03,7,9,1,10,2,12,,23,23,1,4,8,C03,120.562613,24.153486,2
2022,8,5,8,0,臺中市,北區,0,1,0,8,1,5,50,4,1,1,5,4,5,7,1,1,10,5,5,2,17,23,2,9,1,1,C03,7,9,1,10,2,11,,23,23,1,22,8,C03,120.674507,24.162862,2
2022,8,5,8,2,臺中市,神岡區,0,0,0,8,,,30,,,,,,,,,,,,,,,12,,,,,A11,,,1,,2,,,12,,1,22,,A11,120.692018,24.247175,3
2022,8,5,8,3,臺中市,大雅區,0,0,0,8,,,50,,,,,,,,,,,,,,,43,,,,,B03,,,1,,2,,,43,,1,22,,B03,120.627087,24.241627,3
2022,8,5,8,5,臺中市,大肚區,0,1,0,8,1,5,50,3,1,1,5,4,5,7,4,4,10,5,5,2,16,23,3,10,1,1,B03,7,5,1,8,2,1,,23,23,1,9,8,B03,120.548504,24.148398,2
2022,8,5,8,7,臺中市,潭子區,0,1,0,8,1,5,60,14,8,1,5,4,5,7,1,1,3,4,4,1,18,23,2,9,1,1,C03,7,9,4,11,2,12,,23,23,1,22,8,C03,120.705195,24.211765,2
2022,8,5,8,12,臺中市,沙鹿區,0,0,0,8,,,50,,,,,,,,,,,,,,,23,,,,,B03,,,1,,2,,,23,,1,4,,B03,120.565566,24.243317,3
2022,8,5,8,15,臺中市,龍井區,0,0,0,8,,,60,,,,,,,,,,,,,,,17,,,,,B03,,,1,,2,,,17,,1,21,,B03,120.581758,24.175784,3
2022,8,5,8,16,臺中市,西區,0,1,0,8,1,5,50,4,1,1,5,4,5,7,2,1,10,5,5,2,13,23,2,9,1,1,C03,7,9,1,10,2,11,,23,23,1,21,8,C03,120.667738,24.130959,2
2022,8,5,8,19,臺中市,太平區,0,2,0,8,1,5,30,4,1,1,5,4,5,7,4,4,10,5,5,2,15,6,2,9,1,1,C03,7,9,1,10,1,11,,6,6,1,21,8,C03,120.720885,24.115148,2
2022,8,5,8,20,臺中市,潭子區,0,0,0,8,,,50,,,,,,,,,,,,,,,23,,,,,B03,,,1,,2,,,23,,1,22,,B03,120.703152,24.198077,3
2022,8,5,8,24,臺中市,北屯區,0,2,0,8,1,5,50,5,1,1,5,4,5,7,2,1,5,2,5,2,16,23,2,9,1,1,C03,7,6,1,10,2,14,,23,23,1,22,8,C03,120.68624,24.188258,2
2022,8,5,8,28,臺中市,東區,0,0,0,,,,50,,,,,,,,,,,,,,,19,,,,,B03,,,1,,2,,,19,,1,22,,B03,120.655421,24.115071,3
2022,8,5,8,30,臺中市,神岡區,0,2,0,8,1,5,50,4,1,1,5,4,5,7,1,1,5,4,4,2,17,42,2,9,1,1,C03,7,11,1,10,2,12,,42,42,1,12,8,C03,120.697084,24.257062,2
2022,8,5,8,34,臺中市,北區,0,1,0,8,1,5,50,14,7,1,5,4,5,7,4,4,9,5,5,2,27,23,2,9,1,1,C03,7,9,4,8,2,11,,23,23,1,22,8,C03,120.697906,24.153501,2
2022,8,5,8,37,臺中市,北區,0,1,0,8,1,5,50,3,1,1,5,4,5,7,4,4,10,4,4,2,13,23,3,10,1,1,B03,7,9,1,8,2,1,,23,23,1,22,9,B03,120.668876,24.170019,2
2022,8,5,8,40,臺中市,沙鹿區,0,1,0,8,1,5,50,3,1,1,5,4,5,7,4,4,10,5,5,2,3,23,3,10,1,1,C03,7,9,1,10,2,11,,23,23,1,9,1,C03,120.557131,24.23333,2
2022,8,5,8,42,臺中市,烏日區,0,0,0,,,,60,,,,,,,,,,,,,,,7,,,,,B03,,,3,,2,,,7,,1,22,,B03,120.641004,24.108612,3
2022,8,5,8,44,臺中市,太平區,0,2,0,8,1,5,40,5,1,1,5,4,5,7,2,1,10,5,5,2,16,19,2,9,1,1,C03,7,1,1,10,1,11,,19,19,1,5,6,C03,120.714687,24.110436,2
2022,8,5,8,48,臺中市,清水區,0,2,0,8,1,5,50,4,1,1,5,4,5,7,1,3,10,5,5,2,15,6,2,5,1,1,B03,7,9,1,8,2,1,,6,6,1,5,5,B03,120.542348,24.267891,2
2022,8,5,8,53,臺中市,豐原區,0,1,0,8,1,5,30,3,1,1,5,4,5,7,1,1,8,1,4,1,15,25,2,9,1,1,C03,7,9,1,10,2,14,,25,25,1,22,5,C03,120.72397,24.221838,2
2022,8,5,8,58,臺中市,神岡區,0,1,0,8,1,5,50,4,1,1,5,4,5,7,2,1,4,4,4,2,15,25,3,10,1,1,B03,7,9,1,8,2,1,,25,25,1,22,8,B03,120.680927,24.247635,2
2022,8,5,9,10,臺中市,大里區,0,0,0,8,,,60,,,,,,,,,,,,,,,42,,,,,B03,,,1,,1,,,42,,1,21,,B03,120.67809,24.103823,3
2022,8,5,9,12,臺中市,龍井區,0,0,0,8,,,40,,,,,,,,,,,,,,,19,,,,,C03,,,1,,2,,,19,19,1,21,,C03,120.582222,24.171666,3
2022,8,5,9,14,臺中市,潭子區,0,2,0,8,1,5,40,14,9,1,5,4,5,7,4,4,10,5,5,2,17,12,3,10,1,1,B02,7,2,1,8,2,15,,12,12,1,22,8,B02,120.704776,24.209583,2
2022,8,5,9,14,臺中市,太平區,0,0,0,8,,,40,,,,,,,,,,,,,,,26,,,,,B03,,,1,,2,,,26,,1,22,,B03,120.709887,24.134891,3
2022,8,5,9,20,臺中市,沙鹿區,0,0,0,8,,,60,,,,,,,,,,,,,,,25,,,,,B03,,,1,,2,,,25,,1,19,,B03,120.581421,24.209662,3
2022,8,5,9,20,臺中市,神岡區,0,1,0,8,1,5,30,4,1,1,5,4,5,7,4,4,10,5,5,2,17,6,2,9,1,1,C03,7,9,1,10,2,12,,6,6,1,12,8,C03,120.685725,24.251438,2
2022,8,5,9,24,臺中市,北區,0,1,0,8,1,5,50,14,9,1,5,4,5,7,4,4,1,4,5,2,13,23,2,9,1,1,C03,7,9,1,10,2,11,,23,23,1,22,8,C03,120.669743,24.173315,2
2022,8,5,9,33,臺中市,北區,0,0,0,8,,,30,,,,,,,,,,,,,,,17,,,,,B03,,,1,,11,,,17,,1,22,,B03,120.687408,24.162564,3
2022,8,5,9,35,臺中市,北屯區,0,1,0,8,1,5,30,14,20,1,5,4,5,7,4,4,1,4,5,2,12,26,2,9,1,1,C03,7,9,1,10,2,14,,26,26,1,22,8,C03,120.688528,24.171961,2
2022,8,5,9,50,臺中市,大雅區,0,1,0,8,1,5,30,3,1,1,5,4,5,7,4,4,10,5,5,2,16,6,2,8,1,1,C03,7,5,1,10,2,14,,6,6,1,22,9,C03,120.655507,24.233013,2
2022,8,5,9,50,臺中市,北區,0,1,0,8,1,5,50,4,1,1,5,4,5,7,4,4,10,5,5,2,15,6,3,10,1,1,C03,7,9,1,10,2,15,,6,6,1,22,8,C03,120.679961,24.161631,2
2022,8,5,10,8,臺中市,北區,0,0,0,8,,,50,,,,,,,,,,,,,,,67,,,,,,,,,,,,,67,,1,,,,120.683326,24.157764,3
2022,8,5,10,10,臺中市,北區,0,1,0,8,1,5,50,4,1,1,5,4,5,7,1,1,10,5,5,2,3,15,3,10,1,1,B12,7,5,1,7,2,4,,15,15,1,10,8,B12,120.66474,24.161292,2
2022,8,5,10,10,臺中市,西屯區,0,1,0,8,1,5,50,14,9,1,5,4,5,7,4,4,1,4,5,1,16,17,2,7,1,4,B03,7,9,1,8,1,4,,17,17,1,4,8,B03,120.658811,24.201055,2
2022,8,5,10,14,臺中市,西區,0,3,0,8,1,5,50,3,2,1,5,4,5,7,1,1,10,5,5,2,17,23,2,7,3,4,C03,7,9,1,10,2,11,,23,23,1,21,8,C03,120.664219,24.140161,2
2022,8,5,10,15,臺中市,梧棲區,0,1,0,8,1,5,40,3,1,1,5,4,5,7,4,4,10,5,5,2,16,6,3,10,1,1,B12,7,10,1,8,11,4,,6,6,1,10,8,B12,120.51278,24.226924,2
2022,8,5,10,20,臺中市,神岡區,0,1,0,8,1,5,50,4,2,1,5,4,5,7,1,1,5,4,5,2,17,42,3,10,1,1,B12,7,2,1,8,2,3,,42,42,1,20,8,B12,120.689391,24.257879,2
2022,8,5,10,22,臺中市,北區,0,3,0,8,1,5,50,4,1,1,5,4,5,7,4,4,10,5,5,2,15,6,2,7,1,1,C03,7,9,1,10,2,11,,6,6,1,22,9,C03,120.670027,24.167421,2
2022,8,5,10,32,臺中市,豐原區,0,0,0,8,,,50,,,,,,,,,,,,,,,16,,,,,C03,,,1,,2,,,16,16,1,22,,C03,120.71383,24.253823,3
2022,8,5,10,39,臺中市,西區,0,1,0,8,1,5,50,4,1,1,5,4,5,7,1,1,10,5,5,2,17,25,3,10,1,1,B01,7,11,1,4,2,1,,44,25,1,10,4,B01,120.66168,24.145543,2
2022,8,5,10,41,臺中市,北屯區,0,1,0,8,1,5,50,5,1,1,5,4,5,7,1,1,10,5,5,2,16,6,3,10,1,1,B03,7,6,1,8,2,2,,6,6,1,20,8,B03,120.686385,24.188202,2
2022,8,5,10,45,臺中市,東區,0,2,0,8,1,5,50,4,2,1,5,4,5,7,2,1,5,4,4,2,12,7,2,9,1,1,C03,7,10,1,10,2,13,,7,7,1,3,5,C03,120.698031,24.147951,2
2022,8,5,10,50,臺中市,西區,0,0,0,8,,,50,,,,,,,,,,,,,,,6,,,,,B03,,,1,,1,,,6,,1,21,,B03,120.660833,24.156289,3
2022,8,5,10,52,臺中市,西區,0,0,0,8,,,50,,,,,,,,,,,,,,,23,,,,,B03,,,1,,2,,,23,,1,21,,B03,120.661733,24.135524,3
2022,8,5,10,53,臺中市,神岡區,0,0,0,8,,,50,,,,,,,,,,,,,,,12,,,,,A31,,,1,,2,,,12,12,1,22,,A31,120.683324,24.27696,3
2022,8,5,10,57,臺中市,神岡區,0,1,0,8,1,5,50,14,9,1,5,4,5,7,4,4,5,4,5,1,17,26,2,9,1,1,C03,7,11,1,10,2,12,,26,26,1,12,8,C03,120.695475,24.247198,2
2022,8,5,10,59,臺中市,北區,0,2,0,8,1,5,50,14,9,1,5,4,5,7,4,4,3,4,5,2,17,1,2,9,1,1,C03,7,9,1,10,2,11,,1,1,1,22,8,C03,120.692245,24.160971,2
2022,8,5,11,0,臺中市,北屯區,0,0,0,8,,,50,,,,,,,,,,,,,,,23,,,,,B03,,,1,,2,,,23,,1,5,,B03,120.668456,24.19308,3
2022,8,5,11,4,臺中市,豐原區,0,1,0,8,1,5,50,4,1,1,5,4,5,7,4,4,10,5,5,2,17,6,3,10,1,1,B03,7,9,1,8,2,1,,6,6,1,22,8,B03,120.71569,24.249221,2
2022,8,5,11,7,臺中市,新社區,0,0,0,,,,30,,,,,,,,,,,,,,,19,,,,,B03,,,1,,2,,,23,19,1,22,,B03,120.821271,24.20695,3
2022,8,5,11,11,臺中市,潭子區,0,1,0,8,1,5,50,3,2,1,5,4,5,7,4,4,1,3,4,1,16,6,3,10,1,1,B03,7,6,1,8,2,6,,6,6,1,22,9,B03,120.70434,24.215646,2
2022,8,5,11,19,臺中市,北屯區,0,1,0,8,1,5,50,4,1,1,5,4,5,7,1,1,1,2,4,2,13,16,2,9,1,1,C03,7,9,1,10,2,11,,16,16,1,22,8,C03,120.68579,24.177418,2
2022,8,5,11,21,臺中市,北區,0,0,0,,,,30,,,,,,,,,,,,,,,6,,,,,C03,,,1,,2,,,6,,1,22,,C03,120.697332,24.153648,3
2022,8,5,11,25,臺中市,北區,0,1,0,8,1,5,50,4,1,1,5,4,5,7,4,4,10,5,5,2,17,10,3,10,1,1,B03,7,11,1,8,2,8,,10,10,1,22,8,B03,120.672068,24.167413,2
2022,8,5,11,26,臺中市,北區,0,1,0,8,1,5,50,4,1,1,5,4,5,7,1,1,10,5,5,2,16,25,3,10,1,1,B03,7,9,1,8,2,1,,25,25,1,22,8,B03,120.682617,24.153271,2
2022,8,5,11,28,臺中市,北屯區,0,1,0,8,1,5,50,14,9,1,5,4,5,7,4,4,4,3,5,2,12,1,3,10,1,1,B03,7,4,1,8,2,6,,1,1,1,21,8,B03,120.748231,24.197603,2
2022,8,5,11,30,臺中市,西區,0,1,0,8,1,5,50,3,1,1,5,4,5,7,4,4,10,5,5,2,17,19,3,10,1,1,B03,7,1,1,8,2,5,,19,19,1,4,1,B03,120.664469,24.13764,2
2022,8,5,11,33,臺中市,豐原區,0,0,0,8,,,50,,,,,,,,,,,,,,,16,,,,,B12,,,1,,2,,,16,16,1,22,,B12,120.70319,24.249643,3
2022,8,5,11,37,臺中市,西區,0,0,0,8,,,50,,,,,,,,,,,,,,,23,,,,,B03,,,1,,1,,,23,,1,21,,B03,120.664757,24.150731,4
2022,8,5,11,54,臺中市,神岡區,0,1,0,8,1,5,30,14,9,1,5,4,5,7,4,4,10,5,5,2,14,12,3,10,1,1,B12,7,2,1,8,2,3,,12,12,1,22,8,B12,120.69538,24.245701,2
2022,8,5,11,57,臺中市,東區,0,0,0,,,,50,,,,,,,,,,,,,,,6,,,,,C03,,,1,,2,,,6,,1,22,,C03,120.683001,24.135205,3
2022,8,5,11,59,臺中市,大肚區,0,2,0,8,1,5,50,14,9,1,5,4,5,7,4,4,9,4,5,2,12,11,2,7,1,1,C03,7,11,1,10,2,11,,11,11,1,19,8,C03,120.551083,24.146603,2
2022,8,5,12,0,臺中市,大雅區,0,1,0,8,1,5,50,3,1,1,5,4,5,7,4,4,9,4,5,1,17,23,3,10,1,1,C03,7,9,1,10,2,11,,23,23,1,22,9,C03,120.647435,24.229275,2
2022,8,5,12,9,臺中市,大肚區,0,0,0,,,,50,,,,,,,,,,,,,,,18,,,,,B03,,,1,,2,,,18,,1,21,,B03,120.545983,24.149105,3
2022,8,5,12,25,臺中市,大里區,1,1,0,8,1,5,50,4,1,1,5,4,5,7,1,1,10,5,5,2,13,45,3,10,1,1,B03,7,9,1,8,2,1,,45,45,1,20,8,B03,120.68656,24.095602,1
2022,8,5,12,26,臺中市,大肚區,0,0,0,,,,50,,,,,,,,,,,,,,,18,,,,,B12,,,1,,2,,,18,,1,21,,B12,120.552043,24.136435,3
2022,8,5,12,28,臺中市,北區,0,1,0,8,1,5,50,4,1,1,5,4,5,7,1,1,10,5,5,2,15,25,3,10,1,1,B03,7,9,1,8,2,2,,25,25,1,22,9,B03,120.677005,24.165436,2
2022,8,5,12,30,臺中市,潭子區,0,1,0,8,1,5,50,4,2,1,5,4,5,7,1,1,8,3,5,1,29,43,2,9,1,1,C03,7,9,1,10,2,14,,43,43,1,22,8,C03,120.70062,24.213452,2
2022,8,5,12,30,臺中市,大甲區,0,1,0,8,1,5,50,14,9,1,5,4,5,7,4,4,5,5,5,1,17,19,3,10,1,1,C03,7,1,4,8,2,11,,19,19,1,22,8,C03,120.619669,24.347106,2
2022,8,5,12,34,臺中市,南區,0,1,0,8,1,5,50,4,2,1,5,4,5,7,2,1,10,5,5,2,12,7,3,10,1,1,C03,7,7,1,10,2,14,,7,7,1,21,8,C03,120.679428,24.123667,2
2022,8,5,12,47,臺中市,北區,0,1,0,8,1,5,50,14,7,1,5,4,5,7,4,4,2,4,5,2,18,23,2,9,1,1,C03,7,9,1,10,2,14,,23,23,1,22,8,C03,120.685663,24.153988,2
2022,8,5,12,50,臺中市,石岡區,0,0,0,8,,,50,,,,,,,,,,,,,,,8,,,,,C03,,,1,,2,,,8,,1,21,,C03,120.763385,24.277115,3
2022,8,5,12,54,臺中市,清水區,0,0,0,8,1,5,50,14,9,1,5,4,5,7,3,1,5,5,4,1,15,6,3,10,1,1,B03,7,9,1,8,2,4,,6,6,1,5,8,B03,120.547127,24.263949,3
2022,8,5,12,58,臺中市,大雅區,0,0,0,8,,,50,,,,,,,,,,,,,,,23,,,,,B12,,,1,,2,,,23,,1,22,,B12,120.636491,24.216925,3