年,月,日,時,分,縣市,區,死,受傷,2-30,天候,光線,道路類別,速限,道路型態,事故位置,路面鋪裝,路面狀態,路面缺陷,障礙物,視距,號誌種類,號誌動作,分向設施,快車道或一般車道間,快慢車道間,路面邊線,事故類型及型態,主要肇因,受傷程度,主要傷處,保護裝備,行動電話,當事者區分,車輛用途,當事者行動狀態,駕駛資格情形,駕駛執照種類,飲酒情形,車輛撞擊部位最初,車輛撞擊部位其他,肇事因素個別,肇事因素主要,肇事逃逸,職業,旅次目的,車種,GPS緯度,GPS經度,事故類別
2022,8,8,15,32,臺中市,烏日區,0,1,0,8,1,5,40,3,1,1,5,4,5,7,2,1,10,5,5,2,16,9,3,10,1,1,B02,7,6,1,8,2,2,,9,9,1,21,8,B02,120.607576,24.120862,2
2022,8,8,15,33,臺中市,北區,0,1,0,8,1,5,50,4,1,1,5,4,5,7,1,1,10,5,5,2,29,44,2,9,1,1,C03,7,9,1,10,2,14,,44,44,1,22,9,C03,120.681718,24.152483,2
2022,8,8,15,40,臺中市,南區,0,0,0,8,,,50,,,,,,,,,,,,,,,17,,,,,A12,,,1,,2,,,17,,1,22,,A12,120.66988,24.114195,3
2022,8,8,15,49,臺中市,西屯區,0,1,0,8,1,5,40,3,1,1,5,4,5,7,3,1,10,5,5,2,16,23,2,9,2,1,F01,7,11,8,20,1,16,,23,23,1,22,8,F01,120.642955,24.187238,2
2022,8,8,16,0,臺中市,北屯區,0,0,0,8,,,50,,,,,,,,,,,,,,,16,,,,,B03,,,1,,2,,,16,,1,5,,B03,120.661819,24.189421,3
2022,8,8,16,2,臺中市,北區,0,0,0,,,,30,,,,,,,,,,,,,,,7,,,,,B03,,,1,,2,,,7,,1,22,,B03,120.677772,24.161616,3
2022,8,8,16,4,臺中市,大里區,0,0,0,8,1,5,50,14,9,1,5,4,5,7,4,4,1,5,4,1,23,23,,,,,C03,,,1,,2,,,23,,1,5,,C03,120.67889,24.098028,3
2022,8,8,16,10,臺中市,梧棲區,0,0,0,,,,50,,,,,,,,,,,,,,,23,,,,,B03,,,1,,2,,,23,,1,4,,B03,120.525656,24.224572,3
2022,8,8,16,15,臺中市,太平區,0,1,0,6,1,5,30,4,1,1,4,4,5,6,4,4,10,5,5,2,15,6,3,10,1,1,B03,7,9,1,8,2,4,5,6,6,1,21,8,B03,120.723863,24.129847,2
2022,8,8,16,20,臺中市,南屯區,0,0,0,8,,,30,,,,,,,,,,,,,,,34,,,,,B12,,,1,,1,,,34,,1,22,,B12,120.652771,24.135418,3
2022,8,8,16,34,臺中市,北屯區,0,0,0,6,,,50,,,,,,,,,,,,,,,23,,,,,B03,,,1,,1,,,23,,1,5,,B03,120.685493,24.16909,3
2022,8,8,16,35,臺中市,豐原區,0,2,0,6,1,5,30,4,1,1,4,4,5,7,4,4,10,5,5,1,15,6,2,9,1,1,C03,7,9,1,10,2,11,,6,6,1,4,3,C03,120.708555,24.239444,2
2022,8,8,16,39,臺中市,北屯區,0,1,0,6,1,5,50,4,1,1,4,4,5,7,1,1,10,5,5,2,16,8,3,10,1,1,B03,7,5,1,8,2,2,,8,8,1,21,8,B03,120.702375,24.170891,2
2022,8,8,16,41,臺中市,北屯區,0,0,0,6,,,40,,,,,,,,,,,,,,,26,,,,,B03,,,1,,1,,,26,,1,22,,B03,120.729094,24.161036,3
2022,8,8,16,48,臺中市,太平區,0,1,0,6,1,5,50,4,1,1,4,4,5,7,1,1,10,5,5,2,16,42,3,10,1,1,B03,7,6,1,8,2,2,,42,42,1,21,8,B03,120.712182,24.144435,2
2022,8,8,17,0,臺中市,大甲區,0,2,0,8,1,5,50,4,1,1,5,4,5,7,1,1,10,5,5,2,16,6,3,10,1,1,E05,7,6,1,3,2,2,,6,6,1,12,4,E05,120.62574,24.348494,2
2022,8,8,17,1,臺中市,北屯區,0,1,0,6,1,5,50,3,1,1,4,4,5,7,2,1,10,5,5,2,12,25,2,1,1,1,B03,7,1,1,8,2,8,,25,25,1,5,8,B03,120.713628,24.173455,2
2022,8,8,17,5,臺中市,北區,0,1,0,6,1,5,50,14,9,1,4,4,5,7,4,4,5,4,5,2,17,23,2,9,1,1,C03,7,9,1,10,2,14,,23,23,1,22,9,C03,120.690366,24.157203,2
2022,8,8,17,9,臺中市,神岡區,0,2,0,7,1,5,50,15,9,1,5,4,5,7,4,4,5,5,5,2,17,6,2,9,1,1,F03,7,5,8,20,2,16,,6,6,1,22,8,F03,120.690392,24.247272,2
2022,8,8,17,10,臺中市,潭子區,0,1,0,7,1,5,60,14,7,1,5,4,5,7,4,4,1,4,4,1,17,19,3,10,1,1,A02,7,1,1,2,2,15,,19,19,1,22,8,A02,120.705156,24.212231,2
2022,8,8,17,14,臺中市,梧棲區,0,2,0,8,1,5,50,3,1,1,5,4,5,7,4,4,10,5,5,1,16,19,2,9,1,1,C03,7,1,1,10,2,14,,19,19,1,9,1,C03,120.544629,24.240498,2
2022,8,8,17,16,臺中市,北屯區,0,2,0,8,1,5,50,4,1,1,5,4,5,7,4,4,10,5,5,2,15,6,2,9,1,1,C03,7,9,1,10,2,14,,6,6,1,5,8,C03,120.722591,24.171813,2
2022,8,8,17,25,臺中市,南區,0,3,0,8,1,5,50,4,1,1,5,4,5,7,1,1,10,5,5,2,15,43,2,9,1,1,C03,7,9,1,10,2,11,,43,43,1,22,8,C03,120.667627,24.12795,2
2022,8,8,17,30,臺中市,南區,0,1,0,7,1,5,50,3,1,1,4,4,5,7,1,1,10,5,5,2,18,23,2,9,1,1,C03,7,9,1,10,2,12,,23,23,1,21,8,C03,120.660095,24.124251,2
2022,8,8,17,30,臺中市,北屯區,0,1,0,7,1,5,50,4,1,1,4,4,5,7,1,1,10,5,5,2,18,23,2,9,1,1,C03,7,6,1,10,9,12,,23,23,1,18,8,C03,120.700136,24.164975,2
2022,8,8,17,30,臺中市,豐原區,0,1,0,8,1,5,50,14,8,1,5,4,5,7,2,1,5,5,5,2,17,19,3,10,1,1,B03,7,1,1,8,2,1,,19,19,1,22,8,B03,120.726278,24.242545,2
2022,8,8,17,30,臺中市,神岡區,0,3,0,8,1,5,30,3,1,1,5,4,5,5,4,4,10,5,5,2,16,6,2,8,1,1,C03,7,5,1,10,2,11,,6,6,1,22,9,C03,120.659536,24.26372,2
2022,8,8,17,32,臺中市,烏日區,0,0,0,,,,80,,,,,,,,,,,,,,,7,,,,,B03,,,1,,2,,,7,,1,22,,B03,120.609955,24.098399,3
2022,8,8,17,33,臺中市,霧峰區,0,0,0,8,,,30,,,,,,,,,,,,,,,17,,,,,B03,,,1,,2,,,17,,1,22,,B03,120.676174,24.073056,3
2022,8,8,17,35,臺中市,豐原區,0,0,0,8,,,50,,,,,,,,,,,,,,,17,,,,,B12,,,1,,9,,,17,,1,22,,B12,120.720276,24.264753,3
2022,8,8,17,37,臺中市,大雅區,0,0,0,8,,,50,,,,,,,,,,,,,,,23,,,,,C03,,,1,,1,,,23,,1,22,,C03,120.630312,24.240697,3
2022,8,8,17,37,臺中市,大雅區,0,1,0,8,1,5,50,3,1,1,5,4,5,7,1,1,5,5,4,1,16,6,3,10,1,1,B03,7,5,1,8,2,2,,6,6,1,22,9,B03,120.644496,24.205392,2
2022,8,8,17,37,臺中市,北屯區,0,0,0,8,,,50,,,,,,,,,,,,,,,7,,,,,B01,,,1,,1,,,7,,1,10,,B01,120.68768,24.18197,3
2022,8,8,17,40,臺中市,北區,0,0,0,,,,50,,,,,,,,,,,,,,,23,,,,,B03,,,1,,2,,,23,,1,22,,B03,120.676539,24.172484,3
2022,8,8,17,42,臺中市,大雅區,0,1,0,8,1,5,50,3,1,1,5,4,5,7,4,4,5,5,5,1,12,1,2,9,1,1,C03,7,4,1,10,2,12,,1,1,1,22,9,C03,120.653974,24.219065,2
2022,8,8,17,45,臺中市,北屯區,0,1,0,7,1,5,40,14,7,1,5,4,5,7,4,4,9,4,4,2,13,10,2,9,1,1,C03,7,11,1,10,2,14,,10,10,1,21,8,C03,120.727563,24.171814,2
2022,8,8,17,48,臺中市,潭子區,0,3,0,8,1,5,50,4,1,1,5,4,5,7,1,1,1,3,5,2,16,25,2,9,1,1,C03,7,9,3,18,2,12,,25,25,1,22,9,C03,120.71818,24.197776,2
2022,8,8,17,50,臺中市,太平區,0,1,0,8,1,5,40,3,1,1,5,4,5,7,4,4,10,5,5,2,16,23,2,9,1,1,C03,7,9,1,10,2,12,,23,23,1,21,8,C03,120.704794,24.124175,2
2022,8,8,17,55,臺中市,大里區,0,3,0,8,2,5,80,14,7,1,5,4,5,7,4,4,1,4,5,1,13,23,3,10,1,1,B03,7,9,1,8,7,8,,23,23,1,22,8,B03,120.692995,24.103259,2
2022,8,8,18,16,臺中市,豐原區,0,3,0,8,2,5,50,3,2,1,5,4,5,7,4,4,4,4,4,2,17,6,2,9,1,1,C03,7,5,1,10,2,11,,6,6,1,4,5,C03,120.731994,24.250897,2
2022,8,8,18,16,臺中市,豐原區,0,2,0,8,1,5,50,4,1,1,5,4,5,6,1,1,5,4,4,2,16,6,2,8,1,1,C03,7,5,1,10,2,11,,6,6,1,22,8,C03,120.724573,24.265803,2
2022,8,8,18,20,臺中市,清水區,0,1,0,8,2,5,50,14,9,1,5,4,5,7,4,4,7,4,4,2,18,13,2,9,1,1,C03,7,9,1,10,8,11,12,13,13,1,5,5,C03,120.55708,24.266329,2
2022,8,8,18,22,臺中市,南區,0,0,0,8,,,50,,,,,,,,,,,,,,,23,,,,,B03,,,1,,2,,,23,,1,22,,B03,120.679476,24.11825,3
2022,8,8,18,26,臺中市,西區,0,1,0,8,3,5,50,4,2,1,5,4,5,7,1,1,5,5,5,2,13,44,2,1,1,1,B03,7,14,1,8,2,3,,44,44,1,22,9,B03,120.665601,24.132155,2
2022,8,8,18,29,臺中市,北區,0,0,0,8,,,50,,,,,,,,,,,,,,,23,,,,,C03,,,1,,2,,,23,,1,21,,C03,120.68545,24.149235,3
2022,8,8,18,30,臺中市,南區,0,0,0,8,,,50,,,,,,,,,,,,,,,23,,,,,B03,,,1,,2,,,23,,1,22,,B03,120.670073,24.115778,3
2022,8,8,18,31,臺中市,北屯區,0,0,0,8,,,50,,,,,,,,,,,,,,,1,,,,,B03,,,1,,1,,,1,1,1,5,,B03,120.660546,24.188796,3
2022,8,8,18,42,臺中市,南區,0,1,0,8,3,5,50,4,2,1,5,4,5,7,4,4,3,4,5,2,16,6,2,9,1,1,C03,7,6,1,10,2,14,,6,6,1,21,8,C03,120.679283,24.118742,2
2022,8,8,18,54,臺中市,西屯區,0,0,0,8,,,40,,,,,,,,,,,,,,,12,,,,,B03,,,1,,2,,,12,,1,22,,B03,120.652543,24.169303,3
2022,8,8,19,2,臺中市,東區,0,3,0,7,3,5,50,3,1,1,5,4,5,7,1,1,10,5,5,2,16,25,2,2,1,1,B03,7,9,1,8,2,1,,25,25,1,22,8,B03,120.709343,24.140481,2
2022,8,8,19,8,臺中市,南區,0,0,0,8,,,50,,,,,,,,,,,,,,,7,,,,,B03,,,1,,2,,,7,,1,22,,B03,120.661291,24.13238,3
2022,8,8,19,8,臺中市,豐原區,0,0,0,8,,,50,,,,,,,,,,,,,,,16,,,,,B03,,,1,,2,,,16,,1,21,,B03,120.700657,24.249039,3
2022,8,8,19,14,臺中市,潭子區,0,0,0,8,,,50,,,,,,,,,,,,,,,23,,,,,B03,,,1,,2,,,23,,1,22,,B03,120.700588,24.207663,3
2022,8,8,19,15,臺中市,太平區,0,0,0,8,,,40,,,,,,,,,,,,,,,43,,,,,B12,,,1,,2,,,43,,1,21,,B12,120.764904,24.10994,3
2022,8,8,19,47,臺中市,北屯區,0,2,0,8,3,5,40,14,7,1,5,4,5,7,4,4,5,5,4,2,17,40,3,10,1,1,B03,7,13,1,8,2,4,,40,40,1,22,8,B03,120.66462,24.179308,2
2022,8,8,20,5,臺中市,梧棲區,0,3,0,8,3,5,50,3,1,1,5,4,5,7,4,4,10,5,5,2,16,10,2,9,1,1,C03,7,11,3,18,2,14,,10,10,1,5,8,C03,120.530785,24.255414,2
2022,8,8,20,20,臺中市,大里區,0,0,0,8,,,25,,,,,,,,,,,,,,,19,,,,,A11,,,1,,2,,,19,,1,10,,A11,120.697067,24.111263,3
2022,8,8,20,30,臺中市,大肚區,0,0,0,8,,,30,,,,,,,,,,,,,,,12,,,,,B12,,,1,,2,,,12,,1,5,,B12,120.551363,24.14791,3
2022,8,8,20,51,臺中市,大甲區,0,1,0,8,3,5,50,3,1,1,5,4,5,7,4,4,10,5,5,2,16,6,3,10,1,1,B03,7,5,1,8,2,4,,6,6,1,4,1,B03,120.60203,24.336511,2
2022,8,8,20,55,臺中市,梧棲區,0,0,0,8,,,50,,,,,,,,,,,,,,,12,,,,,B03,,,1,,1,,,12,,1,2,,B03,120.529469,24.25446,3
2022,8,8,21,0,臺中市,西屯區,0,1,0,8,3,5,30,3,1,1,5,4,5,7,4,4,10,5,5,2,16,19,3,10,3,4,B03,7,1,1,8,2,1,,19,19,1,22,8,B03,120.655415,24.160159,2
2022,8,8,21,13,臺中市,西屯區,0,1,0,8,1,5,50,11,9,1,5,4,5,7,4,4,8,3,5,2,18,42,2,9,1,1,C03,7,6,1,10,2,12,,42,42,1,22,8,C03,120.670395,24.188906,2
2022,8,8,21,25,臺中市,潭子區,0,1,0,8,3,5,50,14,9,1,5,4,5,7,4,4,5,4,5,1,17,23,2,9,1,1,C03,7,9,1,10,2,11,,23,23,1,22,8,C03,120.721627,24.197188,2
2022,8,8,22,7,臺中市,南區,0,1,0,8,3,5,50,4,1,1,5,4,5,7,1,1,10,5,5,2,16,6,3,10,1,1,C03,7,5,1,10,2,12,,6,6,1,22,8,C03,120.671796,24.119074,2
2022,8,8,22,27,臺中市,豐原區,0,1,0,8,3,5,50,3,2,1,5,4,5,7,4,4,4,5,4,2,12,6,3,10,3,4,B03,7,8,1,8,2,2,,6,6,1,22,8,B03,120.720527,24.251436,2
2022,8,8,22,31,臺中市,北區,0,2,0,8,3,5,50,3,9,1,5,4,5,7,4,4,2,4,5,2,16,6,3,10,1,1,B03,7,9,1,8,2,8,,6,6,1,22,9,B03,120.691408,24.159105,2
2022,8,8,22,38,臺中市,龍井區,0,1,0,8,3,5,30,11,9,1,5,4,5,7,4,4,10,5,5,1,18,23,2,7,1,1,C03,7,15,1,10,2,14,,23,23,1,21,3,C03,120.573776,24.191548,2
2022,8,9,0,6,臺中市,東區,0,1,0,8,3,5,50,14,9,1,5,4,5,7,1,1,5,4,5,2,13,23,3,10,1,1,B03,7,1,6,18,2,1,,23,23,1,5,8,B03,120.689111,24.137019,2
2022,8,9,0,16,臺中市,大雅區,0,1,0,8,1,5,30,4,1,1,5,4,5,7,3,1,5,5,5,1,16,6,3,10,1,1,B03,7,6,1,8,2,4,,6,6,1,22,9,B03,120.650308,24.24357,2
2022,8,9,1,26,臺中市,北區,0,1,0,8,1,5,50,4,1,1,5,4,5,7,3,1,10,5,5,2,15,6,3,10,1,1,B03,7,9,1,8,2,7,,6,6,1,22,9,B03,120.682089,24.154584,2
2022,8,9,5,37,臺中市,北區,0,0,0,8,,,50,,,,,,,,,,,,,,,6,,,,,B12,,,1,,1,,,6,,1,22,,B12,120.67817,24.151537,3
2022,8,9,6,58,臺中市,大肚區,0,1,0,8,1,5,70,3,8,1,5,4,5,7,1,1,1,4,4,1,13,23,3,10,1,1,B03,7,9,1,8,2,1,,23,23,1,21,8,B03,120.558177,24.127184,2
2022,8,9,7,8,臺中市,北區,0,0,0,8,,,40,,,,,,,,,,,,,,,25,,,,,C03,,,1,,1,,,25,,1,22,,C03,120.664208,24.154416,3
2022,8,9,7,18,臺中市,大雅區,0,1,0,8,1,5,50,3,1,1,5,4,5,7,3,1,9,4,5,1,17,6,3,10,1,1,B03,7,11,1,8,2,8,,6,6,1,22,9,B03,120.651398,24.228595,2
2022,8,9,7,20,臺中市,太平區,0,0,0,8,,,40,,,,,,,,,,,,,,,23,,,,,C03,,,1,,2,,,23,,1,21,,C03,120.713181,24.124619,3
2022,8,9,7,30,臺中市,外埔區,0,3,0,8,1,5,40,4,1,1,5,4,4,6,4,4,5,4,5,1,16,6,2,9,1,1,C03,7,5,1,10,2,11,,6,6,1,22,1,C03,120.661861,24.349751,2
2022,8,9,7,37,臺中市,大甲區,0,1,0,8,1,5,30,3,1,1,5,4,5,7,4,4,10,5,5,1,16,6,2,7,1,1,F03,7,5,8,20,2,16,,6,6,1,18,1,F03,120.62865,24.34335,2
2022,8,9,7,44,臺中市,豐原區,0,0,0,8,,,50,,,,,,,,,,,,,,,16,,,,,B03,,,1,,2,,,16,16,1,22,,B03,120.760546,24.277063,4
2022,8,9,7,50,臺中市,大雅區,0,0,0,8,,,50,,,,,,,,,,,,,,,7,,,,,B12,,,1,,1,,,7,,1,22,,B12,120.648783,24.217649,3
2022,8,9,7,52,臺中市,大雅區,0,1,0,8,1,5,50,4,1,1,5,4,5,7,4,4,5,5,5,1,16,6,3,10,1,1,B03,7,5,1,8,2,1,,6,6,1,22,9,B03,120.655801,24.227281,2
2022,8,9,7,53,臺中市,豐原區,0,1,0,8,1,5,50,5,1,1,5,4,5,7,1,1,10,5,5,2,13,16,3,10,1,1,C03,7,9,1,10,2,11,,16,16,1,22,8,C03,120.715023,24.249474,2
2022,8,9,7,54,臺中市,北屯區,0,1,0,8,1,5,50,4,1,1,5,4,5,7,3,1,10,5,5,2,15,6,2,9,1,1,C03,7,9,1,10,2,12,,6,6,1,21,8,C03,120.694479,24.186836,2
2022,8,9,7,57,臺中市,沙鹿區,0,1,0,8,1,5,50,4,1,1,5,4,5,7,2,1,10,5,5,2,16,8,2,9,1,1,C03,7,5,1,10,2,14,,8,8,1,20,8,C03,120.56467,24.239271,2
2022,8,9,8,6,臺中市,東區,0,2,0,8,1,5,30,4,1,1,5,4,5,7,4,4,10,5,5,2,15,6,2,8,1,1,C03,7,9,1,10,2,11,,6,6,1,18,8,C03,120.689465,24.130556,2
2022,8,9,8,8,臺中市,梧棲區,0,1,0,8,1,5,40,4,1,1,5,4,5,7,4,4,10,5,5,1,13,23,3,10,1,1,C03,7,9,1,10,2,11,,23,23,1,18,8,C03,120.558005,24.242104,2
2022,8,9,8,16,臺中市,神岡區,0,2,0,8,1,5,50,3,2,1,5,4,5,7,1,1,5,4,4,2,16,44,3,10,1,1,B12,7,6,1,8,2,6,,44,44,1,22,8,B12,120.656518,24.250759,2
2022,8,9,8,19,臺中市,大雅區,0,0,0,8,,,30,,,,,,,,,,,,,,,6,,,,,C03,,,1,,2,,,6,,1,22,,C03,120.656989,24.222787,3
2022,8,9,8,20,臺中市,大雅區,0,1,0,8,1,5,60,3,1,1,5,4,5,7,4,4,3,4,4,1,12,6,3,10,1,1,B03,7,6,1,8,2,2,,6,6,1,22,9,B03,120.650453,24.211217,2
2022,8,9,8,20,臺中市,潭子區,0,1,0,8,1,5,60,5,1,1,5,4,5,7,1,1,1,4,4,1,16,6,3,10,1,1,B03,7,6,1,8,2,5,,6,6,1,22,9,B03,120.68663,24.210314,2
2022,8,9,8,20,臺中市,西區,0,0,0,,,,50,,,,,,,,,,,,,,,7,,,,,B03,,,1,,2,,,7,,1,20,,B03,120.679108,24.137189,3
2022,8,9,8,21,臺中市,太平區,0,2,0,8,1,5,30,11,9,1,5,4,5,7,4,4,10,5,5,2,10,5,2,9,1,1,C03,7,9,1,10,2,11,,5,5,1,21,8,C03,120.706174,24.148802,2
2022,8,9,8,26,臺中市,東勢區,0,1,0,8,1,5,50,14,9,1,5,4,5,7,4,4,5,5,5,1,17,19,2,9,1,1,C03,7,1,4,8,2,11,,19,19,1,19,8,C03,120.82698,24.26217,2
2022,8,9,8,35,臺中市,潭子區,0,3,0,8,1,5,60,14,7,1,5,4,5,7,4,4,1,4,4,1,13,23,3,10,1,1,B12,7,9,1,8,2,1,6,23,23,1,22,8,B12,120.688948,24.219951,2
2022,8,9,8,35,臺中市,太平區,0,0,0,8,,,50,,,,,,,,,,,,,,,12,,,,,B03,,,1,,2,,,12,,1,19,,B03,120.703633,24.113767,3
2022,8,9,8,42,臺中市,西區,0,0,0,8,1,5,50,3,1,1,5,4,5,7,4,4,10,5,5,2,12,23,,,,,B03,,,1,,1,,,23,,1,21,,B03,120.665973,24.150231,3
2022,8,9,8,45,臺中市,西區,0,0,0,,,,50,,,,,,,,,,,,,,,16,,,,,B03,,,1,,1,,,16,,1,21,,B03,120.658513,24.140109,3
2022,8,9,8,56,臺中市,東勢區,0,1,0,8,1,5,50,14,9,1,5,4,5,7,4,4,5,5,5,2,12,23,3,10,1,1,C03,7,9,1,10,2,11,,23,23,1,9,8,C03,120.83042,24.25442,2
2022,8,9,9,15,臺中市,南區,0,1,0,8,1,5,50,14,7,1,5,4,5,7,4,4,1,4,4,2,10,4,2,9,1,1,C03,7,9,3,18,2,11,,4,4,1,22,8,C03,120.653659,24.113755,2
2022,8,9,9,16,臺中市,后里區,0,2,0,8,1,5,40,4,1,1,5,4,5,7,4,4,10,5,5,2,16,6,2,9,1,1,C03,7,5,3,18,2,14,,6,6,1,22,8,C03,120.708492,24.305791,2
2022,8,9,9,23,臺中市,清水區,0,0,0,8,1,5,50,14,9,1,5,4,5,7,1,1,1,4,5,1,12,17,3,10,1,1,B12,7,5,1,8,2,5,,17,17,1,5,1,B12,120.547198,24.267061,3
2022,8,9,9,24,臺中市,北區,0,1,0,8,1,5,50,14,9,1,5,4,5,7,4,4,1,4,5,2,13,16,2,8,1,1,C03,7,9,1,10,2,11,,16,16,1,22,8,C03,120.669785,24.173468,2
2022,8,9,9,28,臺中市,太平區,0,2,0,8,1,5,50,14,9,1,5,4,5,7,4,4,5,5,5,1,17,1,2,9,1,1,C03,7,9,1,10,2,11,,1,1,1,21,8,C03,120.724262,24.130276,2
2022,8,9,9,32,臺中市,北屯區,1,5,0,8,1,5,40,14,16,1,5,4,5,7,4,4,1,4,5,1,13,23,2,9,1,1,B12,7,9,1,8,2,1,,23,23,1,21,8,B12,120.721032,24.171804,1
2022,8,9,9,40,臺中市,清水區,0,1,0,8,1,5,70,5,1,1,5,4,5,7,1,1,1,4,5,1,16,9,3,10,1,1,B03,7,6,1,8,2,5,,9,9,1,22,8,B03,120.567631,24.270826,2
2022,8,9,9,44,臺中市,新社區,0,1,0,8,1,5,50,4,1,2,5,4,5,7,2,1,10,5,5,1,16,19,2,9,1,1,C03,7,1,3,18,2,14,,19,19,1,9,8,C03,120.82328,24.21934,2
2022,8,9,9,59,臺中市,南區,0,1,0,8,1,5,40,14,7,1,5,4,5,7,4,4,9,5,4,2,17,40,3,10,1,1,B03,7,14,1,8,2,4,,40,40,1,5,8,B03,120.651544,24.120762,2
2022,8,9,10,2,臺中市,北區,0,0,0,8,,,50,,,,,,,,,,,,,,,23,,,,,B03,,,1,,2,,,23,,1,22,,B03,120.686737,24.148505,3
2022,8,9,10,15,臺中市,北區,0,1,0,8,1,5,50,3,2,1,5,4,5,7,4,4,8,3,5,2,17,4,2,7,1,1,C04,7,5,1,8,2,11,,4,4,1,19,8,C04,120.67716,24.152672,2
2022,8,9,10,27,臺中市,北區,0,1,0,8,1,5,50,14,9,1,5,4,5,7,4,4,9,5,5,2,16,10,3,10,1,1,B03,7,11,1,8,2,8,,10,10,1,22,8,B03,120.676282,24.162574,2
2022,8,9,10,35,臺中市,西區,0,1,0,8,1,5,30,4,1,1,5,4,5,7,4,4,10,5,5,2,15,6,2,9,1,1,C03,7,9,1,10,2,11,,6,6,1,21,8,C03,120.663677,24.129398,2
2022,8,9,10,35,臺中市,北區,0,0,0,8,,,30,,,,,,,,,,,,,,,23,,,,,B03,,,1,,11,,,23,,1,22,,B03,120.685486,24.161237,3
2022,8,9,10,42,臺中市,大里區,0,1,0,8,1,5,50,4,2,1,5,4,5,7,1,1,10,5,5,1,16,7,2,7,1,1,C04,7,7,1,10,5,12,,7,7,1,5,8,C04,120.685001,24.11918,2
2022,8,9,10,54,臺中市,北區,0,1,0,8,1,5,50,11,9,1,5,4,5,7,4,4,5,5,5,2,17,23,2,9,1,1,C03,7,9,2,18,11,11,,23,23,1,22,9,C03,120.662912,24.161845,2
2022,8,9,11,8,臺中市,梧棲區,0,0,0,8,1,5,40,5,2,1,5,4,5,7,2,1,10,5,5,2,12,17,3,10,3,4,B03,7,9,3,18,4,2,,17,17,1,11,8,B03,120.551675,24.244152,3
2022,8,9,11,15,臺中市,豐原區,0,1,0,8,1,5,50,14,9,1,5,4,5,7,1,1,5,5,5,2,17,42,2,9,3,4,C03,7,9,1,10,2,14,,42,42,1,22,8,C03,120.716464,24.260541,2
2022,8,9,11,42,臺中市,潭子區,0,0,0,8,,,50,,,,,,,,,,,,,,,23,,,,,B01,,,1,,2,,,23,,1,10,,B01,120.70206,24.187201,3
2022,8,9,11,44,臺中市,神岡區,0,0,0,8,,,50,,,,,,,,,,,,,,,23,,,,,C03,,,1,,1,,,23,,1,22,,C03,120.656127,24.279066,3
2022,8,9,11,45,臺中市,大雅區,0,2,0,8,1,5,50,3,1,1,5,4,5,7,4,4,9,4,5,1,9,23,2,9,1,1,C03,7,9,1,10,2,11,,23,23,1,22,9,C03,120.650031,24.220755,2
2022,8,9,11,45,臺中市,北區,0,1,0,8,1,5,50,14,9,1,5,4,5,7,4,4,5,5,5,2,18,13,2,9,1,1,C03,7,9,1,9,1,14,,13,13,1,22,8,C03,120.678287,24.163613,2
2022,8,9,11,48,臺中市,北屯區,0,3,0,8,1,5,40,14,8,1,5,4,5,7,4,4,5,5,4,2,13,16,3,10,1,1,C03,7,9,1,10,2,11,,16,16,1,4,8,C03,120.6858,24.1892,2
2022,8,9,12,0,臺中市,西區,0,2,0,8,1,5,50,5,1,1,5,4,5,7,1,1,10,5,5,2,16,6,2,9,1,1,C03,7,5,1,10,2,11,,6,6,1,21,8,C03,120.672019,24.131402,2
2022,8,9,12,3,臺中市,西區,0,0,0,8,,,50,,,,,,,,,,,,,,,26,,,,,C03,,,1,10,1,,,26,16,1,4,,C03,120.658865,24.15087,3
2022,8,9,12,10,臺中市,大甲區,0,1,0,8,1,5,50,14,9,1,5,4,5,7,4,4,10,5,5,2,16,6,3,10,1,1,B03,7,5,1,8,2,1,,6,6,1,2,8,B03,120.627447,24.350605,2
2022,8,9,12,13,臺中市,東區,0,1,0,8,1,5,50,4,1,1,5,4,5,7,1,1,10,5,5,2,12,23,3,10,1,1,C03,7,9,1,10,2,12,,23,23,1,5,8,C03,120.697299,24.147967,2
2022,8,9,12,15,臺中市,清水區,0,0,0,8,,,50,,,,,,,,,,,,,,,12,,,,,A31,,,1,,2,,,12,,1,10,,A31,120.53847,24.270071,3
2022,8,9,12,15,臺中市,梧棲區,0,2,0,8,1,5,50,3,2,1,5,4,5,7,3,1,10,5,5,2,16,6,3,10,1,1,C03,7,5,1,10,2,14,,6,6,1,18,8,C03,120.538847,24.249996,2
2022,8,9,12,25,臺中市,潭子區,0,0,0,8,,,30,,,,,,,,,,,,,,,23,,,,,B03,,,1,,2,,,23,,1,22,,B03,120.700971,24.207295,4
2022,8,9,12,27,臺中市,豐原區,0,0,0,8,,,30,,,,,,,,,,,,,,,17,,,,,B03,,,1,,2,,,17,,1,4,,B03,120.726386,24.261927,3
2022,8,9,12,38,臺中市,清水區,0,0,0,8,1,5,70,14,7,1,5,4,5,7,1,1,1,4,3,1,14,12,3,10,1,1,A12,7,2,1,1,2,3,,12,12,1,5,1,A12,120.596523,24.30395,3
2022,8,9,12,51,臺中市,西屯區,0,1,0,8,1,5,40,14,8,1,5,4,5,7,4,4,1,4,1,1,23,42,2,9,1,4,B12,7,9,1,8,2,1,,42,42,1,4,8,B12,120.642928,24.19372,2