年,月,日,時,分,縣市,區,死,受傷,2-30,天候,光線,道路類別,速限,道路型態,事故位置,路面鋪裝,路面狀態,路面缺陷,障礙物,視距,號誌種類,號誌動作,分向設施,快車道或一般車道間,快慢車道間,路面邊線,事故類型及型態,主要肇因,受傷程度,主要傷處,保護裝備,行動電話,當事者區分,車輛用途,當事者行動狀態,駕駛資格情形,駕駛執照種類,飲酒情形,車輛撞擊部位最初,車輛撞擊部位其他,肇事因素個別,肇事因素主要,肇事逃逸,職業,旅次目的,車種,GPS緯度,GPS經度,事故類別
2022,8,10,19,24,臺中市,神岡區,0,1,0,8,3,5,50,3,1,1,5,4,5,7,1,1,5,4,4,2,16,10,3,10,1,1,B12,7,11,1,8,2,4,,10,10,1,21,8,B12,120.674923,24.251841,2
2022,8,10,19,27,臺中市,清水區,0,0,0,8,,,70,,,,,,,,,,,,,,,42,,,,,B03,,,1,,2,,,42,42,1,21,,B03,120.595293,24.3006,3
2022,8,10,19,30,臺中市,豐原區,0,0,0,8,,,30,,,,,,,,,,,,,,,23,,,,,B03,,,1,,2,,,23,,1,22,,B03,120.725288,24.27373,3
2022,8,10,19,33,臺中市,大里區,0,1,0,8,3,5,50,14,9,1,5,4,5,7,4,4,5,4,5,1,13,23,3,10,1,1,C03,7,9,3,18,2,11,,23,23,1,11,5,C03,120.68964,24.115155,2
2022,8,10,19,47,臺中市,西區,0,0,0,8,,,50,,,,,,,,,,,,,,,12,,,,,C03,,,1,,1,,,38,42,1,21,,C03,120.661941,24.151137,3
2022,8,10,19,56,臺中市,豐原區,0,2,0,8,3,5,60,14,8,1,5,4,5,7,4,4,1,4,4,1,6,23,2,9,1,1,C03,7,9,1,10,2,11,,23,23,1,18,8,C03,120.704849,24.255109,2
2022,8,10,19,59,臺中市,東區,0,2,0,8,1,5,50,3,1,1,5,4,5,7,4,4,10,5,5,2,3,23,2,9,1,1,C03,7,9,1,10,2,11,,23,23,1,22,8,C03,120.700119,24.13135,2
2022,8,10,20,6,臺中市,沙鹿區,0,0,0,8,,,50,,,,,,,,,,,,,,,12,,,,,B03,,,1,,2,,,12,,1,21,,B03,120.565166,24.24296,3
2022,8,10,20,14,臺中市,中區,0,2,0,8,3,5,50,3,1,1,5,4,5,7,4,4,10,5,5,2,17,6,2,9,3,4,C03,7,5,1,10,2,12,,6,6,1,22,5,C03,120.684859,24.142515,2
2022,8,10,20,20,臺中市,南屯區,0,0,0,8,,,40,,,,,,,,,,,,,,,23,,,,,B03,,,1,,1,,,23,,1,5,,B03,120.615069,24.146308,3
2022,8,10,20,22,臺中市,烏日區,0,1,0,8,1,5,50,8,9,1,5,4,3,5,4,4,5,5,5,2,29,23,2,9,1,1,C03,7,9,1,10,6,15,,23,23,1,21,8,C03,120.628569,24.044442,2
2022,8,10,20,41,臺中市,潭子區,0,1,0,8,3,5,50,4,9,1,5,4,5,7,1,1,4,5,5,1,16,23,3,10,1,1,B03,7,5,1,8,2,8,,23,23,1,22,9,B03,120.687556,24.225681,2
2022,8,10,20,45,臺中市,西區,0,0,0,,,,50,,,,,,,,,,,,,,,19,,,,,B03,,,1,,1,,,19,,1,21,,B03,120.677285,24.144383,3
2022,8,10,21,3,臺中市,北區,0,2,0,8,3,5,50,14,9,1,5,4,5,7,4,4,5,4,5,2,17,40,2,8,1,1,B03,7,13,1,8,2,4,,40,40,1,22,9,B03,120.686364,24.166843,2
2022,8,10,21,16,臺中市,西屯區,0,1,0,8,1,5,50,4,1,1,5,4,5,7,1,1,4,3,5,2,16,6,2,9,1,1,C03,7,5,1,10,2,12,,6,6,1,22,8,C03,120.646661,24.174715,2
2022,8,10,21,20,臺中市,大肚區,0,2,0,8,3,5,30,4,1,1,5,4,5,7,4,4,10,5,5,2,15,6,2,9,1,1,C03,7,9,2,18,2,12,,6,6,1,16,8,C03,120.551653,24.146807,2
2022,8,10,21,30,臺中市,南區,0,2,0,8,3,5,50,4,1,1,5,4,5,7,1,1,10,5,5,2,13,23,2,9,1,1,C03,7,9,1,10,2,14,,23,23,1,22,8,C03,120.661476,24.121735,2
2022,8,10,21,38,臺中市,北屯區,0,2,0,8,3,5,50,4,1,1,5,4,5,7,4,4,10,5,5,2,15,6,2,9,1,1,C03,7,9,1,10,2,13,,6,6,1,22,8,C03,120.702946,24.178013,2
2022,8,10,21,40,臺中市,潭子區,0,1,0,8,3,5,50,4,2,1,5,4,5,7,1,1,1,3,5,1,17,6,3,10,1,1,B03,7,5,1,8,2,1,,6,6,1,22,8,B03,120.719787,24.228849,2
2022,8,10,21,42,臺中市,大雅區,0,0,0,8,,,50,,,,,,,,,,,,,,,23,,,,,B02,,,1,,2,,,23,,1,22,,B02,120.66278,24.21934,3
2022,8,10,21,48,臺中市,北區,0,1,0,8,3,5,50,4,1,1,5,4,5,7,4,4,10,5,5,2,15,6,3,10,1,1,C03,7,9,1,10,2,11,,6,6,1,22,9,C03,120.682407,24.162557,2
2022,8,10,21,50,臺中市,大肚區,0,2,0,8,3,5,60,14,7,1,5,4,5,7,4,4,1,4,4,1,12,7,2,6,1,1,F03,7,8,8,20,2,16,,7,7,1,12,8,F03,120.542851,24.164556,2
2022,8,10,22,1,臺中市,北區,0,0,0,8,,,50,,,,,,,,,,,,,,,12,,,,,B03,,,1,,2,,,12,,1,22,,B03,120.668238,24.163218,3
2022,8,10,23,7,臺中市,北屯區,0,0,0,8,,,40,,,,,,,,,,,,,,,23,,,,,B03,,,1,,1,,,23,,1,22,,B03,120.721003,24.175968,3
2022,8,10,23,9,臺中市,北屯區,0,2,0,8,3,5,50,14,7,1,5,4,5,7,4,4,9,4,5,2,3,51,2,9,4,5,H01,8,16,8,20,10,16,,51,51,1,22,8,H01,120.667008,24.186966,2
2022,8,11,0,0,臺中市,霧峰區,0,0,0,8,,,50,,,,,,,,,,,,,,,12,,,,,B03,,,1,,11,,,12,,1,22,,B03,120.697011,24.064316,3
2022,8,11,2,48,臺中市,大里區,0,1,0,6,3,5,80,14,7,1,4,4,5,7,4,4,2,4,5,1,20,23,2,9,1,1,B02,7,9,1,8,5,1,,23,23,1,22,8,B02,120.700693,24.120171,2
2022,8,11,4,10,臺中市,北屯區,0,0,0,6,3,5,50,3,1,1,4,4,5,7,4,4,10,5,5,2,16,6,3,10,1,1,B03,7,5,1,8,8,1,,6,6,1,4,8,B03,120.68348,24.182237,3
2022,8,11,4,52,臺中市,潭子區,0,1,0,7,1,5,60,3,1,1,4,4,5,7,3,1,10,5,5,2,18,23,2,9,1,1,C03,7,9,1,10,2,14,,23,43,1,22,8,C03,120.707632,24.225728,2
2022,8,11,5,5,臺中市,大安區,0,1,0,8,2,5,50,14,9,1,5,4,5,7,4,4,9,5,5,1,12,22,2,6,1,1,F03,7,9,8,20,2,16,,22,22,1,4,9,F03,120.59578,24.387381,2
2022,8,11,5,50,臺中市,南區,0,1,0,8,1,5,50,4,1,1,5,4,5,7,3,1,5,5,5,2,15,6,3,10,1,1,B03,7,9,1,8,2,2,,6,6,1,20,5,B03,120.666871,24.118645,2
2022,8,11,6,3,臺中市,外埔區,0,1,0,6,1,5,30,11,9,1,4,4,5,7,4,4,10,5,5,2,10,23,3,10,1,1,B03,7,9,1,8,2,8,,23,23,2,21,8,B03,120.625715,24.336298,2
2022,8,11,6,10,臺中市,烏日區,0,1,0,7,1,5,30,14,9,1,4,4,5,7,4,4,10,5,5,2,14,12,3,10,1,1,B03,7,2,1,8,2,3,,12,12,1,21,8,B03,120.640326,24.109099,2
2022,8,11,6,50,臺中市,南區,0,1,0,8,1,5,50,3,1,1,5,4,5,7,1,1,9,4,4,2,18,43,2,9,1,1,C03,7,9,1,10,2,14,,43,43,1,6,1,C03,120.6576,24.132161,2
2022,8,11,6,55,臺中市,潭子區,0,1,0,8,1,5,60,14,8,1,5,4,5,7,4,4,1,4,4,1,13,23,2,9,1,1,C03,7,9,1,4,2,11,14,23,23,1,22,8,C03,120.702265,24.191509,2
2022,8,11,7,2,臺中市,豐原區,0,1,0,7,1,5,50,14,7,1,4,4,5,7,4,4,5,4,4,2,18,42,2,8,1,1,C04,7,9,1,8,2,15,,42,42,1,22,8,C04,120.725582,24.241489,2
2022,8,11,7,3,臺中市,大安區,0,1,0,6,1,5,90,14,7,1,4,4,5,7,4,4,1,4,5,1,20,42,2,3,1,1,B03,7,9,1,8,2,1,,42,42,1,21,1,B03,120.59076,24.37543,2
2022,8,11,7,4,臺中市,潭子區,0,0,0,8,,,50,,,,,,,,,,,,,,,23,,,,,B03,,,1,,2,,,23,,1,22,,B03,120.717834,24.191247,3
2022,8,11,7,7,臺中市,龍井區,0,1,0,8,1,5,50,11,9,1,3,4,5,7,4,4,9,4,5,1,18,42,2,9,1,1,C03,7,9,1,10,2,12,,42,42,1,21,1,C03,120.570171,24.189431,2
2022,8,11,7,12,臺中市,大里區,0,1,0,8,1,5,50,4,1,1,5,4,5,7,3,1,5,5,5,1,15,6,2,9,3,4,C03,7,9,1,10,2,11,,6,6,1,22,9,C03,120.695771,24.102444,2
2022,8,11,7,14,臺中市,大甲區,0,1,0,6,1,5,50,3,1,1,4,4,5,7,4,4,5,4,5,1,17,42,2,9,1,1,C03,7,9,1,10,2,14,,42,42,1,19,8,C03,120.63425,24.34463,2
2022,8,11,7,19,臺中市,南區,0,0,0,8,,,50,,,,,,,,,,,,,,,23,,,,,B03,,,1,8,2,,,23,23,1,5,,B03,120.654155,24.121856,3
2022,8,11,7,20,臺中市,沙鹿區,0,2,0,6,1,5,40,11,9,1,4,4,5,7,4,4,10,5,5,1,10,5,2,9,1,1,C03,7,9,1,10,2,11,,44,5,1,21,9,C03,120.58544,24.220683,2
2022,8,11,7,21,臺中市,梧棲區,0,1,0,6,1,5,50,3,2,1,4,4,5,7,4,4,5,5,5,1,16,6,2,9,1,1,C03,7,6,1,10,2,14,,6,6,1,3,1,C03,120.521442,24.237533,2
2022,8,11,7,23,臺中市,大雅區,0,1,0,6,1,5,40,14,8,1,4,4,5,6,4,4,1,4,4,1,17,23,2,9,1,1,C03,7,9,1,10,2,11,,23,23,1,22,8,C03,120.638492,24.232778,2
2022,8,11,7,30,臺中市,龍井區,0,1,0,8,1,5,70,14,12,1,5,4,5,7,4,4,1,4,4,1,14,12,3,10,3,4,B12,7,2,1,8,2,7,,12,12,1,9,1,B12,120.543508,24.177178,2
2022,8,11,7,30,臺中市,龍井區,0,1,0,8,1,5,50,3,9,1,3,4,5,7,4,4,9,4,5,1,18,42,2,9,1,1,C03,7,9,1,10,2,12,,42,42,1,21,1,C03,120.570171,24.189431,2
2022,8,11,7,34,臺中市,大雅區,0,1,0,7,1,5,50,14,8,1,4,4,5,7,4,4,9,4,4,1,17,23,2,9,1,1,C03,7,9,1,10,2,11,,23,23,1,22,9,C03,120.678404,24.215909,2
2022,8,11,7,35,臺中市,大甲區,0,1,0,6,1,5,50,4,1,1,4,4,5,7,4,4,10,5,5,2,18,42,2,9,1,1,C03,7,9,1,10,2,14,,42,42,1,9,1,C03,120.64843,24.40327,2
2022,8,11,7,38,臺中市,沙鹿區,0,1,0,8,1,5,70,3,1,1,5,4,5,7,2,1,10,5,5,2,17,25,3,10,1,1,B12,7,9,1,8,9,15,,25,25,2,6,4,B12,120.615128,24.244076,2
2022,8,11,7,38,臺中市,豐原區,0,1,0,8,1,5,50,3,2,1,5,4,5,7,1,1,5,5,5,2,16,9,3,10,3,4,B03,7,6,1,7,2,5,,9,9,1,21,8,B03,120.74566,24.261941,2
2022,8,11,7,40,臺中市,大甲區,0,1,0,8,1,5,50,4,1,1,5,4,5,7,4,4,10,5,5,1,16,6,3,10,1,1,B03,7,9,1,8,2,8,,6,6,1,21,8,B03,120.63855,24.40925,2
2022,8,11,7,43,臺中市,潭子區,0,0,0,8,,,50,,,,,,,,,,,,,,,16,,,,,B12,,,1,,2,,,16,,1,22,,B12,120.707125,24.2003,3
2022,8,11,7,44,臺中市,西區,0,2,0,8,1,5,50,4,1,1,5,4,5,7,1,1,10,5,5,2,16,6,2,7,1,1,C03,7,5,3,18,2,12,,6,6,1,22,9,C03,120.661677,24.137964,2
2022,8,11,7,44,臺中市,豐原區,0,1,0,8,1,5,30,4,1,1,5,4,5,7,4,4,10,5,5,2,17,42,2,9,3,4,C03,7,6,1,8,2,15,,42,42,1,22,8,C03,120.701443,24.226828,2
2022,8,11,7,50,臺中市,北區,0,2,0,8,1,5,50,4,1,1,5,4,5,7,4,4,10,5,5,2,16,6,2,9,1,1,C03,7,5,1,10,2,14,,6,6,1,4,8,C03,120.695978,24.156712,2
2022,8,11,7,51,臺中市,大里區,0,0,0,8,,,40,,,,,,,,,,,,,,,17,,,,,B03,,,1,,2,,,44,17,1,22,,B03,120.692811,24.103579,3
2022,8,11,7,51,臺中市,太平區,0,3,0,8,1,5,50,14,9,1,5,4,5,7,4,4,9,5,5,2,17,1,2,9,1,1,C03,7,9,2,18,2,14,,1,1,1,5,8,C03,120.726941,24.122575,2
2022,8,11,7,53,臺中市,太平區,0,0,0,8,,,50,,,,,,,,,,,,,,,23,,,,,C03,,,1,,2,,,23,,1,21,,C03,120.711352,24.159128,3
2022,8,11,7,54,臺中市,梧棲區,0,2,0,8,1,5,50,3,1,1,4,4,5,7,1,1,1,4,4,2,16,6,3,10,1,1,B03,7,5,1,8,2,8,,6,6,1,4,8,B03,120.537667,24.25297,2
2022,8,11,7,55,臺中市,北屯區,0,1,0,8,1,5,50,4,1,1,5,4,5,7,1,1,10,5,5,2,15,25,3,10,1,1,B03,7,9,1,8,2,8,,25,25,1,21,1,B03,120.663049,24.197747,2
2022,8,11,7,55,臺中市,大甲區,0,1,0,7,1,5,50,14,9,1,4,4,5,7,4,4,9,5,5,1,17,42,3,10,1,1,B03,7,13,1,8,2,15,,42,42,1,9,1,B03,120.65423,24.40706,2
2022,8,11,8,0,臺中市,梧棲區,0,1,0,8,1,5,50,4,1,1,5,4,5,7,3,1,10,5,5,2,16,9,3,10,1,1,B12,7,6,1,8,2,2,,9,9,1,3,1,B12,120.526695,24.222981,2
2022,8,11,8,2,臺中市,東區,0,0,0,8,,,50,,,,,,,,,,,,,,,12,,,,,B03,,,1,8,2,,,12,12,1,5,,B03,120.657288,24.115508,3
2022,8,11,8,5,臺中市,北屯區,0,0,0,8,,,50,,,,,,,,,,,,,,,6,,,,,B03,,,1,,1,,,6,,1,21,,B03,120.70224,24.169178,3
2022,8,11,8,6,臺中市,東勢區,0,1,0,8,1,5,50,3,1,1,5,4,5,7,1,1,10,5,5,2,16,42,2,9,1,1,C03,7,1,1,10,2,11,,42,42,1,5,8,C03,120.82345,24.261573,2
2022,8,11,8,13,臺中市,烏日區,0,1,0,8,1,5,50,4,1,1,5,4,5,7,4,4,10,5,5,2,16,8,2,9,1,1,C03,7,5,1,10,2,12,,8,8,1,19,8,C03,120.617863,24.105128,2
2022,8,11,8,19,臺中市,豐原區,0,0,0,8,,,60,,,,,,,,,,,,,,,16,,,,,B03,,,1,,2,,,16,16,1,22,,B03,120.729345,24.24265,3
2022,8,11,8,20,臺中市,太平區,0,2,0,8,1,5,30,14,9,1,5,4,5,7,4,4,10,5,5,2,16,19,2,8,1,1,C04,7,1,1,8,2,11,,19,19,1,5,8,C04,120.743974,24.158831,2
2022,8,11,8,26,臺中市,大甲區,0,2,0,8,1,5,50,3,1,1,5,4,5,7,4,4,5,4,4,1,16,6,2,8,1,1,C03,7,5,1,10,2,14,,6,6,1,19,8,C03,120.62916,24.34445,2
2022,8,11,8,27,臺中市,大肚區,0,1,0,8,1,5,50,14,9,1,5,4,5,7,1,1,9,4,5,1,17,42,3,10,1,1,A11,7,9,1,1,2,5,,42,42,1,21,1,A11,120.577098,24.164986,2
2022,8,11,8,29,臺中市,東勢區,0,1,0,8,1,5,50,4,1,1,5,4,5,7,1,1,10,5,5,2,16,25,3,10,1,1,B03,7,9,1,8,2,1,,25,25,1,5,8,B03,120.829055,24.259125,2
2022,8,11,8,39,臺中市,太平區,0,0,0,,,,50,,,,,,,,,,,,,,,5,,,,,B03,,,1,,2,,,5,,1,21,,B03,120.732435,24.115555,3
2022,8,11,8,48,臺中市,沙鹿區,0,2,0,8,1,5,60,5,1,1,5,4,5,7,2,1,10,5,5,2,17,25,2,8,1,1,C03,7,9,1,10,2,14,,25,25,1,4,8,C03,120.579312,24.221263,2
2022,8,11,8,50,臺中市,神岡區,0,1,0,8,1,5,30,13,9,1,5,4,5,1,4,4,10,5,5,2,11,5,2,9,3,4,C03,7,9,1,10,2,11,,5,5,1,22,9,C03,120.7012,24.263687,2
2022,8,11,9,2,臺中市,西區,0,0,0,8,,,60,,,,,,,,,,,,,,,23,,,,,B03,,,1,,1,,,23,,1,5,,B03,120.662061,24.156089,3
2022,8,11,9,8,臺中市,豐原區,0,3,0,8,1,5,30,5,1,1,5,4,5,7,1,1,10,5,5,2,15,25,2,9,1,1,C03,7,9,1,10,2,11,,25,25,1,21,8,C03,120.71043,24.237253,2
2022,8,11,9,16,臺中市,梧棲區,0,0,0,8,,,50,,,,,,,,,,,,,,,23,,,,,B12,,,1,,2,,,23,,1,22,,B12,120.531027,24.253906,3
2022,8,11,9,17,臺中市,豐原區,0,0,0,8,,,50,,,,,,,,,,,,,,,12,,,,,B12,,,1,,2,,,12,12,1,5,,B12,120.715718,24.26256,3
2022,8,11,9,18,臺中市,梧棲區,0,0,0,8,,,50,,,,,,,,,,,,,,,12,,,,,B03,,,1,,2,,,12,,1,5,,B03,120.532152,24.244539,3
2022,8,11,9,53,臺中市,北屯區,0,0,0,8,,,50,,,,,,,,,,,,,,,12,,,,,B12,,,1,,1,,,12,,1,21,,B12,120.680263,24.182435,3
2022,8,11,10,20,臺中市,沙鹿區,0,2,0,8,1,5,50,3,9,1,5,4,5,7,1,1,5,3,5,1,12,9,3,10,1,1,C03,7,6,1,10,2,12,,9,9,1,5,8,C03,120.565908,24.250135,2
2022,8,11,10,20,臺中市,豐原區,0,0,0,8,,,50,,,,,,,,,,,,,,,17,,,,,B03,,,1,,2,,,17,,1,22,,B03,120.744225,24.264523,3
2022,8,11,10,46,臺中市,南區,0,1,0,7,1,5,50,3,1,1,5,4,5,7,4,4,3,5,5,2,16,6,3,10,3,4,B12,7,15,1,8,2,2,,6,6,1,5,8,B12,120.690011,24.135553,2
2022,8,11,10,53,臺中市,東勢區,0,1,0,8,1,5,50,14,9,1,5,4,5,7,4,4,5,5,5,1,17,40,3,10,1,1,B03,7,14,1,8,3,4,,40,40,1,21,8,B03,120.828544,24.257293,2
2022,8,11,11,1,臺中市,大里區,0,0,0,8,,,30,,,,,,,,,,,,,,,6,,,,,B03,,,1,,1,,,6,,1,22,,B03,120.675787,24.087849,3
2022,8,11,11,10,臺中市,沙鹿區,0,1,0,8,1,5,50,15,9,1,5,4,5,7,4,4,5,4,5,2,17,19,2,8,1,1,C03,7,1,4,10,2,14,,19,19,1,22,8,C03,120.560604,24.237888,2
2022,8,11,11,14,臺中市,梧棲區,0,1,0,8,1,5,50,4,1,1,5,4,5,7,4,4,10,5,5,1,16,6,3,10,3,4,B03,7,5,1,8,2,1,,6,6,1,22,8,B03,120.544041,24.24624,2
2022,8,11,11,15,臺中市,北區,0,1,0,8,1,5,50,3,1,1,5,4,5,7,4,4,10,5,5,2,3,23,3,10,1,1,C03,7,9,1,10,2,11,,23,23,1,5,8,C03,120.693669,24.16175,2
2022,8,11,11,21,臺中市,東勢區,0,1,0,8,1,5,40,14,9,1,5,4,5,7,4,4,5,5,5,1,17,23,2,9,1,1,C03,7,9,1,10,2,11,,23,23,1,20,8,C03,120.846839,24.253313,2
2022,8,11,11,30,臺中市,北屯區,0,0,0,8,,,60,,,,,,,,,,,,,,,12,,,,,B12,,,1,,9,,,12,,1,22,,B12,120.720955,24.162352,3
2022,8,11,11,38,臺中市,太平區,0,0,0,8,,,50,,,,,,,,,,,,,,,23,,,,,B03,,,1,,2,,,23,,1,5,,B03,120.712481,24.144431,3
2022,8,11,11,40,臺中市,清水區,0,1,0,8,1,5,50,4,1,1,5,4,5,7,3,1,10,5,5,2,12,17,2,9,1,1,C03,7,9,1,10,2,14,,17,17,1,19,5,C03,120.550413,24.264986,2
2022,8,11,11,48,臺中市,霧峰區,1,0,0,8,1,5,40,14,8,1,5,4,5,7,4,4,1,4,1,1,23,43,1,9,1,1,C03,7,9,1,10,2,12,,43,43,1,22,9,C03,120.662478,24.083785,1
2022,8,11,11,54,臺中市,大里區,0,1,0,8,1,5,50,3,2,1,5,4,5,7,1,1,5,5,5,1,17,23,2,9,3,4,C03,7,9,1,10,2,12,,23,23,1,22,9,C03,120.690338,24.121147,2
2022,8,11,11,54,臺中市,沙鹿區,0,0,0,8,,,50,,,,,,,,,,,,,,,12,,,,,B03,,,1,,2,,,12,,1,4,,B03,120.560838,24.241297,3
2022,8,11,11,58,臺中市,神岡區,0,1,0,8,1,5,40,4,1,1,5,4,5,7,3,1,1,5,5,1,16,9,3,10,1,1,B03,7,6,1,7,2,2,,9,9,1,21,8,B03,120.642641,24.243213,2
2022,8,11,12,0,臺中市,沙鹿區,0,2,0,8,1,5,60,5,1,1,5,4,5,7,1,1,10,5,5,2,17,19,2,9,1,1,C03,7,1,1,10,2,14,,19,19,1,5,9,C03,120.569807,24.23714,2
2022,8,11,12,3,臺中市,西區,0,0,0,,,,50,,,,,,,,,,,,,,,23,,,,,B03,,,1,,1,,,23,,1,21,,B03,120.657058,24.151427,3
2022,8,11,12,10,臺中市,北屯區,0,2,0,8,1,5,50,14,7,1,5,4,5,7,4,4,10,5,5,2,16,19,2,9,1,1,C03,7,1,1,10,2,14,,19,19,1,21,8,C03,120.719192,24.172532,2
2022,8,11,12,15,臺中市,大里區,0,1,0,8,1,5,30,4,1,1,5,4,5,7,4,4,10,5,5,1,15,6,2,7,3,4,C03,7,9,1,10,2,12,,6,6,1,22,9,C03,120.680144,24.104071,2
2022,8,11,12,20,臺中市,清水區,0,0,0,8,,,40,,,,,,,,,,,,,,,12,,,,,B12,,,1,,11,,,12,,1,21,,B12,120.57074,24.274671,3
2022,8,11,12,22,臺中市,北區,0,0,0,8,,,50,,,,,,,,,,,,,,,23,,,,,B03,,,1,,2,,,23,,1,5,,B03,120.677447,24.147247,3
2022,8,11,12,28,臺中市,西區,0,0,0,,,,50,,,,,,,,,,,,,,,23,,,,,B03,,,1,,9,,,23,,1,21,,B03,120.656155,24.155571,3
2022,8,11,12,35,臺中市,西區,0,0,0,8,,,40,,,,,,,,,,,,,,,23,,,,,B02,,,1,,1,,,23,,1,22,,B02,120.66051,24.140322,3
2022,8,11,12,48,臺中市,西區,0,0,0,8,,,50,,,,,,,,,,,,,,,23,,,,,B03,,,1,,1,,,23,,1,5,,B03,120.66588,24.151902,3
2022,8,11,13,9,臺中市,西區,0,0,0,8,,,50,,,,,,,,,,,,,,,6,,,,,B03,,,1,,1,,,6,,1,5,,B03,120.660183,24.13797,3
2022,8,11,13,9,臺中市,太平區,0,0,0,8,1,5,30,11,9,1,5,4,5,7,4,4,10,5,5,1,11,5,3,10,1,1,B12,7,9,1,8,2,8,,5,5,1,4,5,B12,120.76167,24.155537,3
2022,8,11,13,24,臺中市,清水區,0,0,0,8,,,50,,,,,,,,,,,,,,,23,,,,,B03,,,1,,2,,,23,23,1,21,,B03,120.560347,24.26817,3
2022,8,11,13,25,臺中市,潭子區,0,1,0,8,1,5,40,3,9,1,5,4,5,7,4,4,10,4,5,1,16,23,3,10,1,1,B03,7,5,1,8,2,4,,44,23,1,22,8,B03,120.695212,24.203911,2
2022,8,11,13,37,臺中市,大雅區,0,0,0,8,,,50,,,,,,,,,,,,,,,23,,,,,B03,,,1,,9,,,23,,1,22,,B03,120.64799,24.22301,3
2022,8,11,13,39,臺中市,大雅區,0,3,0,8,1,5,50,4,1,1,5,4,5,7,1,1,10,5,5,2,16,6,2,9,1,1,C03,7,5,2,18,2,12,,6,6,1,22,9,C03,120.64543,24.221915,2
2022,8,11,13,42,臺中市,北區,0,2,0,8,1,5,50,4,1,1,5,4,5,7,1,1,1,2,5,2,13,23,3,10,1,4,B02,7,9,1,8,2,1,,23,23,1,5,8,B02,120.673337,24.166906,2
2022,8,11,13,55,臺中市,大甲區,0,1,0,8,1,5,30,4,1,1,5,4,5,3,4,4,10,5,5,2,16,6,3,10,1,1,B12,7,5,1,1,2,1,,6,6,1,10,4,B12,120.629925,24.343538,2
2022,8,11,14,10,臺中市,沙鹿區,0,0,0,8,,,30,,,,,,,,,,,,,,,26,,,,,C03,,,1,,2,,,26,,1,4,,C03,120.561918,24.25423,3
2022,8,11,14,15,臺中市,北區,0,0,0,8,,,50,,,,,,,,,,,,,,,23,,,,,B11,,,1,,2,,,23,,1,5,,B11,120.665852,24.159505,3
2022,8,11,14,33,臺中市,豐原區,0,0,0,8,,,50,,,,,,,,,,,,,,,18,,,,,B02,,,1,,2,,,18,,1,22,,B02,120.723,24.246507,3
2022,8,11,14,51,臺中市,霧峰區,0,0,0,8,,,50,,,,,,,,,,,,,,,12,,,,,B03,,,1,,2,,,12,,1,3,,B03,120.694251,24.049758,3
2022,8,11,14,59,臺中市,梧棲區,0,0,0,8,,,70,,,,,,,,,,,,,,,16,,,,,A31,,,1,,2,,,16,,1,10,,A31,120.532523,24.271899,3
2022,8,11,15,4,臺中市,大里區,0,0,0,8,,,50,,,,,,,,,,,,,,,16,,,,,C03,,,1,,2,,,16,,1,12,,C03,120.70189,24.08599,3
2022,8,11,15,5,臺中市,大雅區,0,2,0,8,1,5,30,14,9,1,5,4,5,7,4,4,9,5,5,2,17,19,3,10,1,1,B12,7,1,1,8,2,4,,19,19,1,22,9,B12,120.64745,24.21443,2
2022,8,11,15,10,臺中市,太平區,0,0,0,8,,,50,,,,,,,,,,,,,,,23,,,,,B03,,,1,,2,,,23,,1,5,,B03,120.701676,24.148151,3
2022,8,11,15,29,臺中市,北屯區,0,0,0,8,,,50,,,,,,,,,,,,,,,23,,,,,B03,,,1,,1,,,23,23,1,22,,B03,120.710104,24.171817,3
2022,8,11,15,30,臺中市,潭子區,0,1,0,8,1,5,50,14,7,1,5,4,5,7,4,4,1,3,4,1,17,7,,,,,,,,,,,,,43,7,2,,,,120.693268,24.216146,2
2022,8,11,15,35,臺中市,西區,0,2,0,8,1,5,30,4,1,1,5,4,5,7,4,4,10,5,5,2,15,6,2,9,1,1,C03,7,9,1,10,2,11,,6,6,1,19,7,C03,120.658096,24.138515,2
2022,8,11,15,37,臺中市,北區,0,1,0,8,1,5,50,3,1,1,5,4,5,7,4,4,8,4,5,1,16,8,3,10,3,4,B01,7,9,1,8,2,4,,23,8,1,22,9,B01,120.684614,24.150629,2
2022,8,11,15,40,臺中市,龍井區,0,1,0,8,1,5,40,11,7,1,5,4,5,7,4,4,5,5,4,2,12,17,2,9,1,1,C03,7,9,1,10,2,14,,17,17,1,18,5,C03,120.505779,24.210122,2
2022,8,11,15,49,臺中市,烏日區,0,0,0,8,,,30,,,,,,,,,,,,,,,6,,,,,B11,,,1,,2,,,6,6,1,21,,B11,120.636966,24.070768,3
2022,8,11,16,0,臺中市,大里區,0,0,0,8,,,60,,,,,,,,,,,,,,,67,,,,,,,,,,,,,67,,1,,,,120.69205,24.100425,3
2022,8,11,16,10,臺中市,西屯區,0,0,0,,,,50,,,,,,,,,,,,,,,17,,,,,B03,,,1,,1,,,17,,1,22,,B03,120.6647,24.166908,4
2022,8,11,16,12,臺中市,南屯區,0,0,0,8,3,5,50,3,2,1,5,4,5,7,4,4,1,4,5,2,16,6,3,10,1,1,B03,7,10,1,8,1,8,4,6,6,1,4,8,B03,120.621719,24.151225,4
2022,8,11,16,13,臺中市,后里區,0,2,0,8,1,5,60,3,1,1,5,4,5,7,1,1,1,4,5,2,12,7,3,10,1,1,B12,7,8,1,8,2,2,,7,7,1,22,8,B12,120.722627,24.283912,2