年,月,日,時,分,縣市,區,死,受傷,2-30,天候,光線,道路類別,速限,道路型態,事故位置,路面鋪裝,路面狀態,路面缺陷,障礙物,視距,號誌種類,號誌動作,分向設施,快車道或一般車道間,快慢車道間,路面邊線,事故類型及型態,主要肇因,受傷程度,主要傷處,保護裝備,行動電話,當事者區分,車輛用途,當事者行動狀態,駕駛資格情形,駕駛執照種類,飲酒情形,車輛撞擊部位最初,車輛撞擊部位其他,肇事因素個別,肇事因素主要,肇事逃逸,職業,旅次目的,車種,GPS緯度,GPS經度,事故類別
2022,8,16,13,37,臺中市,北屯區,0,1,0,8,1,5,50,4,1,1,5,4,5,7,4,4,10,5,5,2,15,6,2,9,1,1,C03,7,9,1,10,2,11,,6,6,1,22,8,C03,120.67954,24.181788,2
2022,8,16,13,45,臺中市,北屯區,0,1,0,8,1,5,40,14,7,1,5,4,5,7,4,4,5,5,4,2,16,19,3,10,1,1,B03,7,1,1,8,2,1,,19,19,1,5,8,B03,120.680023,24.168663,2
2022,8,16,13,46,臺中市,太平區,0,1,0,8,1,5,50,4,1,1,5,4,5,7,1,1,10,5,5,2,16,7,3,10,3,4,B03,7,8,1,8,2,2,,7,7,1,9,8,B03,120.705068,24.148288,2
2022,8,16,13,56,臺中市,西屯區,0,0,0,8,,,1,,,,,,,,,,,,,,,18,,,,,C03,,,1,,1,,,18,,1,4,,C03,120.654135,24.155778,3
2022,8,16,13,57,臺中市,豐原區,0,0,0,8,,,50,,,,,,,,,,,,,,,6,,,,,B03,,,1,,2,,,6,,1,21,,B03,120.725278,24.253128,3
2022,8,16,14,11,臺中市,西屯區,0,0,0,8,,,40,,,,,,,,,,,,,,,18,,,,,B03,,,1,,1,,,18,,1,4,,B03,120.648808,24.17469,3
2022,8,16,14,21,臺中市,北區,0,2,0,8,1,5,50,4,1,1,5,4,5,7,1,1,10,5,5,2,16,6,2,9,1,1,C03,7,5,1,10,2,14,,6,6,1,22,9,C03,120.680829,24.167105,2
2022,8,16,14,25,臺中市,北屯區,0,0,0,8,,,50,,,,,,,,,,,,,,,23,,,,,B01,,,1,,1,,,23,,1,5,,B01,120.692444,24.169102,3
2022,8,16,14,28,臺中市,太平區,0,0,0,8,,,30,,,,,,,,,,,,,,,17,,,,,B12,,,1,,1,,,17,,1,22,,B12,120.718788,24.14737,3
2022,8,16,14,30,臺中市,豐原區,0,1,0,8,1,5,40,14,8,1,5,4,5,7,4,4,3,4,4,1,17,23,2,9,1,1,C03,7,9,1,10,2,11,,23,23,1,22,8,C03,120.734293,24.259648,2
2022,8,16,14,45,臺中市,大里區,0,2,0,8,1,5,50,14,9,1,5,4,5,7,4,4,1,4,5,1,13,23,2,9,1,1,C03,7,9,1,10,2,11,,23,23,1,18,5,C03,120.682948,24.099835,2
2022,8,16,14,49,臺中市,大雅區,0,2,0,8,1,5,50,14,9,1,5,4,5,7,4,4,1,4,5,1,17,7,3,10,1,1,C03,7,8,3,18,2,13,,7,7,1,22,8,C03,120.665576,24.234846,2
2022,8,16,14,51,臺中市,烏日區,0,1,0,8,1,5,50,4,1,1,5,4,5,7,2,1,1,4,3,1,16,10,2,9,1,1,C03,7,11,1,10,2,11,12,10,10,1,20,8,C03,120.589867,24.113606,2
2022,8,16,14,54,臺中市,南區,0,2,0,8,1,5,50,4,1,1,5,4,5,7,1,1,10,5,5,2,16,9,3,10,1,1,B03,7,6,1,8,2,5,,9,9,1,5,8,B03,120.655457,24.115199,2
2022,8,16,14,57,臺中市,北區,0,1,0,8,1,5,40,14,8,1,5,4,5,7,4,4,5,4,4,2,12,23,3,10,1,1,C03,7,9,3,18,2,12,,23,23,1,22,9,C03,120.680183,24.148267,2
2022,8,16,15,1,臺中市,沙鹿區,0,1,0,8,1,5,40,14,8,1,5,4,5,7,4,4,3,4,3,1,16,7,3,10,1,1,B03,7,8,1,8,2,5,,7,7,1,22,9,B03,120.565909,24.238734,2
2022,8,16,15,6,臺中市,北區,0,2,0,8,1,5,50,3,1,1,5,4,5,7,2,1,10,5,5,2,17,25,2,9,1,1,C03,7,9,3,18,2,11,,25,25,1,22,8,C03,120.699069,24.155524,2
2022,8,16,15,20,臺中市,太平區,0,1,0,8,1,5,30,3,2,1,5,4,5,7,4,4,5,5,5,1,16,26,3,10,3,4,B12,7,5,1,8,2,2,,26,26,1,20,8,B12,120.733318,24.152316,2
2022,8,16,15,25,臺中市,豐原區,0,2,0,8,1,5,50,4,2,1,5,4,5,7,1,1,3,3,3,1,17,43,2,8,3,4,C03,7,9,1,10,2,11,,43,43,1,22,8,C03,120.735672,24.26088,2
2022,8,16,15,29,臺中市,豐原區,0,2,0,8,1,5,50,4,18,1,5,4,5,7,2,1,10,5,5,2,3,15,3,10,3,4,B03,7,5,1,8,2,1,,15,15,1,22,8,B03,120.721877,24.25935,2
2022,8,16,15,38,臺中市,沙鹿區,0,0,0,8,,,40,,,,,,,,,,,,,,,19,,,,,B03,,,1,,2,,,19,,1,22,,B03,120.563009,24.233544,3
2022,8,16,15,39,臺中市,北區,0,0,0,8,,,50,,,,,,,,,,,,,,,23,,,,,C03,,,1,,1,,,23,,1,22,,C03,120.685395,24.152786,3
2022,8,16,15,47,臺中市,神岡區,0,0,0,8,,,50,,,,,,,,,,,,,,,16,,,,,B12,,,1,,1,,,16,,1,22,,B12,120.685735,24.246629,3
2022,8,16,15,52,臺中市,北屯區,0,0,0,8,,,50,,,,,,,,,,,,,,,12,,,,,B03,,,1,,1,,,12,,1,22,,B03,120.664409,24.193342,3
2022,8,16,15,55,臺中市,神岡區,0,1,0,8,1,5,30,4,1,1,5,4,5,7,4,4,10,5,5,2,16,6,2,7,1,1,C03,7,6,1,9,2,11,,6,6,1,22,4,C03,120.683345,24.275203,2
2022,8,16,16,9,臺中市,大雅區,0,0,0,8,,,30,,,,,,,,,,,,,,,12,,,,,B12,,,1,,2,,,12,,1,22,,B12,120.666046,24.215914,3
2022,8,16,16,16,臺中市,北屯區,0,1,0,8,1,5,50,14,9,1,5,4,5,7,4,4,1,4,5,2,13,23,2,9,1,1,C04,7,9,1,10,2,11,,23,23,1,22,8,C04,120.671106,24.17458,2
2022,8,16,16,36,臺中市,大里區,0,0,0,8,,,50,,,,,,,,,,,,,,,17,,,,,C03,,,1,,1,,,17,,1,5,,C03,120.689435,24.108975,3
2022,8,16,16,36,臺中市,清水區,0,1,0,8,1,5,70,14,9,1,5,2,4,7,4,4,8,3,4,1,18,23,2,9,1,1,C03,7,9,1,10,2,14,,23,23,1,21,8,C03,120.602392,24.310869,2
2022,8,16,16,40,臺中市,大雅區,0,1,0,8,1,5,30,4,1,1,5,4,5,7,4,4,10,5,5,1,17,23,2,9,1,1,C03,7,9,1,10,2,11,,23,23,1,22,9,C03,120.650546,24.230536,2
2022,8,16,16,42,臺中市,豐原區,0,3,0,8,1,5,60,14,7,1,5,4,5,7,4,4,1,4,4,1,17,16,2,9,1,1,B12,7,9,1,8,2,1,,16,16,1,12,8,B12,120.726148,24.237616,2
2022,8,16,16,45,臺中市,大肚區,0,1,0,8,1,5,30,13,9,1,5,4,5,7,4,4,10,5,5,2,16,19,2,8,1,1,C03,7,1,1,10,2,11,,19,19,1,5,4,C03,120.555066,24.137497,2
2022,8,16,16,45,臺中市,后里區,0,1,0,8,1,5,15,4,1,1,5,4,5,7,3,1,10,5,5,2,15,6,3,10,1,1,B12,7,9,1,8,2,8,,6,6,1,22,8,B12,120.718414,24.314659,2
2022,8,16,17,3,臺中市,潭子區,0,0,0,8,,,50,,,,,,,,,,,,,,,23,,,,,B03,,,1,,2,,,23,,1,22,,B03,120.711315,24.20709,3
2022,8,16,17,5,臺中市,西區,0,0,0,8,,,50,,,,,,,,,,,,,,,9,,,,,B12,,,1,,1,,,9,9,1,4,,B12,120.666596,24.15043,3
2022,8,16,17,8,臺中市,沙鹿區,0,1,0,8,1,5,40,14,8,1,5,4,5,7,4,4,10,5,3,2,29,23,2,9,1,1,C03,7,9,1,10,2,14,,23,23,1,22,8,C03,120.574683,24.22878,2
2022,8,16,17,11,臺中市,北屯區,0,0,0,8,1,5,50,14,7,1,5,4,5,7,4,4,10,5,4,2,12,23,,,,,B11,,,1,,1,,,23,,1,22,,B11,120.693036,24.179969,3
2022,8,16,17,20,臺中市,豐原區,0,2,0,8,1,5,50,4,2,1,5,4,5,7,1,1,8,3,5,1,17,6,2,8,3,4,C03,7,5,1,10,2,12,,6,6,1,22,8,C03,120.733619,24.255241,2
2022,8,16,17,20,臺中市,神岡區,0,1,0,8,1,5,50,4,1,1,5,4,5,7,1,1,5,5,5,1,16,6,3,10,1,1,B03,7,6,1,7,2,5,,6,6,1,21,8,B03,120.696935,24.256895,2
2022,8,16,17,21,臺中市,西屯區,0,1,0,8,1,5,50,14,7,1,5,4,5,7,4,4,1,4,1,1,13,23,3,10,1,4,B03,7,9,1,8,1,1,,23,23,1,4,8,B03,120.649126,24.163155,2
2022,8,16,17,21,臺中市,大甲區,0,2,0,8,1,5,50,14,9,1,5,4,5,7,4,4,5,5,5,1,17,19,2,8,1,1,C03,7,1,1,10,2,11,,19,19,1,21,8,C03,120.622324,24.349764,2
2022,8,16,17,25,臺中市,霧峰區,0,0,0,8,,,60,,,,,,,,,,,,,,,7,,,,,B03,,,1,,2,,,7,,1,21,,B03,120.69599,24.065272,3
2022,8,16,17,27,臺中市,西區,0,0,0,8,,,30,,,,,,,,,,,,,,,6,,,,,C03,,,1,,1,,,6,,1,22,,C03,120.670873,24.152952,3
2022,8,16,17,29,臺中市,大里區,0,0,0,8,,,50,,,,,,,,,,,,,,,16,,,,,C03,,,1,,2,,,16,,1,22,,C03,120.679196,24.114321,3
2022,8,16,17,34,臺中市,西屯區,0,0,0,8,,,40,,,,,,,,,,,,,,,12,,,,,B03,,,1,,1,,,12,,1,22,,B03,120.612869,24.190221,3
2022,8,16,17,35,臺中市,龍井區,0,1,0,8,1,5,50,4,1,1,5,4,5,7,1,1,10,5,5,2,16,6,3,10,1,1,B03,7,5,1,8,2,2,,6,6,1,12,8,B03,120.545474,24.183704,2
2022,8,16,17,35,臺中市,豐原區,0,0,0,8,,,50,,,,,,,,,,,,,,,17,,,,,B12,,,1,,2,,,17,,1,22,,B12,120.723563,24.254355,3
2022,8,16,17,37,臺中市,西區,0,0,0,8,,,50,,,,,,,,,,,,,,,23,,,,,B03,,,1,,1,,,23,,1,4,,B03,120.65739,24.148872,3
2022,8,16,17,40,臺中市,北區,0,0,0,8,,,50,,,,,,,,,,,,,,,23,,,,,A05,,,1,,1,,,23,,1,10,,A05,120.680495,24.157178,3
2022,8,16,17,40,臺中市,北屯區,0,0,0,8,,,50,,,,,,,,,,,,,,,23,,,,,B03,,,1,,2,,,23,,1,5,,B03,120.694023,24.163925,3
2022,8,16,17,40,臺中市,清水區,0,0,0,8,1,5,50,14,9,1,5,4,5,7,1,1,5,5,5,2,13,23,3,10,1,1,C03,7,9,1,10,2,11,,23,23,1,5,1,C03,120.556773,24.266315,3
2022,8,16,17,49,臺中市,西區,0,1,0,8,1,5,50,14,7,1,5,4,5,7,1,1,1,2,4,1,12,17,3,10,1,1,C03,7,9,1,10,2,14,,17,17,1,5,8,C03,120.657258,24.149867,2
2022,8,16,17,57,臺中市,北區,0,1,0,8,1,5,50,4,1,1,5,4,5,7,1,1,10,5,5,2,16,6,3,10,1,1,B03,7,5,1,8,2,8,,6,6,1,22,9,B03,120.676786,24.149748,2
2022,8,16,18,4,臺中市,東區,0,1,0,7,2,5,50,14,20,1,5,4,5,7,4,4,10,5,5,2,17,23,3,10,1,1,C03,7,1,6,10,6,15,,23,23,1,22,9,C03,120.691655,24.12537,2
2022,8,16,18,5,臺中市,大肚區,0,0,0,8,,,30,,,,,,,,,,,,,,,42,,,,,A31,,,1,,2,,,42,,1,10,,A31,120.570931,24.131056,3
2022,8,16,18,5,臺中市,豐原區,0,0,0,,,,30,,,,,,,,,,,,,,,12,,,,,B12,,,1,,9,,,12,,1,5,,B12,120.725013,24.23741,3
2022,8,16,18,8,臺中市,梧棲區,0,0,0,8,,,50,,,,,,,,,,,,,,,12,,,,,B03,,,1,,2,,,12,,1,22,,B03,120.537321,24.244319,3
2022,8,16,18,12,臺中市,北區,0,2,0,8,2,5,50,14,7,1,5,4,5,7,4,4,5,5,4,2,17,19,2,9,1,1,C03,7,1,1,10,2,14,,19,19,1,22,8,C03,120.69839,24.1561,2
2022,8,16,18,18,臺中市,北屯區,0,1,0,8,3,5,50,4,1,1,5,4,5,7,2,1,10,5,5,2,16,6,3,10,1,1,B03,7,5,1,8,2,1,,6,6,1,21,8,B03,120.679428,24.171335,2
2022,8,16,18,18,臺中市,豐原區,0,1,0,8,1,5,50,4,9,1,5,4,5,7,4,4,5,5,5,2,16,6,2,9,3,4,C03,7,5,1,10,2,11,,6,6,1,22,8,C03,120.719301,24.246583,2
2022,8,16,18,19,臺中市,北屯區,0,0,0,8,,,50,,,,,,,,,,,,,,,23,,,,,B03,,,1,,1,,,23,,1,22,,B03,120.691665,24.164845,3
2022,8,16,18,23,臺中市,龍井區,0,1,0,8,1,5,50,3,1,1,5,4,5,7,4,4,10,5,5,1,16,44,3,10,1,1,B03,7,5,1,8,2,6,,44,8,1,12,8,B03,120.54568,24.188083,2
2022,8,16,18,34,臺中市,梧棲區,0,1,0,8,2,5,50,14,9,1,5,4,5,7,4,4,9,5,5,2,16,23,3,10,1,1,C03,7,9,1,10,2,12,,23,23,1,12,8,C03,120.531558,24.265016,2
2022,8,16,18,40,臺中市,西屯區,0,1,0,8,1,5,40,14,8,1,5,4,5,7,4,4,1,5,5,2,16,6,3,10,1,1,B01,7,6,1,4,2,6,,6,6,1,22,8,B01,120.642238,24.157351,2
2022,8,16,18,44,臺中市,西區,0,1,0,8,3,5,50,4,2,1,5,4,5,7,2,1,5,4,5,2,13,23,3,10,1,1,A02,7,9,1,2,2,5,,23,23,1,10,9,A02,120.661687,24.146708,2
2022,8,16,18,47,臺中市,東區,0,1,0,8,2,5,50,5,1,1,5,2,1,7,1,1,10,5,5,2,18,25,2,9,1,1,C03,7,5,1,10,2,12,,25,25,1,22,8,C03,120.691277,24.133716,2
2022,8,16,18,51,臺中市,北屯區,0,2,0,8,3,5,50,4,1,1,5,4,5,7,4,4,5,5,5,2,16,6,2,9,1,1,C03,7,5,1,10,2,12,,6,6,1,22,8,C03,120.687759,24.172484,2
2022,8,16,19,0,臺中市,潭子區,0,0,0,8,,,50,,,,,,,,,,,,,,,23,,,,,B03,,,1,,2,,,23,,1,22,,B03,120.701988,24.207261,3
2022,8,16,19,3,臺中市,大里區,0,0,0,8,,,30,,,,,,,,,,,,,,,6,,,,,C03,,,1,,2,,,6,,1,4,,C03,120.706303,24.083418,3
2022,8,16,19,14,臺中市,北屯區,0,0,0,8,,,50,,,,,,,,,,,,,,,16,,,,,B03,,,1,,1,,,16,,1,5,,B03,120.678345,24.201386,3
2022,8,16,19,15,臺中市,大肚區,0,1,0,8,3,5,30,14,9,1,5,4,5,7,4,4,10,5,5,2,17,23,2,9,1,1,C03,7,9,3,18,2,12,,23,23,1,19,8,C03,120.566654,24.123147,2
2022,8,16,19,16,臺中市,沙鹿區,0,1,0,8,3,5,50,3,18,1,5,4,5,7,4,4,10,5,5,2,3,15,3,10,2,1,A04,7,5,1,1,2,1,,15,15,1,10,4,A04,120.56555,24.23713,2
2022,8,16,19,29,臺中市,沙鹿區,0,1,0,8,3,5,50,14,9,1,5,4,5,7,4,4,5,5,5,2,17,26,3,10,1,1,B03,7,15,1,8,2,2,,26,26,1,22,8,B03,120.554077,24.231059,2
2022,8,16,19,32,臺中市,北區,0,1,0,7,3,5,50,4,1,1,5,4,5,7,1,1,10,5,5,2,16,43,3,10,1,1,C03,7,9,1,10,1,12,,43,43,1,5,8,C03,120.682416,24.145861,2
2022,8,16,19,46,臺中市,北區,0,2,0,8,3,5,50,4,1,1,5,4,5,7,1,1,10,5,5,2,13,23,2,9,1,1,C03,7,9,1,10,8,11,,23,23,1,22,8,C03,120.671456,24.17374,2
2022,8,16,19,58,臺中市,沙鹿區,0,1,0,7,3,5,40,3,1,1,5,4,5,7,1,1,10,5,5,2,16,25,2,9,1,1,C03,7,9,1,10,2,11,,25,25,1,22,9,C03,120.580968,24.214567,2
2022,8,16,20,0,臺中市,大里區,0,0,0,8,,,50,,,,,,,,,,,,,,,17,,,,,C03,,,1,,2,,,17,,1,5,,C03,120.678619,24.115036,3
2022,8,16,20,5,臺中市,大雅區,0,1,0,8,3,5,50,14,8,1,5,4,4,7,4,4,1,4,4,1,9,60,3,10,4,5,H01,8,16,8,20,10,16,,60,60,1,22,9,H01,120.646884,24.222052,2
2022,8,16,20,15,臺中市,西屯區,0,2,0,8,3,5,40,4,1,1,5,4,5,7,2,1,5,4,4,1,17,8,2,9,1,1,C03,7,5,1,10,2,13,,8,8,1,1,9,C03,120.65263,24.166498,2
2022,8,16,20,20,臺中市,西屯區,0,0,0,8,,,40,,,,,,,,,,,,,,,17,,,,,A04,,,1,,1,,,17,,1,22,,A04,120.638808,24.168461,3
2022,8,16,20,22,臺中市,龍井區,0,0,0,8,,,50,,,,,,,,,,,,,,,23,,,,,F03,,,8,,1,,,23,,1,22,,F03,120.585643,24.186015,3
2022,8,16,20,34,臺中市,梧棲區,0,0,0,8,,,30,,,,,,,,,,,,,,,23,,,,,B03,,,1,,2,,,23,,1,12,,B03,120.523944,24.250741,3
2022,8,16,20,45,臺中市,南區,0,1,0,8,3,5,50,14,7,1,5,4,5,7,4,4,5,5,4,2,13,16,2,8,1,1,C02,7,9,4,10,2,11,,16,16,1,5,8,C02,120.6807,24.12938,2
2022,8,16,21,12,臺中市,南區,0,1,0,8,3,5,40,4,1,1,5,4,5,7,2,1,10,5,5,2,8,12,4,11,3,4,B03,7,2,7,19,11,7,,12,12,1,22,9,B03,120.657943,24.117891,2
2022,8,16,21,17,臺中市,北區,0,0,0,8,,,40,,,,,,,,,,,,,,,12,,,,,B03,,,1,,11,,,12,,1,21,,B03,120.692864,24.159606,3
2022,8,16,21,17,臺中市,龍井區,0,1,0,8,3,5,40,4,2,1,5,4,5,7,1,1,3,4,3,2,17,6,3,10,1,1,B03,7,8,1,2,2,2,,6,6,1,21,8,B03,120.57727,24.17727,2
2022,8,16,22,24,臺中市,西區,0,0,0,,,,,,,,,,,,,,,,,,,67,,,,,B03,,,1,,1,,,44,67,1,5,,B03,120.675476,24.136251,3
2022,8,16,23,34,臺中市,霧峰區,0,1,0,8,3,5,30,11,9,1,5,4,5,7,4,4,10,5,5,1,25,43,2,9,3,4,C03,7,9,1,10,2,12,,43,43,1,22,8,C03,120.676174,24.073056,2
2022,8,17,0,34,臺中市,北屯區,0,1,0,8,3,5,50,5,1,1,5,4,5,7,1,1,10,5,5,2,17,25,3,10,1,1,B03,7,5,6,18,2,1,,25,25,1,21,8,B03,120.697705,24.170423,2
2022,8,17,1,17,臺中市,北屯區,0,1,0,6,3,5,50,14,9,1,4,4,5,7,4,4,1,3,5,2,16,17,3,10,1,1,B03,7,9,1,8,2,2,,17,17,1,21,8,B03,120.68529,24.171212,2
2022,8,17,1,51,臺中市,南屯區,0,0,0,8,,,50,,,,,,,,,,,,,,,12,,,,,B03,,,6,,11,,,12,,1,22,,B03,120.651427,24.150897,3
2022,8,17,4,48,臺中市,北區,0,1,0,8,2,5,50,4,1,1,5,4,5,7,3,1,10,5,5,2,15,6,2,9,1,1,C03,7,9,1,8,2,11,,6,6,1,22,9,C03,120.674385,24.17163,2
2022,8,17,5,8,臺中市,豐原區,0,0,0,8,,,50,,,,,,,,,,,,,,,38,,,,,B03,,,6,,2,,,38,38,1,21,,B03,120.72951,24.252388,3
2022,8,17,5,14,臺中市,大里區,0,1,0,8,1,5,50,4,2,1,5,4,5,7,1,1,5,5,4,1,13,23,3,10,3,4,B12,7,9,1,8,2,1,,23,23,1,22,8,B12,120.695971,24.096303,2
2022,8,17,5,55,臺中市,大里區,0,3,0,8,2,5,50,4,1,1,5,4,5,7,3,1,10,5,5,2,16,6,2,9,1,1,C03,7,9,1,10,2,11,,6,6,1,9,8,C03,120.67781,24.113564,2
2022,8,17,6,23,臺中市,西屯區,0,1,0,8,1,5,50,14,8,1,5,4,5,7,4,4,5,4,4,2,16,9,3,10,3,4,B03,7,6,1,8,2,2,,9,9,1,22,8,B03,120.646616,24.175033,2
2022,8,17,6,27,臺中市,北屯區,0,1,0,7,1,5,50,14,9,1,5,4,5,7,4,4,4,3,5,2,16,26,2,8,1,1,C03,7,9,1,10,2,11,,26,26,1,21,8,C03,120.682669,24.193374,2
2022,8,17,6,41,臺中市,北屯區,0,1,0,7,1,5,40,14,9,1,5,4,5,7,4,4,1,3,5,2,9,19,3,10,1,1,B03,7,1,1,8,2,1,,19,19,1,21,8,B03,120.698369,24.174083,2
2022,8,17,6,58,臺中市,梧棲區,0,2,0,8,1,5,40,4,2,1,5,4,5,7,1,1,1,5,5,2,13,16,2,9,1,1,C03,7,9,1,10,2,11,,16,16,1,5,1,C03,120.522613,24.224112,2
2022,8,17,7,16,臺中市,北區,0,2,0,8,1,5,40,15,8,1,5,4,5,7,4,4,5,4,4,2,16,43,2,9,1,1,C03,7,9,1,10,2,14,,43,43,1,22,8,C03,120.694166,24.155241,2
2022,8,17,7,17,臺中市,大里區,0,0,0,8,,,50,,,,,,,,,,,,,,,23,,,,,B03,,,1,,2,,,23,,1,5,,B03,120.695163,24.10311,3
2022,8,17,7,21,臺中市,梧棲區,0,1,0,8,1,5,40,14,9,1,5,4,5,7,1,1,5,5,5,1,12,7,3,10,1,1,B12,7,10,1,8,2,7,,7,7,1,4,8,B12,120.545347,24.229307,2
2022,8,17,7,27,臺中市,太平區,0,1,0,8,1,5,50,4,1,1,5,4,5,7,1,1,1,5,1,2,16,26,3,10,3,4,B01,7,6,1,4,2,2,,26,26,1,10,8,B01,120.717713,24.15847,2
2022,8,17,7,31,臺中市,清水區,0,2,0,8,1,5,50,3,2,1,5,4,5,7,1,1,5,5,5,2,16,19,2,9,1,1,C03,7,1,4,8,2,11,,19,19,1,5,5,C03,120.573506,24.266528,2
2022,8,17,7,34,臺中市,神岡區,0,1,0,8,1,5,60,3,2,1,5,4,5,7,1,1,1,4,5,1,13,42,3,10,3,4,B03,7,12,1,8,2,7,,42,42,1,22,9,B03,120.689495,24.24779,2
2022,8,17,7,35,臺中市,清水區,0,1,0,8,1,5,50,14,9,1,5,4,5,7,4,4,5,4,5,1,16,44,3,10,1,1,B03,7,9,1,8,2,1,,44,44,1,21,8,B03,120.57112,24.26281,2
2022,8,17,7,37,臺中市,沙鹿區,0,0,0,8,,,50,,,,,,,,,,,,,,,17,,,,,B03,,,1,,2,,,17,,1,4,,B03,120.589628,24.247391,3
2022,8,17,7,38,臺中市,北屯區,0,1,0,8,1,5,50,14,9,1,5,4,5,7,4,4,1,4,5,2,12,7,3,10,1,1,B12,7,8,1,8,2,2,,7,7,1,9,8,B12,120.686546,24.172227,2
2022,8,17,7,40,臺中市,豐原區,0,1,0,8,1,5,50,5,1,1,5,4,5,7,1,1,10,5,5,2,17,16,2,9,1,1,C01,7,9,1,9,2,11,,16,16,1,22,8,C01,120.722685,24.277731,2
2022,8,17,7,46,臺中市,大肚區,0,1,0,7,1,5,60,3,1,1,5,4,5,7,2,1,10,5,5,2,16,25,3,10,1,1,B12,7,9,1,8,2,5,,25,25,1,22,8,B12,120.582649,24.168588,2
2022,8,17,7,48,臺中市,太平區,0,1,0,8,1,5,50,5,1,1,5,4,5,7,4,4,10,5,5,2,18,23,2,7,1,1,C03,7,9,1,10,2,12,,23,23,1,22,5,C03,120.710824,24.126359,2
2022,8,17,7,51,臺中市,西屯區,0,1,0,8,1,5,40,14,8,1,5,4,5,7,4,4,5,4,4,2,13,23,3,10,1,4,C03,7,9,1,10,2,11,,23,23,1,22,8,C03,120.644399,24.202013,2
2022,8,17,7,51,臺中市,大里區,0,0,0,8,,,30,,,,,,,,,,,,,,,17,,,,,B12,,,1,,2,,,17,,1,5,,B12,120.674158,24.101035,3
2022,8,17,7,53,臺中市,西屯區,0,1,0,8,1,5,50,4,1,1,5,4,5,7,1,1,10,5,5,2,13,16,2,8,1,1,C03,7,9,1,10,2,11,,16,16,1,22,8,C03,120.642486,24.19718,2
2022,8,17,7,56,臺中市,太平區,0,2,0,8,1,5,40,4,1,1,5,4,5,7,1,1,10,5,5,2,16,25,2,9,3,4,C03,7,5,1,10,2,14,,25,25,1,9,8,C03,120.722412,24.157466,2
2022,8,17,7,57,臺中市,梧棲區,0,1,0,8,1,5,50,14,9,1,5,4,5,7,4,4,5,4,5,1,16,26,3,10,1,1,B03,7,11,1,8,2,8,,26,26,1,4,8,B03,120.527501,24.243365,2
2022,8,17,7,59,臺中市,梧棲區,0,0,0,,,,50,,,,,,,,,,,,,,,6,,,,,B12,,,1,,2,,,6,,1,4,,B12,120.530983,24.255774,3
2022,8,17,8,0,臺中市,大雅區,0,1,0,8,1,5,50,4,1,1,5,4,5,7,3,1,5,5,5,1,16,8,3,10,1,1,B03,7,5,1,8,2,6,,8,8,1,22,8,B03,120.65173,24.24627,2
2022,8,17,8,2,臺中市,霧峰區,0,2,0,8,1,5,50,4,1,1,5,4,5,7,1,1,1,4,4,2,17,25,2,3,3,4,B02,7,9,1,8,2,8,,25,25,1,12,8,B02,120.693283,24.073193,2
2022,8,17,8,3,臺中市,豐原區,0,1,0,8,1,5,50,11,9,1,5,4,5,7,1,1,5,5,5,2,17,42,3,10,3,4,C03,7,5,1,10,2,14,,42,42,1,22,8,C03,120.723038,24.254786,2
2022,8,17,8,5,臺中市,清水區,0,0,0,8,,,50,,,,,,,,,,,,,,,23,,,,,B03,,,1,,1,,,23,,1,5,,B03,120.556774,24.279964,3
2022,8,17,8,12,臺中市,梧棲區,0,0,0,,,,50,,,,,,,,,,,,,,,16,,,,,B03,,,1,,1,,,16,,1,4,,B03,120.541213,24.257097,3
2022,8,17,8,21,臺中市,大甲區,0,0,0,8,1,5,50,14,9,1,5,4,5,7,2,1,10,5,5,1,16,7,3,10,2,1,C03,7,7,6,18,2,14,,7,7,2,12,1,C03,120.627325,24.346733,3
2022,8,17,8,30,臺中市,北區,0,2,0,8,1,5,50,4,1,1,5,4,5,7,2,1,10,5,5,2,16,6,2,9,1,1,C03,7,5,1,10,2,12,,6,6,1,22,9,C03,120.667561,24.153802,2
2022,8,17,8,30,臺中市,西屯區,0,1,0,8,1,5,40,14,8,1,5,4,5,7,4,4,1,5,1,2,18,43,2,9,1,1,C03,7,9,1,10,2,12,,43,43,1,22,8,C03,120.608621,24.18396,2
2022,8,17,8,30,臺中市,大里區,0,2,0,8,1,5,50,3,1,1,5,4,5,7,4,4,10,5,5,2,15,6,2,9,1,1,C03,7,9,1,10,2,11,,6,6,1,12,8,C03,120.697586,24.08048,2
2022,8,17,8,40,臺中市,沙鹿區,0,1,0,8,1,5,30,4,1,1,5,4,5,7,4,4,9,5,5,2,16,6,2,9,1,1,C03,7,9,1,10,2,11,,6,6,1,4,8,C03,120.569522,24.230333,2
2022,8,17,8,43,臺中市,大雅區,0,0,0,8,,,50,,,,,,,,,,,,,,,25,,,,,B03,,,1,,2,,,25,,1,22,,B03,120.645354,24.225559,3
2022,8,17,8,43,臺中市,北屯區,0,0,0,8,,,50,,,,,,,,,,,,,,,23,,,,,B03,,,1,,1,,,23,,1,22,,B03,120.695353,24.166998,3
2022,8,17,8,48,臺中市,北屯區,0,0,0,8,,,50,,,,,,,,,,,,,,,6,,,,,C03,,,1,10,2,,,6,6,1,21,,C03,120.687572,24.171241,3