年,月,日,時,分,縣市,區,死,受傷,2-30,天候,光線,道路類別,速限,道路型態,事故位置,路面鋪裝,路面狀態,路面缺陷,障礙物,視距,號誌種類,號誌動作,分向設施,快車道或一般車道間,快慢車道間,路面邊線,事故類型及型態,主要肇因,受傷程度,主要傷處,保護裝備,行動電話,當事者區分,車輛用途,當事者行動狀態,駕駛資格情形,駕駛執照種類,飲酒情形,車輛撞擊部位最初,車輛撞擊部位其他,肇事因素個別,肇事因素主要,肇事逃逸,職業,旅次目的,車種,GPS緯度,GPS經度,事故類別
2022,8,17,19,2,臺中市,北屯區,0,1,0,6,3,5,50,3,1,1,4,4,5,7,1,1,10,5,5,2,18,43,2,9,1,1,C03,7,9,1,10,2,14,,43,43,1,5,1,C03,120.720556,24.167818,2
2022,8,17,19,5,臺中市,北區,0,1,0,6,3,5,50,4,1,1,4,4,5,7,1,1,10,5,5,2,18,23,2,9,1,1,C03,7,1,1,10,2,12,,23,23,1,5,8,C03,120.676548,24.16324,2
2022,8,17,19,8,臺中市,東區,0,2,0,6,3,5,50,14,9,1,4,4,5,7,4,4,5,5,5,2,3,23,2,9,1,1,C03,7,9,1,10,2,12,,23,23,1,5,8,C03,120.686737,24.131688,2
2022,8,17,19,10,臺中市,梧棲區,0,1,0,6,3,5,50,4,1,1,4,4,5,7,1,1,10,5,5,2,18,42,2,9,1,1,C03,7,9,1,10,2,14,,42,42,1,23,8,C03,120.528911,24.254751,2
2022,8,17,19,10,臺中市,神岡區,0,2,0,6,3,5,50,3,1,1,4,4,5,7,4,4,5,5,5,1,16,8,2,8,1,1,C03,7,5,1,10,2,14,,8,8,1,21,8,C03,120.693398,24.237703,2
2022,8,17,19,20,臺中市,沙鹿區,0,4,0,6,3,5,60,11,8,1,4,4,5,7,1,1,1,4,4,1,13,16,2,9,1,1,C03,7,15,1,10,2,11,,16,16,1,18,5,C03,120.578611,24.25,2
2022,8,17,19,28,臺中市,北區,0,1,0,6,3,5,50,14,7,1,4,4,5,7,4,4,3,5,5,2,17,43,3,10,1,1,B01,7,11,1,8,2,15,,43,43,1,22,8,B01,120.668708,24.155886,2
2022,8,17,19,28,臺中市,東區,0,1,0,6,3,5,50,5,1,1,4,4,5,7,2,1,5,5,5,2,13,23,3,10,1,1,B03,7,9,1,8,2,1,,23,23,1,2,5,B03,120.693231,24.133402,2
2022,8,17,19,29,臺中市,西區,0,0,0,6,,,50,,,,,,,,,,,,,,,23,,,,,B03,,,1,,1,,,23,,1,22,,B03,120.665905,24.139165,3
2022,8,17,19,31,臺中市,神岡區,0,0,0,6,,,50,,,,,,,,,,,,,,,16,,,,,B03,,,1,,2,,,16,,1,22,,B03,120.696151,24.248369,3
2022,8,17,19,35,臺中市,北屯區,0,0,0,6,,,50,,,,,,,,,,,,,,,7,,,,,B03,,,1,,1,,,7,,1,5,,B03,120.693305,24.163513,3
2022,8,17,19,40,臺中市,北屯區,0,0,0,6,,,50,,,,,,,,,,,,,,,23,,,,,B11,,,1,,1,,,23,23,1,22,,B11,120.692789,24.165052,3
2022,8,17,19,43,臺中市,霧峰區,0,0,0,8,,,30,,,,,,,,,,,,,,,18,,,,,B03,,,1,,2,,,18,,1,4,,B03,120.720092,24.078548,3
2022,8,17,19,45,臺中市,大雅區,0,0,0,6,,,50,,,,,,,,,,,,,,,7,,,,,B03,,,1,,2,,,7,,1,22,,B03,120.632498,24.238659,3
2022,8,17,19,45,臺中市,西區,0,0,0,6,,,50,,,,,,,,,,,,,,,23,,,,,B12,,,1,,1,,,23,,1,22,,B12,120.669977,24.144142,3
2022,8,17,19,46,臺中市,西區,0,0,0,6,,,60,,,,,,,,,,,,,,,16,,,,,B12,,,1,,1,,,16,,1,5,,B12,120.662157,24.156062,3
2022,8,17,19,48,臺中市,潭子區,0,1,0,6,3,5,40,4,1,1,4,4,5,7,4,4,10,5,5,2,17,6,3,10,1,1,B03,7,5,1,8,2,5,,6,6,1,22,8,B03,120.695013,24.219067,2
2022,8,17,19,48,臺中市,大里區,0,0,0,8,,,50,,,,,,,,,,,,,,,26,,,,,B03,,,1,,2,,,26,,1,22,,B03,120.690122,24.107878,3
2022,8,17,19,49,臺中市,北區,0,1,0,6,3,5,40,15,8,1,4,4,5,7,4,4,3,4,4,2,18,67,,,,,,,,,,,,,67,67,1,,,,120.683046,24.146054,2
2022,8,17,19,52,臺中市,北區,0,0,0,6,,,50,,,,,,,,,,,,,,,16,,,,,B01,,,1,,1,,,16,,1,10,,B01,120.671805,24.171544,3
2022,8,17,19,52,臺中市,太平區,0,1,0,8,3,5,50,14,9,1,4,4,5,7,4,4,5,4,5,2,16,1,2,7,1,1,C03,7,4,1,10,2,14,,1,1,1,19,8,C03,120.713284,24.149468,2
2022,8,17,19,57,臺中市,中區,0,1,0,6,3,5,50,3,2,1,4,4,5,7,4,4,5,4,5,2,9,23,2,9,3,4,C03,7,9,1,10,1,12,,23,23,1,22,5,C03,120.678344,24.145111,2
2022,8,17,20,0,臺中市,新社區,0,2,0,8,3,5,50,14,9,1,4,4,5,7,4,4,10,5,5,2,12,26,2,9,1,1,C03,7,4,3,18,2,11,,26,26,1,21,8,C03,120.811664,24.229495,2
2022,8,17,20,7,臺中市,北區,0,1,0,6,3,5,50,4,1,1,4,4,5,7,4,4,10,5,5,2,16,6,3,10,1,1,B03,7,5,1,8,2,8,,6,6,1,5,8,B03,120.679461,24.153583,2
2022,8,17,20,7,臺中市,北區,0,0,0,8,,,50,,,,,,,,,,,,,,,7,,,,,C03,,,1,,2,,,7,,1,5,,C03,120.677417,24.155896,3
2022,8,17,20,9,臺中市,北區,0,1,0,6,3,5,50,4,1,1,4,4,5,7,1,1,10,5,5,2,18,23,2,9,1,1,C03,7,9,1,10,2,12,,23,23,1,22,8,C03,120.674033,24.164836,2
2022,8,17,20,16,臺中市,北屯區,0,0,0,6,,,50,,,,,,,,,,,,,,,23,,,,,B03,,,1,,2,,,23,,1,5,,B03,120.690105,24.163128,3
2022,8,17,20,23,臺中市,北區,0,0,0,8,,,50,,,,,,,,,,,,,,,12,,,,,B03,,,1,,2,,,12,,1,22,,B03,120.679291,24.16615,3
2022,8,17,20,27,臺中市,龍井區,0,0,0,8,,,60,,,,,,,,,,,,,,,16,,,,,B03,,,1,,2,,,16,,1,21,,B03,120.58728,24.185506,3
2022,8,17,20,52,臺中市,沙鹿區,0,0,0,8,,,40,,,,,,,,,,,,,,,40,,,,,B03,,,1,,2,,,40,,1,4,,B03,120.570277,24.217499,3
2022,8,17,21,18,臺中市,霧峰區,0,0,0,8,,,50,,,,,,,,,,,,,,,26,,,,,B03,,,1,,2,,,26,,1,22,,B03,120.662657,24.061012,3
2022,8,17,21,30,臺中市,潭子區,0,2,0,6,3,5,50,14,8,1,4,4,5,7,4,4,1,3,4,1,17,7,3,10,1,1,B03,7,8,1,8,2,6,,7,7,1,22,8,B03,120.706437,24.22187,2
2022,8,17,21,41,臺中市,北區,0,0,0,8,,,50,,,,,,,,,,,,,,,6,,,,,B03,,,1,,2,,,6,,1,22,,B03,120.679961,24.161631,3
2022,8,17,22,10,臺中市,西區,0,1,0,6,3,5,40,14,8,1,4,4,5,7,4,4,1,4,4,2,17,23,2,9,1,1,C03,7,9,1,10,2,11,,23,23,1,5,1,C03,120.657329,24.153761,2
2022,8,17,22,15,臺中市,新社區,0,0,0,8,,,50,,,,,,,,,,,,,,,23,,,,,C03,,,1,,2,,,23,,1,21,,C03,120.810679,24.191078,3
2022,8,17,23,0,臺中市,中區,0,0,0,8,,,50,,,,,,,,,,,,,,,19,,,,,B03,,,1,,2,,,19,,1,22,,B03,120.676445,24.144717,3
2022,8,17,23,16,臺中市,北屯區,0,1,0,8,3,5,50,4,1,1,5,4,5,7,1,1,10,5,5,2,17,26,2,9,1,1,C03,7,5,1,10,2,13,,26,26,1,21,8,C03,120.67969,24.173091,2
2022,8,17,23,53,臺中市,北屯區,0,1,0,8,3,5,50,4,1,1,5,4,5,7,1,1,10,5,5,2,16,26,3,10,1,1,C03,7,5,1,10,2,13,,26,26,1,22,8,C03,120.715149,24.164196,2
2022,8,18,0,25,臺中市,大肚區,0,1,0,8,1,5,50,14,9,1,5,4,5,7,4,4,5,5,5,1,18,43,2,9,1,1,C03,7,9,1,10,2,12,,43,43,1,21,5,C03,120.574429,24.160112,2
2022,8,18,1,40,臺中市,西屯區,0,0,0,8,,,30,,,,,,,,,,,,,,,23,,,,,B02,,,1,,2,,,23,,1,22,,B02,120.638544,24.177927,3
2022,8,18,4,44,臺中市,清水區,0,1,0,8,3,5,50,4,1,1,5,4,5,7,3,1,10,5,5,2,15,6,2,9,1,1,C03,7,9,3,18,2,11,,6,6,1,20,5,C03,120.561455,24.277245,2
2022,8,18,6,5,臺中市,大雅區,0,0,0,8,,,50,,,,,,,,,,,,,,,23,,,,,B03,,,1,,1,,,23,23,1,22,,B03,120.620622,24.242404,3
2022,8,18,6,28,臺中市,北區,0,2,0,8,1,5,50,4,1,1,5,4,5,7,1,1,10,5,5,2,15,25,2,9,1,1,C03,7,9,1,10,2,11,,25,25,1,22,9,C03,120.690385,24.159433,2
2022,8,18,7,0,臺中市,潭子區,0,1,0,7,1,5,50,4,2,1,4,4,5,7,1,1,9,4,5,1,18,23,2,9,1,1,C03,7,9,1,10,2,11,,23,23,1,22,8,C03,120.722667,24.203951,2
2022,8,18,7,22,臺中市,北區,0,1,0,8,1,5,40,14,8,1,5,4,5,7,4,4,3,4,4,2,18,43,2,9,3,4,C03,7,9,1,10,2,14,,43,43,1,5,8,C03,120.672361,24.171071,2
2022,8,18,7,30,臺中市,后里區,0,2,0,6,2,5,50,14,9,1,4,4,5,7,4,4,9,5,4,2,12,11,2,9,1,1,C03,7,9,1,10,2,11,,44,11,1,21,1,C03,120.720898,24.302982,2
2022,8,18,7,35,臺中市,霧峰區,0,1,0,6,1,5,60,4,1,1,4,4,5,7,1,1,10,5,5,2,16,21,3,10,1,1,B12,7,9,1,8,8,1,,21,21,1,9,1,B12,120.696787,24.026011,2
2022,8,18,7,37,臺中市,潭子區,0,0,0,8,,,30,,,,,,,,,,,,,,,16,,,,,B03,,,1,,2,,,16,,1,22,,B03,120.701322,24.208425,3
2022,8,18,7,37,臺中市,大雅區,0,3,0,8,1,5,50,4,1,1,5,4,5,7,1,1,5,4,5,1,15,25,2,9,1,1,C03,7,9,1,10,2,11,,25,25,1,22,8,C03,120.64585,24.225764,2
2022,8,18,7,37,臺中市,大里區,0,1,0,6,1,5,50,4,1,1,4,4,5,7,4,4,5,5,5,1,16,6,3,10,1,1,F03,7,9,8,20,2,16,,6,6,1,5,8,F03,120.698488,24.107586,2
2022,8,18,7,38,臺中市,北區,0,2,0,8,1,5,50,4,1,1,5,4,5,7,4,4,10,5,5,2,16,6,2,9,1,1,C03,7,5,1,10,2,11,,6,6,1,22,8,C03,120.691271,24.155688,2
2022,8,18,7,39,臺中市,沙鹿區,0,0,0,8,,,50,,,,,,,,,,,,,,,4,,,,,B12,,,1,,2,,,4,,1,11,,B12,120.558888,24.25,3
2022,8,18,7,42,臺中市,大里區,0,1,0,6,1,5,50,14,7,1,4,4,5,7,1,1,5,5,4,1,16,7,2,9,1,1,C03,7,7,1,10,2,14,,7,7,1,22,8,C03,120.694911,24.111716,2
2022,8,18,7,45,臺中市,霧峰區,0,1,0,8,1,5,30,14,9,1,5,4,5,7,4,4,10,5,5,1,18,42,2,9,1,1,F03,7,9,8,20,2,16,,42,42,1,12,8,F03,120.664662,24.063536,2
2022,8,18,7,50,臺中市,大雅區,0,1,0,8,1,5,50,3,2,1,5,4,5,7,4,4,1,3,5,2,17,6,3,10,1,1,B03,7,6,1,8,2,2,,6,6,1,22,8,B03,120.647928,24.221349,2
2022,8,18,7,50,臺中市,烏日區,0,0,0,8,,,50,,,,,,,,,,,,,,,23,,,,,C03,,,1,,2,,,23,,1,21,,C03,120.607366,24.110177,3
2022,8,18,7,50,臺中市,大安區,0,1,0,8,1,5,50,4,2,1,5,4,5,7,3,1,9,5,4,1,17,6,2,9,1,1,F03,7,5,8,20,2,16,,6,6,1,20,8,F03,120.596311,24.375441,2
2022,8,18,7,53,臺中市,西區,0,1,0,6,1,5,50,5,4,1,4,4,5,7,1,1,5,4,4,2,18,42,2,9,1,1,C03,7,9,1,10,2,14,,42,42,1,21,8,C03,120.67253,24.131787,2
2022,8,18,7,53,臺中市,大里區,0,2,0,8,1,5,50,14,9,1,5,4,5,7,4,4,9,5,5,2,17,6,2,8,3,4,C03,7,5,1,10,2,12,,6,6,1,12,1,C03,120.715883,24.102115,2
2022,8,18,7,53,臺中市,梧棲區,0,0,0,8,,,60,,,,,,,,,,,,,,,23,,,,,B12,,,1,,1,,,23,,1,11,,B12,120.5348,24.246943,3
2022,8,18,7,55,臺中市,太平區,0,2,0,8,1,5,50,14,7,1,5,4,5,7,4,4,9,5,4,2,16,9,2,9,1,1,F03,7,9,8,20,2,16,,23,9,1,9,1,F03,120.715529,24.105408,2
2022,8,18,7,56,臺中市,西區,0,0,0,8,,,50,,,,,,,,,,,,,,,43,,,,,,,,,,,,,43,,1,,,,120.659707,24.137703,3
2022,8,18,8,3,臺中市,北區,0,1,0,8,1,5,50,14,9,1,5,4,1,7,4,4,9,5,5,2,17,42,3,10,2,1,G03,7,15,1,8,2,1,,42,42,1,21,8,G03,120.675828,24.156697,2
2022,8,18,8,3,臺中市,大肚區,0,1,0,8,1,5,50,4,1,1,5,4,5,7,4,4,10,5,5,2,16,6,3,10,1,1,B03,7,5,1,8,2,5,,6,6,1,21,8,B03,120.548215,24.148478,2
2022,8,18,8,5,臺中市,清水區,0,0,0,8,,,60,,,,,,,,,,,,,,,16,,,,,B03,,,1,,2,,,16,16,1,21,,B03,120.596946,24.306064,3
2022,8,18,8,12,臺中市,龍井區,0,1,0,8,1,5,30,3,1,1,5,4,5,7,4,4,10,5,5,2,16,6,3,10,1,1,B03,7,5,1,8,2,4,,6,6,1,12,1,B03,120.539333,24.193753,2
2022,8,18,8,13,臺中市,大里區,0,2,0,6,1,5,50,11,9,1,4,4,5,7,4,4,5,5,5,1,18,42,2,9,1,1,C03,7,6,1,10,1,12,,42,42,1,5,8,C03,120.692611,24.122206,2
2022,8,18,8,15,臺中市,北區,0,1,0,8,1,5,50,3,9,1,5,4,5,7,4,4,5,4,5,2,16,19,3,10,1,1,C03,7,1,1,10,2,11,,19,19,1,22,8,C03,120.680966,24.161198,2
2022,8,18,8,20,臺中市,北屯區,0,2,0,8,1,5,30,4,1,1,5,4,5,7,4,4,10,5,5,2,15,6,2,9,3,4,C03,7,9,1,10,2,12,,6,6,1,21,8,C03,120.689189,24.163819,2
2022,8,18,8,31,臺中市,豐原區,0,1,0,8,1,5,50,14,7,1,5,4,5,7,4,4,1,4,4,2,17,7,3,10,1,1,B03,7,8,1,8,2,2,,7,7,1,22,8,B03,120.72568,24.260633,2
2022,8,18,8,35,臺中市,南區,0,0,0,6,,,50,,,,,,,,,,,,,,,12,,,,,B03,,,1,,2,,,12,,1,22,,B03,120.681565,24.12947,3
2022,8,18,8,36,臺中市,太平區,0,1,0,8,1,5,30,4,1,1,5,4,5,7,4,4,10,5,5,2,15,6,3,10,3,4,B03,7,9,1,8,2,1,,6,6,1,9,8,B03,120.706616,24.154125,2
2022,8,18,8,40,臺中市,龍井區,0,1,0,8,1,5,70,14,13,1,5,4,5,7,2,1,1,4,4,1,12,6,3,10,1,1,B12,7,6,1,8,2,2,,6,6,1,12,1,B12,120.540851,24.213291,2
2022,8,18,8,44,臺中市,大里區,0,0,0,8,,,50,,,,,,,,,,,,,,,17,,,,,B03,,,1,,2,,,17,,1,5,,B03,120.70682,24.107462,3
2022,8,18,8,49,臺中市,北屯區,0,1,0,7,1,5,50,4,1,1,5,4,5,7,2,1,10,5,5,2,13,23,2,8,1,1,C03,7,9,1,10,2,11,,23,23,1,21,8,C03,120.668167,24.173221,2
2022,8,18,8,49,臺中市,沙鹿區,0,2,0,8,1,5,50,4,1,1,5,4,5,3,4,4,5,5,5,1,16,6,2,9,1,1,C03,7,9,1,10,2,12,,6,6,1,22,9,C03,120.568673,24.230558,2
2022,8,18,8,50,臺中市,神岡區,0,2,0,8,1,5,50,3,2,1,5,4,5,7,1,1,5,5,4,2,17,4,2,9,1,1,F03,7,11,8,20,2,16,,4,4,1,21,8,F03,120.662093,24.257788,2
2022,8,18,8,51,臺中市,西區,0,0,0,8,,,50,,,,,,,,,,,,,,,26,,,,,B03,,,1,,1,,,26,,1,21,,B03,120.671813,24.144999,3
2022,8,18,8,52,臺中市,烏日區,0,0,0,8,,,50,,,,,,,,,,,,,,,26,,,,,B03,,,1,,2,,,26,,1,19,,B03,120.641611,24.115441,3
2022,8,18,8,53,臺中市,北區,0,1,0,8,1,5,50,5,1,1,5,4,5,7,1,1,10,5,5,2,17,16,2,9,1,1,C03,7,9,1,10,2,14,,16,16,1,22,9,C03,120.678279,24.14853,2
2022,8,18,8,55,臺中市,大里區,0,0,0,8,,,80,,,,,,,,,,,,,,,23,,,,,B03,,,1,,2,,,23,,1,22,,B03,120.691111,24.100833,3
2022,8,18,8,58,臺中市,潭子區,0,0,0,8,,,30,,,,,,,,,,,,,,,42,,,,,B12,,,1,,2,,,42,,1,22,,B12,120.723437,24.19401,3
2022,8,18,9,3,臺中市,北屯區,0,1,0,8,1,5,50,11,9,1,5,4,5,7,4,4,5,5,5,2,17,23,2,9,1,1,C03,7,9,1,10,2,12,,23,23,1,22,8,C03,120.705538,24.167456,2
2022,8,18,9,16,臺中市,北屯區,0,3,0,8,1,5,40,3,2,1,5,4,5,7,4,4,5,5,4,2,17,26,2,9,3,4,C03,7,1,4,8,2,12,,26,26,1,21,8,C03,120.699321,24.162696,2
2022,8,18,9,31,臺中市,北區,0,0,0,,,,50,,,,,,,,,,,,,,,23,,,,,B03,,,1,,1,,,23,,1,5,,B03,120.676706,24.157023,3
2022,8,18,9,32,臺中市,北屯區,0,1,0,8,1,5,50,4,1,1,5,4,5,7,4,4,10,5,5,2,16,10,3,10,1,1,B03,7,11,1,8,2,5,,10,10,1,5,8,B03,120.684893,24.201403,2
2022,8,18,9,35,臺中市,東區,0,0,0,8,,,50,,,,,,,,,,,,,,,23,,,,,B03,,,1,,2,,,23,,1,22,,B03,120.685055,24.130295,3
2022,8,18,9,40,臺中市,太平區,0,0,0,8,,,50,,,,,,,,,,,,,,,42,,,,,A12,,,1,,2,,,42,,1,22,,A12,120.715291,24.158042,3
2022,8,18,9,58,臺中市,霧峰區,0,0,0,8,,,50,,,,,,,,,,,,,,,19,,,,,B02,,,1,,9,,,19,,1,22,,B02,120.677057,24.061648,3
2022,8,18,9,59,臺中市,西區,0,0,0,8,,,50,,,,,,,,,,,,,,,7,,,,,B03,,,1,,2,,,7,,1,21,,B03,120.655145,24.135043,3
2022,8,18,10,4,臺中市,神岡區,0,1,0,8,1,5,50,14,9,1,5,4,5,7,4,4,5,5,5,1,11,26,3,10,3,4,A12,7,15,1,7,2,2,,26,26,1,10,9,A12,120.699448,24.264578,2
2022,8,18,10,7,臺中市,大里區,0,0,0,8,,,50,,,,,,,,,,,,,,,17,,,,,B03,,,1,,2,,,17,,1,22,,B03,120.681611,24.104145,3
2022,8,18,10,10,臺中市,豐原區,0,1,0,8,1,5,50,5,1,1,5,4,5,7,1,1,10,5,5,2,18,43,2,9,1,1,C03,7,6,1,10,2,11,,43,43,1,22,8,C03,120.716577,24.253113,2
2022,8,18,10,11,臺中市,大里區,0,0,0,8,,,50,,,,,,,,,,,,,,,17,,,,,B11,,,1,,2,,,17,,1,10,,B11,120.669768,24.087268,3
2022,8,18,10,12,臺中市,大甲區,0,1,0,8,1,5,70,4,1,1,5,4,5,7,1,1,10,5,5,2,16,9,3,10,1,1,B03,7,6,1,8,2,2,,9,9,1,5,8,B03,120.651326,24.38114,2
2022,8,18,10,23,臺中市,潭子區,0,0,0,8,,,40,,,,,,,,,,,,,,,23,,,,,B03,,,1,,2,,,23,,1,22,,B03,120.715659,24.211192,3
2022,8,18,10,38,臺中市,大里區,0,0,0,8,,,50,,,,,,,,,,,,,,,17,,,,,B12,,,1,,2,,,17,,1,22,,B12,120.67588,24.102411,3
2022,8,18,10,40,臺中市,中區,0,0,0,,,,50,,,,,,,,,,,,,,,23,,,,,B03,,,1,,2,,,23,,1,21,,B03,120.682302,24.136867,3
2022,8,18,10,41,臺中市,北區,0,2,0,8,1,5,50,4,1,1,5,4,5,7,4,4,10,5,5,2,15,6,2,9,1,1,C03,7,9,1,10,2,12,,6,6,1,22,9,C03,120.691334,24.155839,2
2022,8,18,10,52,臺中市,西區,0,0,0,8,,,30,,,,,,,,,,,,,,,12,,,,,B03,,,1,,1,,,12,,1,5,,B03,120.661187,24.145881,3
2022,8,18,10,55,臺中市,大里區,0,0,0,8,,,30,,,,,,,,,,,,,,,12,,,,,B02,,,1,,2,,,12,,1,5,,B02,120.678043,24.090721,3
2022,8,18,11,0,臺中市,西區,0,0,0,8,,,30,,,,,,,,,,,,,,,23,,,,,C03,,,1,,1,,,23,,1,22,,C03,120.657162,24.138358,3
2022,8,18,11,0,臺中市,霧峰區,0,0,0,8,,,30,,,,,,,,,,,,,,,42,,,,,B12,,,1,,11,,,42,,1,12,,B12,120.68824,24.038183,3
2022,8,18,11,2,臺中市,霧峰區,0,0,0,8,,,30,,,,,,,,,,,,,,,12,,,,,B12,,,1,,2,,,12,,1,12,,B12,120.682923,24.065191,3
2022,8,18,11,11,臺中市,清水區,0,1,0,8,1,5,70,14,8,1,5,4,5,7,1,1,1,4,4,1,12,6,3,10,1,1,B03,7,6,1,8,2,2,,6,6,1,5,1,B03,120.571383,24.275531,2
2022,8,18,11,20,臺中市,烏日區,0,0,0,,,,50,,,,,,,,,,,,,,,19,,,,,B03,,,1,,2,,,19,,1,22,,B03,120.625164,24.107154,3
2022,8,18,11,23,臺中市,潭子區,0,1,0,8,1,5,40,4,1,1,5,4,5,7,1,1,1,4,4,1,15,25,2,8,1,1,C03,7,9,1,10,2,11,,25,25,1,22,8,C03,120.691208,24.215976,2
2022,8,18,11,25,臺中市,潭子區,0,1,0,8,1,5,50,14,9,1,5,4,5,7,4,4,10,4,5,1,18,23,2,9,1,1,C03,7,9,1,10,2,14,,23,23,1,22,8,C03,120.726316,24.202334,2
2022,8,18,11,30,臺中市,北區,0,0,0,,,,50,,,,,,,,,,,,,,,16,,,,,C03,,,1,,2,,,16,,1,5,,C03,120.682122,24.158278,3
2022,8,18,11,30,臺中市,北屯區,0,0,0,8,,,30,,,,,,,,,,,,,,,43,,,,,B03,,,1,,10,,,43,,1,21,,B03,120.671147,24.177557,3
2022,8,18,11,32,臺中市,北屯區,0,0,0,8,,,50,,,,,,,,,,,,,,,12,,,,,B03,,,1,,1,,,12,,1,21,,B03,120.71452,24.171518,3
2022,8,18,11,32,臺中市,太平區,0,0,0,8,,,50,,,,,,,,,,,,,,,6,,,,,B03,,,1,,1,,,6,6,1,21,,B03,120.717612,24.146419,3
2022,8,18,11,37,臺中市,豐原區,0,0,0,8,,,50,,,,,,,,,,,,,,,23,,,,,B03,,,1,,2,,,23,,1,22,,B03,120.722677,24.240137,3
2022,8,18,11,40,臺中市,大里區,0,1,0,8,1,5,50,4,1,1,5,4,5,7,1,1,10,5,5,2,11,6,3,10,1,1,B12,7,5,1,8,2,1,,6,6,1,12,8,B12,120.691682,24.074011,2
2022,8,18,11,50,臺中市,石岡區,0,3,0,8,1,5,70,14,12,1,5,4,5,7,4,4,1,4,5,1,12,23,2,9,1,1,C03,7,9,1,10,2,12,,23,23,1,9,8,C03,120.80139,24.26857,2
2022,8,18,11,59,臺中市,烏日區,0,0,0,8,,,30,,,,,,,,,,,,,,,42,,,,,B02,,,1,,2,,,42,,1,22,,B02,120.647465,24.055347,3
2022,8,18,12,5,臺中市,潭子區,0,0,0,8,,,30,,,,,,,,,,,,,,,19,,,,,C03,,,1,,2,,,19,,1,22,,C03,120.700316,24.212586,3
2022,8,18,12,16,臺中市,霧峰區,0,0,0,8,,,50,,,,,,,,,,,,,,,12,,,,,B12,,,1,,2,,,12,,1,12,,B12,120.698988,24.06663,3
2022,8,18,12,21,臺中市,西區,0,1,0,8,1,5,50,3,1,1,5,4,5,7,4,4,1,5,5,2,16,26,3,10,1,1,B03,7,6,1,5,2,5,,26,26,1,5,8,B03,120.657482,24.139816,2
2022,8,18,12,22,臺中市,大安區,0,0,0,8,1,4,30,11,9,1,5,4,5,7,4,4,10,5,5,1,11,17,3,10,1,1,A12,7,9,1,3,2,2,,17,17,1,10,1,A12,120.591236,24.335779,3
2022,8,18,12,25,臺中市,北屯區,0,1,0,8,1,5,30,15,9,1,5,4,5,7,1,1,10,5,5,2,16,10,3,10,1,1,C03,7,11,1,10,2,12,,10,10,1,5,8,C03,120.72124,24.17675,2
2022,8,18,12,26,臺中市,龍井區,0,2,0,8,1,5,30,4,1,1,5,4,5,7,4,4,10,5,5,2,15,6,2,9,1,1,C03,7,9,1,10,2,11,,6,6,1,18,8,C03,120.514588,24.222138,2
2022,8,18,12,32,臺中市,大甲區,0,1,0,8,1,5,50,14,9,1,5,4,5,7,4,4,10,5,5,2,26,23,2,9,1,1,C03,7,9,1,10,2,11,,23,23,1,4,1,C03,120.650913,24.364225,2
2022,8,18,12,39,臺中市,北區,0,0,0,8,,,50,,,,,,,,,,,,,,,23,,,,,C03,,,1,,1,,,23,,1,22,,C03,120.679818,24.15215,3
2022,8,18,12,44,臺中市,大雅區,0,1,0,8,1,5,40,14,8,1,5,4,5,7,4,4,3,4,4,1,17,23,2,9,1,1,C03,7,9,1,10,2,15,,23,23,1,22,8,C03,120.64981,24.213781,2
2022,8,18,12,58,臺中市,大里區,0,0,0,8,,,30,,,,,,,,,,,,,,,17,,,,,B03,,,1,,2,,,17,,1,5,,B03,120.669833,24.106971,3
2022,8,18,13,2,臺中市,中區,0,1,0,8,1,5,50,14,9,1,5,4,5,7,4,4,7,4,5,2,9,60,3,10,4,5,H01,8,16,8,20,10,16,,60,60,1,22,8,H01,120.682591,24.138134,2
2022,8,18,13,43,臺中市,烏日區,0,0,0,8,,,30,,,,,,,,,,,,,,,17,,,,,B03,,,1,,2,,,17,,1,21,,B03,120.61634,24.110168,3
2022,8,18,13,52,臺中市,北區,0,0,0,8,,,50,,,,,,,,,,,,,,,23,,,,,B03,,,1,,2,,,23,,1,22,,B03,120.67833,24.160449,3
2022,8,18,13,55,臺中市,北屯區,0,0,0,8,,,50,,,,,,,,,,,,,,,23,,,,,B03,,,1,8,1,,,23,23,1,21,,B03,120.687928,24.173636,3
2022,8,18,14,3,臺中市,大雅區,0,0,0,8,,,50,,,,,,,,,,,,,,,16,,,,,B03,,,1,,2,,,16,,1,22,,B03,120.650704,24.210232,3
2022,8,18,14,13,臺中市,南屯區,0,0,0,8,,,50,,,,,,,,,,,,,,,23,,,,,B02,,,1,,1,,,23,,1,22,,B02,120.632283,24.137758,3
2022,8,18,14,14,臺中市,新社區,0,0,0,8,,,50,,,,,,,,,,,,,,,23,,,,,B12,,,1,,2,,,23,23,1,22,,B12,120.808868,24.250353,3
2022,8,18,14,15,臺中市,霧峰區,0,0,0,8,,,50,,,,,,,,,,,,,,,12,,,,,B11,,,1,,2,,,12,,1,9,,B11,120.690826,24.047797,3
2022,8,18,14,25,臺中市,霧峰區,0,0,0,8,,,50,,,,,,,,,,,,,,,33,,,,,A12,,,1,,2,,,33,,1,12,,A12,120.699197,24.068843,3