年,月,日,時,分,縣市,區,死,受傷,2-30,天候,光線,道路類別,速限,道路型態,事故位置,路面鋪裝,路面狀態,路面缺陷,障礙物,視距,號誌種類,號誌動作,分向設施,快車道或一般車道間,快慢車道間,路面邊線,事故類型及型態,主要肇因,受傷程度,主要傷處,保護裝備,行動電話,當事者區分,車輛用途,當事者行動狀態,駕駛資格情形,駕駛執照種類,飲酒情形,車輛撞擊部位最初,車輛撞擊部位其他,肇事因素個別,肇事因素主要,肇事逃逸,職業,旅次目的,車種,GPS緯度,GPS經度,事故類別
2022,8,18,14,32,臺中市,梧棲區,0,1,0,8,1,5,30,4,1,1,5,4,5,7,4,4,10,5,5,2,15,6,3,10,1,1,B03,7,9,1,8,2,5,,6,6,1,8,1,B03,120.539909,24.226603,2
2022,8,18,14,39,臺中市,潭子區,0,2,0,8,1,5,60,14,9,1,5,4,5,7,4,4,1,4,4,1,12,23,2,7,1,1,C03,7,6,1,10,2,11,,23,9,1,22,8,C03,120.702796,24.196148,2
2022,8,18,14,51,臺中市,北區,0,1,0,8,1,5,50,14,9,1,5,4,5,7,4,4,10,4,5,2,13,23,2,9,3,4,C03,7,9,1,10,2,11,,23,23,1,5,8,C03,120.677347,24.147205,2
2022,8,18,15,2,臺中市,烏日區,0,0,0,8,,,40,,,,,,,,,,,,,,,23,,,,,B03,,,1,,2,,,23,,1,20,,B03,120.644793,24.092963,3
2022,8,18,15,17,臺中市,北屯區,0,3,0,8,1,5,50,4,1,1,5,4,5,7,4,4,5,5,5,2,15,6,2,9,1,1,C03,7,9,1,10,2,11,,6,6,1,22,8,C03,120.701887,24.169143,2
2022,8,18,15,18,臺中市,北區,0,1,0,8,1,5,50,3,1,1,5,4,5,7,4,4,10,5,5,2,16,6,3,10,1,1,B03,7,5,1,8,2,8,,6,6,1,22,9,B03,120.688697,24.152433,2
2022,8,18,15,20,臺中市,大甲區,0,2,0,8,1,5,50,4,1,1,5,4,5,7,3,1,10,5,5,2,15,6,2,8,1,1,C03,7,9,1,10,2,14,,6,6,1,21,8,C03,120.625846,24.349981,2
2022,8,18,15,21,臺中市,北屯區,0,1,0,8,1,5,50,3,1,1,5,4,5,7,4,4,10,5,5,2,16,6,3,10,1,1,B03,7,5,1,8,2,8,,6,6,1,22,8,B03,120.741984,24.177792,2
2022,8,18,15,33,臺中市,太平區,0,0,0,8,,,50,,,,,,,,,,,,,,,19,,,,,B03,,,1,,2,,,19,,1,21,,B03,120.726203,24.149712,3
2022,8,18,15,34,臺中市,后里區,0,1,0,8,1,5,50,3,1,1,5,4,5,7,4,4,10,5,5,2,16,9,2,8,1,1,C03,7,6,1,10,2,15,,9,9,1,21,1,C03,120.723003,24.309028,2
2022,8,18,15,43,臺中市,北區,0,0,0,8,,,50,,,,,,,,,,,,,,,23,,,,,C03,,,1,,11,,,23,,2,22,,C03,120.679159,24.161579,3
2022,8,18,15,59,臺中市,梧棲區,0,1,0,8,1,5,50,3,1,1,5,4,5,7,1,1,10,5,5,2,16,26,3,10,1,1,B03,7,6,1,8,2,2,,26,26,1,12,8,B03,120.53602,24.258917,2
2022,8,18,16,8,臺中市,西區,0,0,0,8,,,40,,,,,,,,,,,,,,,12,,,,,B12,,,1,,2,,,12,12,1,5,,B12,120.65764,24.151369,3
2022,8,18,16,13,臺中市,東區,0,0,0,8,1,5,30,13,9,1,5,4,5,7,4,4,10,5,5,2,17,23,3,10,1,1,B03,7,9,1,6,2,6,,23,23,1,5,8,B03,120.684255,24.132775,3
2022,8,18,16,17,臺中市,大雅區,0,1,0,8,1,5,30,4,1,1,5,4,5,7,3,1,10,5,5,1,16,6,2,9,1,1,C03,7,9,1,10,2,11,,6,6,1,22,9,C03,120.662927,24.221587,2
2022,8,18,16,21,臺中市,北屯區,0,0,0,8,,,50,,,,,,,,,,,,,,,23,,,,,B03,,,1,,1,,,23,,1,21,,B03,120.674423,24.173996,3
2022,8,18,16,23,臺中市,北屯區,0,2,0,8,1,5,50,3,1,1,5,4,5,7,4,4,5,5,5,2,12,23,2,9,1,1,C03,7,9,1,10,2,12,,23,23,1,22,8,C03,120.709417,24.178233,2
2022,8,18,16,30,臺中市,清水區,0,0,0,8,,,50,,,,,,,,,,,,,,,12,,,,,B03,,,1,,2,,,12,,1,22,,B03,120.580555,24.295738,3
2022,8,18,16,32,臺中市,北區,0,2,0,8,1,5,50,4,1,1,5,4,5,7,1,1,10,5,5,2,17,43,2,9,1,1,C03,7,15,1,10,2,15,,43,43,1,22,8,C03,120.670506,24.159216,2
2022,8,18,16,40,臺中市,北屯區,0,1,0,8,1,5,50,14,9,1,5,4,5,7,4,4,9,5,5,2,16,10,3,10,1,1,B03,7,11,1,8,2,1,,10,10,1,22,8,B03,120.686467,24.174251,2
2022,8,18,16,40,臺中市,沙鹿區,0,0,0,,,,50,,,,,,,,,,,,,,,6,,,,,B12,,,1,,2,,,6,,1,21,,B12,120.554547,24.226089,3
2022,8,18,16,42,臺中市,大里區,0,2,0,8,1,5,50,14,9,1,5,4,5,7,4,4,9,5,5,2,16,19,2,9,1,1,C03,7,1,1,10,2,14,,19,19,1,22,8,C03,120.689648,24.083951,2
2022,8,18,16,49,臺中市,神岡區,0,1,0,8,1,5,50,4,1,1,5,4,5,7,3,3,5,5,5,1,16,16,2,9,1,1,C03,7,9,1,10,2,11,,16,16,1,22,8,C03,120.680947,24.267185,2
2022,8,18,16,51,臺中市,大雅區,0,2,0,8,1,5,50,3,1,1,5,4,5,7,4,4,5,5,5,1,12,23,3,10,1,1,B03,7,9,3,18,2,1,,23,23,1,22,9,B03,120.657188,24.224878,2
2022,8,18,16,58,臺中市,大里區,0,1,0,8,1,5,50,14,9,1,5,4,5,7,4,4,5,4,5,1,14,12,3,10,1,1,B12,7,2,1,8,1,2,,12,12,1,21,3,B12,120.674792,24.10457,2
2022,8,18,17,4,臺中市,西屯區,0,1,0,8,1,5,40,14,8,1,5,4,5,7,4,4,1,4,4,2,16,6,3,10,3,4,B03,7,6,1,8,2,2,,6,6,1,22,8,B03,120.653766,24.160845,2
2022,8,18,17,5,臺中市,梧棲區,0,1,0,8,1,5,40,4,1,1,5,4,5,7,1,1,1,4,1,2,15,25,2,9,1,1,C03,7,9,1,10,2,11,,25,25,1,4,8,C03,120.520317,24.224569,2
2022,8,18,17,8,臺中市,霧峰區,0,1,0,8,1,5,50,14,13,1,5,4,5,7,4,4,5,4,4,1,17,23,2,9,1,1,C03,7,9,1,10,2,11,,23,23,1,4,5,C03,120.663165,24.059909,2
2022,8,18,17,11,臺中市,太平區,0,2,0,8,1,5,50,14,9,1,5,4,5,7,4,4,5,4,5,1,16,26,2,9,1,1,C03,7,5,1,10,2,11,,26,26,1,21,8,C03,120.731314,24.134501,2
2022,8,18,17,12,臺中市,烏日區,0,0,0,8,,,50,,,,,,,,,,,,,,,9,,,,,B03,,,1,,2,,,9,,1,21,,B03,120.600723,24.10947,3
2022,8,18,17,13,臺中市,梧棲區,0,0,0,8,,,50,,,,,,,,,,,,,,,23,,,,,B03,,,1,,1,,,23,,1,5,,B03,120.539891,24.226621,4
2022,8,18,17,16,臺中市,北屯區,0,1,0,8,1,5,50,5,1,1,5,4,5,7,1,1,5,2,5,2,12,23,3,10,1,1,B03,7,5,1,8,2,8,,23,23,1,22,8,B03,120.678348,24.190611,2
2022,8,18,17,16,臺中市,北屯區,0,2,0,8,2,5,50,14,8,1,5,4,5,7,4,4,9,5,4,2,18,23,2,9,1,1,C03,7,9,1,10,2,14,,23,23,1,5,8,C03,120.710861,24.191503,2
2022,8,18,17,20,臺中市,大雅區,0,1,0,8,1,5,30,4,1,1,5,4,5,7,4,4,10,5,5,1,15,6,3,10,1,1,B03,7,9,3,18,2,1,,6,6,1,22,9,B03,120.638193,24.218442,2
2022,8,18,17,22,臺中市,大里區,0,0,0,8,,,30,,,,,,,,,,,,,,,12,,,,,B12,,,1,,2,,,12,,1,22,,B12,120.680246,24.116086,3
2022,8,18,17,23,臺中市,沙鹿區,0,0,0,8,,,50,,,,,,,,,,,,,,,6,,,,,B03,,,1,,2,,,6,,1,2,,B03,120.562294,24.208835,3
2022,8,18,17,24,臺中市,清水區,0,1,0,8,1,5,50,3,1,1,5,4,5,7,4,4,10,5,5,2,16,6,3,10,1,1,B03,7,6,1,8,2,2,,6,6,1,5,5,B03,120.613378,24.285941,2
2022,8,18,17,25,臺中市,北屯區,0,1,0,8,2,5,40,14,7,1,5,4,5,7,4,4,5,5,4,2,11,4,3,10,1,1,C03,7,9,1,10,2,12,,44,4,1,21,8,C03,120.681867,24.171207,2
2022,8,18,17,27,臺中市,大里區,0,1,0,8,1,5,30,3,1,1,5,4,5,7,4,4,10,4,5,1,17,9,3,10,1,1,B12,7,6,1,8,2,1,,9,9,1,21,1,B12,120.675787,24.087849,2
2022,8,18,17,28,臺中市,后里區,0,1,0,8,1,5,50,4,1,1,5,4,5,7,1,1,9,4,5,1,16,6,3,10,1,1,C03,7,5,1,10,2,14,,6,6,1,4,9,C03,120.709933,24.306547,2
2022,8,18,17,32,臺中市,梧棲區,0,1,0,8,1,5,50,4,1,1,5,4,5,7,1,1,1,4,4,1,16,4,2,9,1,1,C03,7,11,3,18,3,13,,4,4,1,4,8,C03,120.549611,24.239359,2
2022,8,18,17,35,臺中市,大肚區,0,1,0,8,1,5,50,12,9,1,5,4,5,1,4,4,5,1,5,2,18,23,2,8,1,1,C03,7,5,1,10,2,12,,23,23,1,21,8,C03,120.554396,24.150388,2
2022,8,18,17,36,臺中市,烏日區,0,0,0,8,,,50,,,,,,,,,,,,,,,26,,,,,B03,,,1,,2,,,26,26,1,22,,B03,120.597666,24.10962,3
2022,8,18,17,40,臺中市,太平區,0,1,0,8,1,5,50,3,1,1,5,4,5,7,4,4,10,5,5,2,16,26,3,10,1,1,C03,7,9,1,10,2,11,,26,26,1,21,8,C03,120.717719,24.117248,2
2022,8,18,17,44,臺中市,太平區,0,1,0,8,1,5,30,3,1,1,5,4,5,7,4,4,10,5,5,2,16,6,3,10,1,1,C03,7,5,1,10,2,11,,6,6,1,18,5,C03,120.735342,24.144663,2
2022,8,18,17,45,臺中市,太平區,0,1,0,8,1,5,50,5,1,1,5,4,5,7,1,1,10,5,5,2,16,6,3,10,1,1,B03,7,5,1,8,2,6,,6,6,1,21,8,B03,120.731627,24.140239,2
2022,8,18,17,47,臺中市,東區,0,2,0,8,1,5,50,14,8,1,5,4,5,7,4,4,9,5,4,2,16,6,2,9,1,1,C03,7,7,1,10,2,12,,6,6,1,5,8,C03,120.70334,24.13891,2
2022,8,18,17,48,臺中市,太平區,0,1,0,8,1,5,50,14,9,1,5,4,5,7,4,4,5,4,5,1,13,16,3,10,1,1,B03,7,9,1,8,2,1,,16,16,1,21,8,B03,120.702312,24.111466,2
2022,8,18,17,50,臺中市,潭子區,0,2,0,8,1,5,50,3,2,1,5,4,5,7,1,1,1,3,4,1,17,6,2,9,1,1,C03,7,5,1,10,2,11,,6,6,1,22,8,C03,120.704429,24.204695,2
2022,8,18,17,56,臺中市,后里區,0,2,0,8,1,5,40,8,8,1,5,4,5,7,4,4,2,4,4,1,13,23,2,9,1,1,C03,7,9,2,18,2,11,14,23,23,1,21,1,C03,120.676793,24.285673,2
2022,8,18,17,56,臺中市,后里區,0,0,0,,,,50,,,,,,,,,,,,,,,23,,,,,B03,,,1,,2,,,23,,1,5,,B03,120.729202,24.307298,3
2022,8,18,17,59,臺中市,北屯區,0,0,0,8,,,50,,,,,,,,,,,,,,,23,,,,,C03,,,1,,1,,,23,,1,22,,C03,120.781514,24.19673,3
2022,8,18,18,0,臺中市,太平區,0,2,0,8,3,5,50,3,1,1,5,4,5,7,4,4,10,5,5,2,16,6,2,9,1,1,C04,7,5,1,8,2,11,,6,6,1,9,5,C04,120.717171,24.11775,2
2022,8,18,18,0,臺中市,大肚區,0,1,0,8,1,5,50,3,1,1,5,4,5,7,4,4,10,5,5,2,13,23,3,10,1,1,B03,7,9,1,8,2,8,,23,23,1,21,8,B03,120.540494,24.154479,2
2022,8,18,18,1,臺中市,潭子區,0,0,0,8,,,50,,,,,,,,,,,,,,,16,,,,,B03,,,1,,2,,,16,,1,22,,B03,120.690582,24.225008,3
2022,8,18,18,8,臺中市,豐原區,0,1,0,8,1,5,50,3,1,1,5,4,5,7,4,4,10,5,5,2,18,42,2,9,1,1,C03,7,9,1,10,2,11,,42,42,1,22,8,C03,120.732535,24.250667,2
2022,8,18,18,42,臺中市,神岡區,0,1,0,8,1,5,50,4,1,1,5,4,5,7,1,1,1,4,4,1,16,6,3,10,1,1,B02,7,6,1,8,2,2,,6,6,1,22,8,B02,120.663428,24.272321,2
2022,8,18,18,43,臺中市,大里區,0,1,0,8,3,5,30,4,1,1,5,4,5,7,4,4,10,5,5,2,15,6,3,10,1,1,B03,7,9,1,8,2,5,,6,6,1,4,5,B03,120.707331,24.085552,2
2022,8,18,18,44,臺中市,西屯區,0,0,0,8,,,60,,,,,,,,,,,,,,,16,,,,,B03,,,1,,1,,,16,,1,22,,B03,120.639481,24.158369,3
2022,8,18,18,44,臺中市,神岡區,0,0,0,8,,,50,,,,,,,,,,,,,,,23,,,,,B03,,,1,,1,,,23,,1,22,,B03,120.660636,24.268738,4
2022,8,18,18,54,臺中市,豐原區,0,1,0,8,1,5,50,5,1,1,5,4,5,7,2,1,4,4,4,1,11,6,2,9,1,1,C03,7,5,1,10,2,11,12,6,6,1,21,7,C03,120.720286,24.240507,2
2022,8,18,18,55,臺中市,豐原區,0,0,0,8,,,50,,,,,,,,,,,,,,,16,,,,,C03,,,1,,1,,,16,,1,22,,C03,120.715102,24.244628,4
2022,8,18,19,1,臺中市,太平區,0,0,0,8,,,30,,,,,,,,,,,,,,,42,,,,,B12,,,1,,11,,,42,,1,21,,B12,120.729804,24.129894,3
2022,8,18,19,8,臺中市,南屯區,0,0,0,8,,,50,,,,,,,,,,,,,,,38,,,,,B03,,,1,,9,,,38,,1,22,,B03,120.643804,24.147134,3
2022,8,18,19,10,臺中市,大雅區,0,2,0,8,4,5,50,14,9,1,5,4,5,7,4,4,5,4,5,1,13,16,2,9,1,1,C03,7,9,1,10,2,11,,16,16,1,22,9,C03,120.673918,24.20885,2
2022,8,18,19,30,臺中市,大雅區,0,0,0,6,,,50,,,,,,,,,,,,,,,23,,,,,B03,,,1,,2,,,23,,1,22,,B03,120.651768,24.227987,3
2022,8,18,19,39,臺中市,梧棲區,0,0,0,,,,50,,,,,,,,,,,,,,,30,,,,,C03,,,1,,2,,,30,,1,19,,C03,120.529498,24.25277,3
2022,8,18,19,40,臺中市,后里區,0,3,0,8,3,5,30,4,2,1,5,4,5,7,4,4,10,5,5,1,16,8,2,9,1,1,C03,7,5,1,10,2,14,,8,8,1,21,1,C03,120.728983,24.313113,2
2022,8,18,19,51,臺中市,西屯區,0,1,0,8,1,5,50,4,2,1,5,4,5,7,4,4,5,5,5,2,12,7,3,10,3,4,B03,7,8,1,8,1,2,,7,7,1,22,8,B03,120.641671,24.157709,2
2022,8,18,20,2,臺中市,東區,0,1,0,8,3,5,50,4,1,1,5,4,5,7,2,1,5,4,5,2,12,9,3,10,3,4,B03,7,6,1,8,2,6,,9,9,1,21,8,B03,120.685837,24.14315,2
2022,8,18,20,3,臺中市,北屯區,0,0,0,8,,,50,,,,,,,,,,,,,,,16,,,,,B03,,,1,,1,,,16,16,1,21,,B03,120.697032,24.18309,3
2022,8,18,20,5,臺中市,東區,0,2,0,8,3,5,50,5,1,1,5,4,5,7,1,1,10,5,5,2,16,13,2,9,1,1,C03,7,9,1,10,2,11,,13,13,1,16,8,C03,120.692484,24.147902,2
2022,8,18,20,20,臺中市,大雅區,0,1,0,8,3,5,50,3,2,1,5,4,5,7,1,1,5,5,4,1,3,25,3,10,1,1,B03,7,9,1,4,2,1,,25,25,1,22,9,B03,120.644471,24.20542,2
2022,8,18,20,24,臺中市,大雅區,0,0,0,8,,,30,,,,,,,,,,,,,,,12,,,,,B03,,,1,,2,,,12,,1,22,,B03,120.644622,24.234891,3
2022,8,18,20,37,臺中市,大肚區,0,0,0,8,,,60,,,,,,,,,,,,,,,23,,,,,B03,,,1,,2,,,23,,1,22,,B03,120.582557,24.172644,3
2022,8,18,20,41,臺中市,東區,0,2,0,8,3,5,50,14,7,1,5,4,5,7,4,4,5,5,4,2,12,7,2,9,1,1,C03,7,7,1,10,2,14,,7,7,1,5,8,C03,120.702802,24.138798,2
2022,8,18,20,50,臺中市,大雅區,0,2,0,8,3,5,50,3,2,1,5,4,5,7,4,4,5,5,5,1,16,6,2,7,1,1,C03,7,5,1,10,2,11,,6,6,1,22,9,C03,120.646879,24.229251,2
2022,8,18,21,10,臺中市,中區,0,1,0,8,3,5,50,4,1,1,5,4,5,7,2,1,10,5,5,2,16,6,3,10,1,1,B02,7,5,1,8,2,8,,6,6,1,22,8,B02,120.685789,24.140133,2
2022,8,18,21,14,臺中市,北區,0,1,0,8,3,5,50,4,1,1,5,4,5,7,1,1,5,2,5,2,16,8,2,9,1,1,C03,7,5,4,8,2,13,,8,8,1,5,8,C03,120.698304,24.155297,2
2022,8,18,21,37,臺中市,烏日區,0,0,0,8,,,40,,,,,,,,,,,,,,,26,,,,,A11,,,1,,2,,,26,,1,10,,A11,120.616906,24.116118,3
2022,8,18,21,40,臺中市,沙鹿區,0,0,0,8,,,30,,,,,,,,,,,,,,,6,,,,,B03,,,1,,2,,,6,,1,5,,B03,120.568673,24.230558,3
2022,8,18,21,48,臺中市,西區,0,0,0,8,,,50,,,,,,,,,,,,,,,10,,,,,C03,,,1,,11,,,10,,2,22,,C03,120.661584,24.151632,3
2022,8,18,21,53,臺中市,大里區,0,1,0,8,3,5,50,3,1,1,5,4,5,7,1,1,5,4,4,2,11,10,3,10,1,1,B03,7,11,1,8,2,5,,10,10,1,22,8,B03,120.689418,24.118393,2
2022,8,18,22,0,臺中市,東區,0,0,0,8,,,50,,,,,,,,,,,,,,,16,,,,,B03,,,1,,2,,,16,16,1,22,,B03,120.702184,24.138882,3
2022,8,18,22,3,臺中市,北屯區,0,0,0,8,,,50,,,,,,,,,,,,,,,6,,,,,B03,,,1,,1,,,6,,1,22,,B03,120.683436,24.172401,3
2022,8,18,22,27,臺中市,西屯區,0,1,0,8,3,5,50,14,8,1,5,4,5,7,4,4,5,4,4,2,17,23,2,9,3,4,C03,7,9,1,10,2,11,,23,23,1,22,9,C03,120.64309,24.170364,2
2022,8,18,22,50,臺中市,南區,0,2,0,8,3,5,50,4,4,1,5,4,5,7,1,1,1,5,5,2,13,13,2,9,1,1,C03,7,9,1,10,2,11,,13,13,1,18,8,C03,120.648483,24.122923,2
2022,8,18,22,55,臺中市,清水區,0,0,0,8,,,30,,,,,,,,,,,,,,,10,,,,,B02,,,1,,2,,,10,,1,5,,B02,120.581833,24.26908,3
2022,8,18,23,0,臺中市,霧峰區,0,1,0,8,3,5,40,14,12,1,5,4,5,7,4,4,9,4,4,1,26,67,,,,,,,,,,,,,67,67,1,,,,120.676597,24.0397,2
2022,8,18,23,18,臺中市,大里區,0,0,0,8,,,50,,,,,,,,,,,,,,,26,,,,,C03,,,1,,1,,,26,,1,22,,C03,120.69326,24.09082,3
2022,8,18,23,20,臺中市,北屯區,0,0,0,8,,,50,,,,,,,,,,,,,,,23,,,,,B03,,,1,,2,,,23,,1,21,,B03,120.685315,24.171906,3
2022,8,19,0,25,臺中市,北區,0,1,0,8,3,5,50,4,4,1,5,4,5,7,1,1,1,5,5,2,13,23,3,10,1,1,B03,7,9,1,8,2,1,,23,23,1,22,9,B03,120.684601,24.166976,2
2022,8,19,1,12,臺中市,北區,0,0,0,,,,50,,,,,,,,,,,,,,,12,,,,,A11,,,1,,2,,,44,12,1,22,,A11,120.686453,24.147272,3
2022,8,19,1,19,臺中市,沙鹿區,1,0,0,8,3,5,50,14,9,1,5,4,5,7,3,1,10,5,5,2,26,22,1,3,2,1,B12,7,9,1,7,2,1,,22,22,1,9,5,B12,120.598111,24.251541,1
2022,8,19,2,18,臺中市,太平區,0,1,0,8,3,5,40,4,1,1,5,4,5,7,3,1,10,5,5,2,18,13,2,9,1,1,C03,7,9,1,10,2,14,,13,42,1,18,8,C03,120.718294,24.148834,2
2022,8,19,3,56,臺中市,北屯區,0,1,0,8,1,5,50,14,9,1,5,4,5,7,4,4,10,5,5,2,18,13,2,9,1,1,C03,7,9,1,10,2,14,,13,13,1,21,8,C03,120.733745,24.159423,2
2022,8,19,4,11,臺中市,西區,0,0,0,8,,,50,,,,,,,,,,,,,,,23,,,,,B03,,,1,,11,,,23,,2,22,,B03,120.668333,24.140406,3
2022,8,19,5,55,臺中市,烏日區,0,0,0,8,,,50,,,,,,,,,,,,,,,12,,,,,B03,,,1,,2,,,12,,1,21,,B03,120.640447,24.105506,3
2022,8,19,5,56,臺中市,神岡區,0,2,0,8,1,5,50,4,1,1,5,4,5,7,1,1,10,5,5,2,15,6,2,9,3,4,B03,7,9,1,8,2,1,,6,6,1,22,9,B03,120.657015,24.264366,2
2022,8,19,6,51,臺中市,神岡區,0,1,0,8,1,5,50,14,7,1,5,4,5,7,4,4,5,4,4,2,17,23,3,10,1,1,B03,7,9,1,8,2,5,,23,23,1,12,8,B03,120.682006,24.247212,2
2022,8,19,6,56,臺中市,南屯區,0,3,0,8,1,5,50,4,1,1,5,4,5,7,1,1,10,5,5,2,16,6,2,9,1,1,C03,7,5,1,10,2,12,,6,6,1,22,8,C03,120.651307,24.146777,2
2022,8,19,7,2,臺中市,神岡區,0,2,0,8,1,5,50,14,7,1,5,4,5,7,4,4,5,4,4,1,16,26,2,9,1,1,C03,7,11,1,10,2,14,,26,26,1,22,8,C03,120.646512,24.283757,2
2022,8,19,7,5,臺中市,大里區,0,1,0,8,1,5,50,14,9,1,5,4,5,7,4,4,9,5,5,1,9,60,3,10,4,5,H03,8,21,8,20,10,16,,60,60,1,22,8,H03,120.69252,24.094901,2
2022,8,19,7,14,臺中市,外埔區,0,1,0,8,1,5,50,11,9,1,5,4,5,7,4,4,5,2,5,1,11,23,2,9,1,1,C03,7,9,1,10,2,11,,23,23,1,22,8,C03,120.631117,24.334058,2
2022,8,19,7,17,臺中市,潭子區,0,0,0,8,,,50,,,,,,,,,,,,,,,16,,,,,B03,,,1,,2,,,16,,1,22,,B03,120.708645,24.229909,3
2022,8,19,7,18,臺中市,太平區,0,1,0,8,1,5,30,3,1,1,5,4,5,7,4,4,10,5,5,2,11,23,3,10,1,1,B03,7,9,1,8,2,4,,23,23,1,21,8,B03,120.718825,24.124613,2
2022,8,19,7,18,臺中市,豐原區,0,1,0,8,1,5,50,14,9,1,5,4,5,7,4,4,5,5,5,2,9,23,3,10,3,4,C03,7,9,1,10,2,11,,23,23,1,22,8,C03,120.715832,24.254944,2
2022,8,19,7,22,臺中市,沙鹿區,0,2,0,8,1,5,50,4,1,1,5,4,5,6,3,1,10,5,5,2,16,6,3,10,1,1,B03,7,9,1,8,2,4,,6,6,1,22,9,B03,120.564279,24.236543,2
2022,8,19,7,25,臺中市,沙鹿區,0,2,0,8,1,5,50,4,1,1,5,4,5,7,4,4,10,5,5,2,15,6,2,9,1,1,C03,7,9,1,10,2,11,,23,6,1,21,8,C03,120.569401,24.227189,2
2022,8,19,7,28,臺中市,豐原區,0,1,0,8,1,5,30,13,9,1,5,4,5,7,4,4,10,5,5,1,11,42,3,10,1,1,B03,7,9,1,8,2,8,,42,42,1,19,5,B03,120.713652,24.269283,2
2022,8,19,7,31,臺中市,霧峰區,0,0,0,8,,,60,,,,,,,,,,,,,,,23,,,,,B03,,,1,,2,,,23,,1,21,,B03,120.665488,24.08322,3
2022,8,19,7,36,臺中市,北屯區,0,0,0,8,,,50,,,,,,,,,,,,,,,8,,,,,B03,,,1,,2,,,44,8,1,21,,B03,120.704808,24.169497,3
2022,8,19,7,36,臺中市,大里區,0,0,0,8,,,50,,,,,,,,,,,,,,,16,,,,,B03,,,1,,1,,,16,,1,5,,B03,120.674471,24.102247,3
2022,8,19,7,37,臺中市,北屯區,0,2,0,8,1,5,40,5,1,1,5,4,5,7,1,1,10,5,5,2,15,25,2,9,1,1,C03,7,9,1,10,2,11,12,25,25,1,20,8,C03,120.670127,24.184708,2
2022,8,19,7,38,臺中市,神岡區,0,1,0,8,1,5,50,4,1,1,5,4,5,7,4,4,5,5,5,1,13,23,2,9,1,1,C03,7,9,1,10,2,11,,23,23,1,22,8,C03,120.698934,24.262801,2
2022,8,19,7,40,臺中市,南區,0,3,0,8,1,5,40,14,20,4,5,4,5,7,4,4,10,5,5,2,16,19,2,9,1,1,C03,7,1,3,18,2,11,,19,19,1,5,8,C03,120.660837,24.132509,2
2022,8,19,7,40,臺中市,烏日區,0,0,0,8,,,50,,,,,,,,,,,,,,,16,,,,,B03,,,1,,2,,,16,,1,21,,B03,120.624485,24.103682,3
2022,8,19,7,40,臺中市,神岡區,0,0,0,8,,,30,,,,,,,,,,,,,,,12,,,,,B03,,,1,,2,,,12,,1,12,,B03,120.697109,24.257111,3
2022,8,19,7,42,臺中市,大里區,0,0,0,8,,,50,,,,,,,,,,,,,,,23,,,,,B03,,,1,,2,,,23,,1,22,,B03,120.674673,24.097385,3
2022,8,19,7,44,臺中市,太平區,0,2,0,8,1,5,50,14,20,1,5,4,5,7,4,4,10,5,5,2,17,42,2,9,1,1,C03,7,9,1,10,2,12,,42,42,1,21,8,C03,120.73549,24.133597,2
2022,8,19,7,44,臺中市,豐原區,0,2,0,8,1,5,50,5,9,1,5,4,5,7,2,1,3,5,5,2,15,42,2,9,3,4,C03,7,9,1,10,2,11,,42,42,1,22,8,C03,120.703123,24.249458,2
2022,8,19,7,45,臺中市,東區,0,0,0,8,,,50,,,,,,,,,,,,,,,23,,,,,B03,,,1,,2,,,23,,1,22,,B03,120.707873,24.13446,3
2022,8,19,7,48,臺中市,大里區,0,1,0,8,1,5,50,11,13,1,5,4,5,7,4,4,1,4,5,1,12,17,3,10,1,1,C03,7,6,1,10,9,14,,17,17,2,21,1,C03,120.687556,24.09497,2
2022,8,19,7,50,臺中市,潭子區,0,0,0,8,,,30,,,,,,,,,,,,,,,23,,,,,B03,,,1,,2,,,23,,1,22,,B03,120.707532,24.199439,3
2022,8,19,7,50,臺中市,太平區,0,1,0,8,1,5,50,4,2,1,5,4,5,7,1,1,1,4,5,1,13,16,2,7,1,1,C03,7,9,1,10,1,11,,16,16,1,21,8,C03,120.716036,24.136157,2
2022,8,19,7,51,臺中市,北區,0,1,0,8,1,5,40,14,8,1,5,4,5,7,4,4,1,4,4,2,17,40,3,10,3,4,B03,7,14,1,8,2,2,,40,40,1,5,8,B03,120.673111,24.168016,2
2022,8,19,7,55,臺中市,霧峰區,0,2,0,8,1,5,40,3,1,1,5,4,5,7,3,1,10,5,5,2,16,6,2,9,1,1,F03,7,5,8,20,2,16,,6,6,1,16,8,F03,120.688979,24.065941,2
2022,8,19,7,56,臺中市,太平區,0,1,0,8,1,5,50,3,1,1,5,4,5,7,4,4,10,5,5,2,16,6,3,10,1,1,B03,7,5,1,8,2,1,,6,6,1,21,8,B03,120.72553,24.122242,2
2022,8,19,7,57,臺中市,西區,0,0,0,8,,,50,,,,,,,,,,,,,,,16,,,,,B03,,,1,,1,,,16,,1,5,,B03,120.669414,24.138753,3
2022,8,19,7,57,臺中市,太平區,0,2,0,8,1,5,50,3,2,1,5,4,5,7,4,4,5,4,5,1,16,7,2,9,1,1,C03,7,7,1,10,2,14,,7,7,1,21,8,C03,120.706939,24.118165,2