年,月,日,時,分,縣市,區,死,受傷,2-30,天候,光線,道路類別,速限,道路型態,事故位置,路面鋪裝,路面狀態,路面缺陷,障礙物,視距,號誌種類,號誌動作,分向設施,快車道或一般車道間,快慢車道間,路面邊線,事故類型及型態,主要肇因,受傷程度,主要傷處,保護裝備,行動電話,當事者區分,車輛用途,當事者行動狀態,駕駛資格情形,駕駛執照種類,飲酒情形,車輛撞擊部位最初,車輛撞擊部位其他,肇事因素個別,肇事因素主要,肇事逃逸,職業,旅次目的,車種,GPS緯度,GPS經度,事故類別
2022,8,19,17,51,臺中市,大里區,0,0,0,8,,,40,,,,,,,,,,,,,,,16,,,,,B03,,,1,,2,,,16,,1,22,,B03,120.683966,24.09062,3
2022,8,19,17,51,臺中市,龍井區,0,0,0,8,,,50,,,,,,,,,,,,,,,23,,,,,B03,,,1,,1,,,44,42,1,12,,B03,120.548313,24.209775,3
2022,8,19,17,55,臺中市,西區,0,0,0,8,,,40,,,,,,,,,,,,,,,23,,,,,B03,,,1,,2,,,23,,1,21,,B03,120.657404,24.153241,3
2022,8,19,18,0,臺中市,大雅區,0,0,0,8,,,50,,,,,,,,,,,,,,,16,,,,,B03,,,1,,2,,,16,,1,22,,B03,120.635872,24.215506,4
2022,8,19,18,1,臺中市,西屯區,0,0,0,8,,,50,,,,,,,,,,,,,,,12,,,,,B03,,,1,,1,,,12,,1,22,,B03,120.661044,24.197959,3
2022,8,19,18,1,臺中市,龍井區,0,1,0,8,1,5,50,14,13,1,5,4,5,7,1,1,9,4,5,1,17,42,2,9,1,1,C03,7,9,1,10,2,11,,42,42,1,22,8,C03,120.581421,24.174915,2
2022,8,19,18,2,臺中市,南屯區,0,1,0,6,1,5,50,3,2,1,4,4,5,7,2,1,5,2,5,2,18,23,2,9,3,4,C03,7,9,1,10,2,14,,23,23,1,22,9,C03,120.648415,24.13479,2
2022,8,19,18,3,臺中市,北區,0,1,0,8,1,5,50,14,7,1,5,4,5,7,4,4,1,4,4,2,16,7,3,10,1,1,B03,7,10,1,8,2,4,,7,7,1,22,8,B03,120.684891,24.146079,2
2022,8,19,18,5,臺中市,北屯區,0,1,0,8,3,5,50,3,1,1,5,4,5,7,4,4,10,5,5,2,16,6,3,10,1,1,B03,7,5,1,8,2,5,,6,6,1,5,8,B03,120.67109,24.17864,2
2022,8,19,18,9,臺中市,西屯區,0,1,0,8,1,5,50,14,9,1,5,4,5,7,4,4,1,3,5,1,16,7,2,9,1,4,C03,7,7,1,10,2,14,,7,7,1,4,8,C03,120.658761,24.201175,2
2022,8,19,18,11,臺中市,北屯區,0,0,0,8,,,50,,,,,,,,,,,,,,,23,,,,,C03,,,1,,1,,,23,,1,21,,C03,120.721508,24.182233,3
2022,8,19,18,13,臺中市,北屯區,0,0,0,8,,,50,,,,,,,,,,,,,,,26,,,,,B03,,,1,,1,,,26,,1,21,,B03,120.66683,24.180098,3
2022,8,19,18,16,臺中市,大雅區,0,2,0,8,3,5,30,4,1,1,5,4,5,7,1,1,5,5,5,1,16,43,2,7,3,1,F02,7,9,8,20,2,16,,43,43,1,22,9,F02,120.650308,24.24357,2
2022,8,19,18,23,臺中市,霧峰區,0,2,0,6,1,5,50,4,1,1,4,4,5,7,4,4,10,4,4,2,12,6,3,10,1,1,B03,7,6,1,8,2,5,,6,6,1,5,5,B03,120.687401,24.046147,2
2022,8,19,18,24,臺中市,霧峰區,0,0,0,6,,,30,,,,,,,,,,,,,,,6,,,,,B03,,,1,,2,,,6,,1,21,,B03,120.66851,24.077851,3
2022,8,19,18,30,臺中市,太平區,0,1,0,7,3,5,50,4,18,1,4,4,5,7,2,1,5,4,4,1,3,23,3,10,1,1,B03,7,6,1,8,2,1,,23,23,1,22,8,B03,120.713522,24.160702,2
2022,8,19,18,33,臺中市,沙鹿區,0,1,0,7,3,5,50,4,1,1,4,4,5,7,4,4,10,5,5,2,17,6,3,10,1,1,B03,7,5,1,8,2,5,,6,6,1,22,8,B03,120.582063,24.223086,2
2022,8,19,18,40,臺中市,神岡區,0,2,0,8,3,5,40,3,2,1,5,4,5,7,4,4,9,5,5,1,17,6,2,9,3,4,F03,7,5,8,20,2,16,,6,6,1,22,9,F03,120.673386,24.268826,2
2022,8,19,18,43,臺中市,東區,0,1,0,7,3,5,50,14,9,1,5,4,1,7,4,4,9,4,5,2,28,23,2,9,1,1,C03,7,9,1,10,2,14,,23,23,1,5,1,C03,120.696201,24.14275,2
2022,8,19,18,43,臺中市,北屯區,0,0,0,8,,,80,,,,,,,,,,,,,,,16,,,,,B03,,,1,,1,,,16,,1,5,,B03,120.673716,24.201156,3
2022,8,19,18,45,臺中市,太平區,0,1,0,8,3,5,50,14,9,1,5,4,5,7,4,4,5,5,5,2,12,17,3,10,1,1,C03,7,9,1,10,2,15,,17,17,1,5,5,C03,120.714411,24.141332,2
2022,8,19,18,47,臺中市,烏日區,0,0,0,,,,50,,,,,,,,,,,,,,,8,,,,,B03,,,1,,2,,,8,,1,22,,B03,120.610609,24.113735,3
2022,8,19,18,56,臺中市,西區,0,2,0,8,3,5,50,3,1,1,5,4,5,7,4,4,10,5,5,2,16,26,2,7,1,1,C03,7,5,1,10,2,11,,26,26,1,22,8,C03,120.66805,24.132089,2
2022,8,19,19,1,臺中市,西屯區,0,3,0,8,3,5,50,14,9,1,5,4,5,7,4,4,5,5,5,2,16,26,2,9,1,1,C03,7,11,1,10,2,14,,26,26,1,22,8,C03,120.663783,24.166633,2
2022,8,19,19,8,臺中市,東區,0,2,0,8,3,5,50,4,1,1,5,4,5,7,1,1,10,5,5,2,16,42,2,7,1,1,C03,7,6,1,10,2,12,,42,42,1,5,8,C03,120.708148,24.140637,2
2022,8,19,19,15,臺中市,大里區,0,0,0,8,,,50,,,,,,,,,,,,,,,12,,,,,B03,,,1,,2,,,12,,1,22,,B03,120.685226,24.106865,3
2022,8,19,19,25,臺中市,烏日區,0,0,0,8,,,40,,,,,,,,,,,,,,,23,,,,,B01,,,1,,2,,,23,,1,10,,B01,120.617926,24.110895,3
2022,8,19,19,28,臺中市,霧峰區,0,0,0,8,,,50,,,,,,,,,,,,,,,23,,,,,B03,,,6,,8,,,23,,1,21,,B03,120.716014,24.07495,3
2022,8,19,19,34,臺中市,北屯區,0,0,0,8,,,50,,,,,,,,,,,,,,,23,,,,,C03,,,1,,1,,,23,,1,21,,C03,120.68802,24.174915,3
2022,8,19,19,34,臺中市,后里區,0,0,0,7,3,5,50,4,1,1,4,4,5,7,2,1,10,5,5,2,12,2,,,,,B12,,,1,,2,,,2,,1,10,,B12,120.722305,24.308898,3
2022,8,19,19,35,臺中市,北屯區,0,1,0,7,3,5,50,14,9,1,4,4,5,7,4,4,1,4,5,2,13,23,2,9,1,1,C03,7,9,1,10,2,15,,23,23,1,22,8,C03,120.685604,24.176531,2
2022,8,19,19,36,臺中市,大里區,0,0,0,8,,,80,,,,,,,,,,,,,,,16,,,,,B03,,,1,,2,,,16,,1,4,,B03,120.690704,24.098029,3
2022,8,19,19,42,臺中市,清水區,0,1,0,8,3,5,30,4,1,1,5,4,5,7,4,4,10,5,5,2,15,6,3,10,1,1,B03,7,9,1,8,2,4,,6,6,1,5,5,B03,120.550416,24.280183,2
2022,8,19,19,45,臺中市,南區,0,0,0,,,,50,,,,,,,,,,,,,,,42,,,,,B03,,,1,,2,,,42,,1,22,,B03,120.659325,24.117608,3
2022,8,19,19,47,臺中市,大里區,0,0,0,8,,,50,,,,,,,,,,,,,,,17,,,,,B03,,,1,,2,,,17,,1,22,,B03,120.689803,24.106951,3
2022,8,19,19,57,臺中市,大里區,0,0,0,8,,,30,,,,,,,,,,,,,,,42,,,,,B03,,,1,,1,,,42,,1,22,,B03,120.730461,24.089878,3
2022,8,19,20,3,臺中市,大雅區,0,1,0,6,3,5,50,4,1,1,4,4,5,7,2,1,10,4,5,1,2,6,3,10,1,1,B03,7,5,1,8,2,1,,6,6,1,22,9,B03,120.656432,24.220792,2
2022,8,19,20,3,臺中市,北區,0,1,0,8,1,5,50,14,7,1,5,4,5,7,4,4,5,4,4,2,17,1,2,7,1,1,C03,7,9,1,10,2,15,,1,1,1,22,8,C03,120.672534,24.169736,2
2022,8,19,20,9,臺中市,大肚區,0,1,0,8,3,5,50,5,1,1,5,4,5,7,2,1,10,5,5,2,13,23,2,9,1,1,B03,7,9,1,8,2,5,,23,23,1,2,8,B03,120.56311,24.124533,2
2022,8,19,20,26,臺中市,東勢區,0,1,0,8,3,5,60,14,7,1,5,4,5,7,4,4,1,4,1,1,23,21,2,9,1,1,C03,7,9,3,18,8,14,,21,21,1,21,8,C03,120.833561,24.242288,2
2022,8,19,20,28,臺中市,南屯區,0,2,0,8,3,5,50,4,2,1,5,4,5,7,4,4,5,2,5,2,16,26,3,10,3,4,B01,7,11,1,2,2,8,,26,26,1,22,9,B01,120.630805,24.150352,2
2022,8,19,20,30,臺中市,清水區,0,1,0,6,1,5,30,14,9,1,4,4,5,7,4,4,10,5,5,1,27,23,2,9,1,1,C03,7,9,1,10,2,11,,23,23,1,5,5,C03,120.602925,24.267515,2
2022,8,19,20,35,臺中市,清水區,0,0,0,8,,,50,,,,,,,,,,,,,,,26,,,,,B03,,,1,,2,,,26,,1,21,,B03,120.567631,24.27023,3
2022,8,19,20,56,臺中市,大雅區,0,1,0,8,3,5,50,5,1,1,5,4,5,7,1,1,5,4,4,1,17,43,3,10,1,1,B03,7,6,1,8,2,2,,43,43,1,22,9,B03,120.650523,24.227392,2
2022,8,19,21,13,臺中市,霧峰區,0,0,0,8,,,50,,,,,,,,,,,,,,,16,,,,,B03,,,1,,2,,,16,,1,4,,B03,120.701156,24.075639,3
2022,8,19,21,14,臺中市,東區,0,1,0,8,3,5,50,14,9,1,5,4,5,7,4,4,5,4,5,2,18,42,2,9,1,4,C03,7,9,1,10,2,12,,42,42,1,21,8,C03,120.685931,24.139593,2
2022,8,19,21,22,臺中市,霧峰區,0,2,0,8,1,5,60,3,1,1,5,4,5,7,1,1,10,5,5,2,16,9,3,10,1,1,B03,7,6,1,8,2,5,,9,9,1,22,8,B03,120.691793,24.042791,2
2022,8,19,21,30,臺中市,北屯區,0,0,0,8,,,40,,,,,,,,,,,,,,,23,,,,,B03,,,1,,1,,,23,,1,5,,B03,120.7189,24.163361,3
2022,8,19,21,33,臺中市,潭子區,0,0,0,7,3,5,60,15,20,4,4,4,5,7,4,4,10,5,5,2,17,18,,,,,C03,,,1,,2,,,18,,1,22,,C03,120.702196,24.189927,3
2022,8,19,21,34,臺中市,潭子區,0,1,0,7,3,5,50,4,1,1,5,4,5,7,1,1,5,4,5,1,16,6,3,10,1,1,B03,7,5,1,8,2,6,,6,6,1,22,9,B03,120.723148,24.214987,2
2022,8,19,21,40,臺中市,潭子區,0,0,0,8,,,50,,,,,,,,,,,,,,,66,,,,,,,,,,,,,66,,1,,,,120.690514,24.213931,3
2022,8,19,21,42,臺中市,神岡區,0,0,0,,,,30,,,,,,,,,,,,,,,17,,,,,B03,,,1,,2,,,17,,1,22,,B03,120.650435,24.261228,3
2022,8,19,21,49,臺中市,清水區,0,2,0,8,3,5,60,11,13,1,5,4,5,7,2,1,1,3,4,1,25,13,2,9,1,1,B03,7,15,1,8,2,5,,13,13,1,21,8,B03,120.603702,24.311786,2
2022,8,19,22,0,臺中市,大肚區,0,0,0,,,,70,,,,,,,,,,,,,,,23,,,,,B03,,,1,,2,,,23,23,1,21,,B03,120.549725,24.140385,3
2022,8,19,22,5,臺中市,北區,0,0,0,,,,50,,,,,,,,,,,,,,,23,,,,,B03,,,1,,11,,,23,23,1,22,,B03,120.679246,24.159301,3
2022,8,19,22,11,臺中市,西屯區,0,1,0,8,3,5,50,14,7,1,5,4,5,7,4,4,9,5,4,2,18,42,2,9,1,1,C03,7,9,1,10,2,12,,42,42,1,22,1,C03,120.653066,24.16895,2
2022,8,19,22,15,臺中市,大甲區,0,0,0,8,,,60,,,,,,,,,,,,,,,42,,,,,B03,,,1,,2,,,42,42,1,21,,B03,120.61815,24.33872,3
2022,8,19,22,18,臺中市,西屯區,0,0,0,8,,,50,,,,,,,,,,,,,,,23,,,,,B03,,,1,,4,,,23,,1,4,,B03,120.647113,24.156881,3
2022,8,19,22,22,臺中市,東區,0,1,0,8,3,5,50,4,1,1,5,4,5,7,4,4,10,5,5,2,15,6,3,10,1,1,B03,7,9,1,8,2,8,,6,6,1,5,8,B03,120.707726,24.145051,2
2022,8,19,22,30,臺中市,東區,0,0,0,,,,50,,,,,,,,,,,,,,,12,,,,,B12,,,1,,11,,,12,,1,22,,B12,120.707326,24.137103,3
2022,8,19,22,34,臺中市,北區,0,0,0,8,,,50,,,,,,,,,,,,,,,7,,,,,B03,,,1,,2,,,7,,1,5,,B03,120.675096,24.16316,3
2022,8,19,22,43,臺中市,中區,0,2,0,8,3,5,50,4,1,1,5,4,5,7,1,1,10,5,5,2,15,25,3,10,1,1,B12,7,9,1,8,2,2,,25,25,1,22,9,B12,120.674312,24.14279,2
2022,8,19,22,49,臺中市,沙鹿區,0,1,0,8,4,5,60,14,7,1,5,4,5,7,4,4,1,4,3,2,23,21,2,9,1,1,C03,7,9,1,10,7,12,,21,21,1,9,9,C03,120.578216,24.250617,2
2022,8,19,23,0,臺中市,大里區,0,0,0,8,,,30,,,,,,,,,,,,,,,6,,,,,B01,,,1,,2,,,6,,1,10,,B01,120.679329,24.096707,3
2022,8,19,23,10,臺中市,北屯區,0,0,0,8,,,50,,,,,,,,,,,,,,,23,,,,,B12,,,1,,2,,,23,23,1,21,,B12,120.72316,24.181516,3
2022,8,19,23,13,臺中市,西區,0,1,0,8,3,5,50,4,1,1,5,4,5,7,1,1,10,5,5,2,17,42,3,10,3,4,C03,7,9,1,10,2,12,,44,42,1,21,8,C03,120.65512,24.140004,2
2022,8,19,23,14,臺中市,大里區,0,0,0,8,,,50,,,,,,,,,,,,,,,6,,,,,C03,,,1,,2,,,6,,1,22,,C03,120.699752,24.092227,3
2022,8,19,23,21,臺中市,中區,0,1,0,8,3,5,50,4,4,1,5,4,5,7,1,1,10,5,5,2,13,23,3,10,1,1,C03,7,9,1,10,2,11,,23,23,1,22,9,C03,120.685744,24.141555,2
2022,8,19,23,33,臺中市,北區,0,1,0,8,3,5,50,14,9,1,5,4,5,7,4,4,1,4,5,2,17,7,2,1,1,1,B03,7,10,3,18,2,5,,7,7,1,22,9,B03,120.684616,24.151035,2
2022,8,20,0,52,臺中市,龍井區,0,1,0,8,3,5,30,3,2,1,5,4,5,7,4,4,10,5,5,2,9,38,3,10,3,4,B01,7,14,1,1,2,2,,38,38,1,22,9,B01,120.591252,24.182763,2
2022,8,20,1,37,臺中市,潭子區,0,1,0,8,3,5,60,14,8,1,5,4,5,7,4,4,1,4,4,1,16,7,3,10,1,1,B03,7,8,1,8,2,6,,7,7,1,22,9,B03,120.686967,24.207689,2
2022,8,20,1,40,臺中市,太平區,0,0,0,8,,,50,,,,,,,,,,,,,,,23,,,,,B03,,,1,,2,,,23,,1,22,,B03,120.709642,24.135166,3
2022,8,20,2,5,臺中市,大甲區,0,1,0,8,3,5,50,11,13,1,5,4,5,7,4,4,5,5,5,1,17,23,2,9,1,1,B03,7,9,1,8,2,5,1,23,23,1,20,8,B03,120.635965,24.346208,2
2022,8,20,6,10,臺中市,東區,0,2,0,8,1,5,30,14,9,1,5,4,5,7,4,4,10,5,5,2,17,19,2,9,1,1,C03,7,1,4,8,2,11,,19,19,1,22,8,C03,120.698589,24.14058,2
2022,8,20,6,26,臺中市,梧棲區,0,2,0,8,1,5,50,3,2,1,5,4,3,5,4,4,10,4,4,1,16,19,2,9,1,1,C03,7,1,1,10,2,14,,19,19,1,20,8,C03,120.532318,24.260592,2
2022,8,20,6,37,臺中市,大肚區,0,1,0,8,1,5,50,4,1,1,5,4,5,7,1,1,10,5,5,2,3,23,3,10,3,4,B03,7,5,1,8,2,15,,23,23,1,22,9,B03,120.581355,24.174786,2
2022,8,20,6,44,臺中市,梧棲區,0,2,0,8,1,5,50,14,9,1,5,4,5,7,4,4,5,5,5,1,16,26,2,9,1,1,C03,7,5,1,10,2,14,,26,26,1,9,8,C03,120.539534,24.226023,2
2022,8,20,6,58,臺中市,霧峰區,0,0,0,8,,,30,,,,,,,,,,,,,,,44,,,,,B03,,,1,,11,,,44,,1,4,,B03,120.697767,24.062604,3
2022,8,20,7,8,臺中市,豐原區,0,2,0,8,1,5,30,3,1,1,5,4,5,7,4,4,10,5,5,2,16,6,2,8,1,1,C03,7,5,1,10,2,14,,6,6,1,22,8,C03,120.739762,24.24936,2
2022,8,20,7,10,臺中市,大雅區,0,2,0,8,1,5,30,4,1,1,5,4,5,7,4,4,10,5,5,2,17,6,2,9,1,1,C03,7,9,1,10,2,14,,6,6,1,22,9,C03,120.648646,24.226728,2
2022,8,20,7,13,臺中市,大甲區,0,1,0,8,1,5,50,14,9,1,5,4,5,7,4,4,5,5,5,1,18,43,2,1,1,1,F03,7,9,8,20,2,16,,43,43,1,22,1,F03,120.62237,24.355627,2
2022,8,20,7,15,臺中市,大雅區,0,1,0,8,1,5,30,3,1,1,5,4,5,7,4,4,5,5,5,1,16,6,3,10,1,1,C01,7,5,1,9,2,13,,6,6,1,22,9,C01,120.650571,24.225408,2
2022,8,20,7,25,臺中市,大雅區,0,1,0,8,1,5,50,14,8,1,5,4,5,7,1,1,9,4,4,1,17,23,3,10,1,1,B12,7,9,1,7,2,1,,23,23,1,22,9,B12,120.656816,24.220849,2
2022,8,20,7,25,臺中市,大肚區,0,1,0,8,1,5,30,3,1,1,5,4,5,7,4,4,10,5,5,2,16,6,3,10,1,1,B03,7,5,1,8,2,8,,6,6,1,21,8,B03,120.538494,24.152453,2
2022,8,20,7,33,臺中市,北區,0,1,0,8,1,5,50,5,8,1,5,4,5,7,1,1,1,4,4,2,17,42,2,9,1,1,C03,7,15,1,10,11,12,,42,42,2,22,9,C03,120.686403,24.154536,2
2022,8,20,7,35,臺中市,北區,0,1,0,8,1,5,50,3,2,1,5,4,5,7,2,1,5,5,5,2,17,23,3,10,1,1,B03,7,9,1,8,2,5,,23,23,1,22,8,B03,120.686393,24.147271,2
2022,8,20,7,50,臺中市,北區,0,2,0,8,1,5,50,4,1,1,5,4,5,7,4,4,5,5,5,2,15,6,2,9,1,1,C03,7,9,1,10,2,11,,6,6,1,21,8,C03,120.697348,24.15759,2
2022,8,20,7,51,臺中市,大肚區,0,0,0,,,,50,,,,,,,,,,,,,,,2,,,,,C03,,,1,,2,,,2,,1,21,,C03,120.530678,24.173372,4
2022,8,20,7,54,臺中市,清水區,0,2,0,8,1,5,50,4,1,1,5,4,5,7,1,1,8,3,5,1,16,6,2,9,1,1,C03,7,5,1,10,2,12,,6,6,1,21,8,C03,120.574497,24.269276,2
2022,8,20,7,54,臺中市,清水區,0,2,0,8,1,5,30,11,9,1,5,4,5,7,4,4,10,5,5,2,11,5,2,7,1,1,C03,7,9,1,9,2,14,,5,5,1,5,5,C03,120.607454,24.28631,2
2022,8,20,7,58,臺中市,沙鹿區,0,2,0,8,1,5,50,4,1,1,5,4,5,7,3,1,10,5,5,2,16,6,2,9,1,1,C03,7,5,1,10,2,11,,6,6,1,20,8,C03,120.567727,24.253566,2
2022,8,20,8,11,臺中市,北屯區,0,1,0,8,1,5,50,14,7,1,5,4,5,7,4,4,5,5,4,2,13,16,3,10,1,1,B01,7,9,1,4,2,5,,16,16,1,5,8,B01,120.690935,24.179436,2
2022,8,20,8,12,臺中市,北屯區,0,0,0,8,,,50,,,,,,,,,,,,,,,12,,,,,B03,,,1,,2,,,12,,1,22,,B03,120.697697,24.18216,3
2022,8,20,8,13,臺中市,龍井區,0,1,0,8,1,5,50,4,1,1,5,4,5,7,1,1,10,5,5,2,16,6,3,10,1,1,B03,7,5,1,8,2,6,,6,6,1,2,5,B03,120.545474,24.183704,2
2022,8,20,8,44,臺中市,北區,0,1,0,8,1,5,50,5,1,1,5,4,5,7,1,1,10,5,5,2,18,43,2,9,3,4,C03,7,9,1,10,2,14,,43,43,1,5,8,C03,120.677303,24.151254,2
2022,8,20,8,47,臺中市,梧棲區,0,2,0,8,1,5,50,3,1,1,5,4,5,7,4,4,10,5,5,2,16,11,2,9,3,1,F01,7,11,8,20,11,16,,11,11,1,20,9,F01,120.53442,24.247219,2
2022,8,20,8,48,臺中市,和平區,0,0,0,8,1,3,30,11,9,1,5,4,5,7,4,4,10,5,5,1,13,16,3,10,1,1,C03,7,13,8,4,10,3,,16,16,1,19,8,C03,121.294871,24.313886,4
2022,8,20,8,50,臺中市,西區,0,0,0,8,,,50,,,,,,,,,,,,,,,43,,,,,B03,,,1,,9,,,43,,1,5,,B03,120.672325,24.139126,3
2022,8,20,8,50,臺中市,東勢區,0,0,0,8,,,50,,,,,,,,,,,,,,,23,,,,,B03,,,1,,2,,,23,,1,21,,B03,120.822573,24.261494,3
2022,8,20,8,55,臺中市,東區,0,2,0,8,1,5,50,5,1,1,5,4,5,7,2,1,10,5,5,2,15,25,2,9,1,1,C03,7,9,1,10,2,14,11,25,25,1,22,8,C03,120.692497,24.139777,2
2022,8,20,9,0,臺中市,西屯區,0,0,0,8,,,30,,,,,,,,,,,,,,,67,,,,,,,,,,,,,67,,1,,,,120.657542,24.162354,3
2022,8,20,9,3,臺中市,東區,0,1,0,8,1,5,50,14,9,1,5,4,5,7,4,4,5,4,5,2,16,7,3,10,1,1,B03,7,8,1,8,2,2,5,7,7,1,21,8,B03,120.698306,24.133158,2
2022,8,20,9,8,臺中市,梧棲區,0,1,0,8,1,5,70,3,1,1,5,4,5,7,1,1,10,5,5,1,23,23,2,9,3,4,B03,7,8,1,8,2,4,,23,23,1,22,8,B03,120.544249,24.246905,2
2022,8,20,9,13,臺中市,北區,0,1,0,8,1,5,50,5,2,1,5,4,5,7,2,1,10,5,5,2,17,6,3,10,1,1,B03,7,6,1,8,2,2,,6,6,1,22,8,B03,120.67623,24.158226,2
2022,8,20,9,14,臺中市,西區,0,2,0,8,1,5,50,4,1,1,5,4,5,7,1,1,10,5,5,2,16,6,3,10,1,1,B03,7,6,1,8,2,6,,6,6,1,4,5,B03,120.66823,24.129884,2
2022,8,20,9,20,臺中市,龍井區,0,2,0,8,1,5,50,4,1,1,5,4,5,7,1,1,10,5,5,2,15,25,2,9,1,1,C03,7,9,1,10,2,11,,25,25,1,4,1,C03,120.538128,24.20235,2
2022,8,20,9,25,臺中市,大里區,0,2,0,8,1,5,50,4,1,1,5,4,5,7,1,1,10,5,5,1,15,25,2,9,1,1,C03,7,9,3,18,2,14,,25,25,1,19,8,C03,120.674609,24.097787,2
2022,8,20,9,26,臺中市,太平區,0,2,0,8,1,5,50,4,1,1,5,4,5,7,1,1,10,5,5,2,15,25,2,8,1,1,C03,7,9,1,10,2,11,14,25,25,1,22,8,C03,120.713183,24.124618,2
2022,8,20,9,30,臺中市,沙鹿區,0,1,0,8,1,5,50,14,7,1,5,4,5,7,4,4,5,5,4,2,17,26,3,10,1,1,C03,7,15,1,10,2,13,,26,26,1,21,8,C03,120.562969,24.237506,2
2022,8,20,9,32,臺中市,沙鹿區,0,0,0,8,,,50,,,,,,,,,,,,,,,6,,,,,C03,,,1,,2,,,6,,1,21,,C03,120.568801,24.257152,3
2022,8,20,9,33,臺中市,西區,0,1,0,8,1,5,50,4,8,1,5,4,5,7,1,1,5,4,4,2,16,23,3,10,1,1,C03,7,6,1,10,2,14,,23,23,1,21,8,C03,120.669684,24.149447,2
2022,8,20,9,39,臺中市,北屯區,0,3,0,8,1,5,40,3,8,1,5,4,5,7,4,4,1,4,4,2,17,16,2,9,1,1,C03,7,21,1,10,2,15,,16,16,1,21,8,C03,120.668054,24.179251,2
2022,8,20,9,40,臺中市,豐原區,0,2,0,8,1,5,50,4,9,1,5,4,5,7,4,4,10,5,5,2,16,6,2,9,3,4,C03,7,5,1,10,2,11,,6,6,1,22,8,C03,120.699682,24.245345,2
2022,8,20,9,41,臺中市,大雅區,0,1,0,8,1,5,60,4,2,1,5,4,5,7,2,1,3,4,4,1,12,6,3,10,1,1,B01,7,8,1,4,2,2,,6,6,1,22,9,B01,120.645345,24.225663,2
2022,8,20,9,43,臺中市,南屯區,0,0,0,8,1,5,50,4,2,1,5,4,5,7,2,1,3,2,5,2,13,45,3,10,1,1,B12,7,9,1,8,1,8,,45,16,1,10,4,B12,120.623497,24.149515,3
2022,8,20,9,55,臺中市,沙鹿區,0,0,0,8,,,30,,,,,,,,,,,,,,,6,,,,,B03,,,1,,2,,,6,,1,5,,B03,120.568691,24.230571,3
2022,8,20,9,57,臺中市,東區,0,1,0,8,1,5,50,3,1,1,5,4,1,7,2,1,3,4,4,2,12,21,3,10,1,1,C03,7,9,1,10,7,14,,21,21,1,5,5,C03,120.694453,24.151108,2
2022,8,20,10,2,臺中市,北區,0,2,0,8,1,5,50,3,1,1,5,4,5,7,1,1,10,5,5,2,17,19,2,9,1,1,C03,7,1,4,8,2,11,,19,19,1,22,8,C03,120.688894,24.152943,2
2022,8,20,10,18,臺中市,清水區,0,2,0,8,1,5,50,4,1,1,5,4,5,7,1,1,8,3,4,1,15,25,2,9,1,1,F03,7,9,8,20,2,16,,25,25,1,21,8,F03,120.575556,24.269449,2
2022,8,20,10,21,臺中市,東區,0,0,0,8,1,5,50,4,9,1,5,4,5,7,1,1,5,5,5,2,16,9,3,10,1,1,B03,7,6,1,8,2,6,,9,9,1,21,8,B03,120.688111,24.133663,3
2022,8,20,10,21,臺中市,新社區,0,1,0,8,1,5,30,4,1,1,5,4,5,7,4,4,10,5,5,2,29,67,2,9,1,1,C03,7,9,4,8,2,12,,42,67,1,5,8,C03,120.812353,24.197653,2
2022,8,20,10,25,臺中市,沙鹿區,0,1,0,8,1,5,50,3,1,1,5,4,5,7,4,4,10,5,5,2,16,6,3,10,1,1,C03,7,5,1,10,2,12,,6,6,1,21,8,C03,120.557228,24.23337,2
2022,8,20,10,28,臺中市,豐原區,0,0,0,8,,,50,,,,,,,,,,,,,,,7,,,,,B03,,,1,,2,,,7,,1,22,,B03,120.70876,24.241482,3
2022,8,20,10,29,臺中市,烏日區,0,0,0,8,,,40,,,,,,,,,,,,,,,23,,,,,B03,,,1,,2,,,23,,1,21,,B03,120.616521,24.107356,3
2022,8,20,10,30,臺中市,龍井區,0,0,0,8,,,50,,,,,,,,,,,,,,,17,,,,,B03,,,1,,2,,,17,,1,20,,B03,120.595595,24.187381,3
2022,8,20,10,30,臺中市,大甲區,0,1,0,8,1,5,50,14,9,1,5,4,5,7,4,4,5,5,5,1,12,17,3,10,1,1,B12,7,9,1,8,2,2,,17,17,1,22,1,B12,120.62619,24.349347,2
2022,8,20,10,31,臺中市,南屯區,0,1,0,8,1,5,50,4,2,1,5,4,5,7,2,1,5,2,4,2,13,42,3,10,1,1,C03,7,12,1,10,2,13,,42,42,1,22,8,C03,120.632356,24.145477,2
2022,8,20,10,41,臺中市,大里區,0,0,0,8,,,60,,,,,,,,,,,,,,,16,,,,,B03,,,1,,2,,,16,16,1,21,,B03,120.681357,24.104844,3
2022,8,20,10,50,臺中市,北屯區,0,0,0,8,,,7,,,,,,,,,,,,,,,7,,,,,B03,,,1,,2,,,7,,1,22,,B03,120.661819,24.189421,3
2022,8,20,10,51,臺中市,西區,0,3,0,8,1,5,50,4,1,1,5,4,5,7,4,4,10,5,5,2,16,27,2,9,1,1,C03,7,5,1,10,2,14,,27,27,1,5,8,C03,120.668876,24.13389,2