年,月,日,時,分,縣市,區,死,受傷,2-30,天候,光線,道路類別,速限,道路型態,事故位置,路面鋪裝,路面狀態,路面缺陷,障礙物,視距,號誌種類,號誌動作,分向設施,快車道或一般車道間,快慢車道間,路面邊線,事故類型及型態,主要肇因,受傷程度,主要傷處,保護裝備,行動電話,當事者區分,車輛用途,當事者行動狀態,駕駛資格情形,駕駛執照種類,飲酒情形,車輛撞擊部位最初,車輛撞擊部位其他,肇事因素個別,肇事因素主要,肇事逃逸,職業,旅次目的,車種,GPS緯度,GPS經度,事故類別
2022,8,20,10,53,臺中市,豐原區,0,2,0,8,1,5,30,14,9,1,5,4,5,7,4,4,8,3,4,1,12,6,2,9,1,1,C03,7,5,1,10,2,11,,6,6,1,22,5,C03,120.722706,24.246103,2
2022,8,20,10,55,臺中市,北區,0,1,0,8,1,5,50,3,1,1,5,4,5,7,1,1,5,5,4,2,16,6,3,10,1,1,B03,7,5,1,8,2,5,,6,6,1,21,8,B03,120.682261,24.152422,2
2022,8,20,10,55,臺中市,北區,0,2,0,8,1,5,40,14,8,1,5,4,5,7,4,4,1,4,4,2,17,16,2,9,1,1,C03,7,9,1,10,2,11,,16,16,1,22,8,C03,120.67183,24.171322,2
2022,8,20,10,56,臺中市,北區,0,0,0,,,,50,,,,,,,,,,,,,,,23,,,,,B03,,,1,,2,,,23,,1,5,,B03,120.684835,24.165864,3
2022,8,20,10,56,臺中市,大里區,0,0,0,8,,,50,,,,,,,,,,,,,,,16,,,,,B03,,,1,,2,,,16,,1,5,,B03,120.691026,24.100955,3
2022,8,20,11,0,臺中市,西屯區,0,0,0,8,,,30,,,,,,,,,,,,,,,12,,,,,B03,,,1,,2,,,12,,1,22,,B03,120.645478,24.181123,3
2022,8,20,11,0,臺中市,沙鹿區,0,0,0,8,,,50,,,,,,,,,,,,,,,23,,,,,B03,,,1,,2,,,23,,1,22,,B03,120.558732,24.235018,3
2022,8,20,11,1,臺中市,北區,0,0,0,8,,,50,,,,,,,,,,,,,,,7,,,,,B03,,,1,,1,,,7,,1,22,,B03,120.674836,24.163027,3
2022,8,20,11,2,臺中市,北屯區,0,0,0,8,,,40,,,,,,,,,,,,,,,23,,,,,B03,,,1,,1,,,23,,1,21,,B03,120.686312,24.186858,3
2022,8,20,11,5,臺中市,中區,0,0,0,8,1,5,50,4,2,1,5,4,5,7,1,1,10,4,5,2,12,18,,,,,B03,,,1,,2,,,18,,1,22,,B03,120.680272,24.143142,3
2022,8,20,11,21,臺中市,西區,0,0,0,8,,,50,,,,,,,,,,,,,,,23,,,,,B03,,,1,,1,,,23,,1,4,,B03,120.662418,24.150851,3
2022,8,20,11,23,臺中市,神岡區,0,1,0,8,1,5,50,14,12,1,5,4,5,7,4,4,1,2,4,1,16,26,3,10,1,1,B12,7,8,1,8,2,5,,26,26,1,22,9,B12,120.695201,24.248685,2
2022,8,20,11,37,臺中市,大里區,0,0,0,8,,,30,,,,,,,,,,,,,,,17,,,,,B12,,,1,,1,,,17,,1,5,,B12,120.68053,24.116156,3
2022,8,20,11,39,臺中市,神岡區,0,2,0,8,1,5,50,4,1,1,5,4,5,7,1,1,5,5,5,1,15,25,2,9,3,4,C03,7,9,1,10,2,12,,25,25,1,22,9,C03,120.661338,24.263445,2
2022,8,20,11,42,臺中市,烏日區,0,0,0,8,,,30,,,,,,,,,,,,,,,17,,,,,B12,,,1,,2,,,17,,1,21,,B12,120.639534,24.08529,3
2022,8,20,11,46,臺中市,神岡區,0,1,0,8,1,5,40,14,8,1,5,4,5,7,4,4,9,5,5,2,16,6,3,10,1,1,B03,7,11,1,8,2,5,,6,6,1,22,9,B03,120.659333,24.258941,2
2022,8,20,11,47,臺中市,梧棲區,0,0,0,8,,,70,,,,,,,,,,,,,,,6,,,,,B02,,,1,,2,,,6,,1,3,,B02,120.558469,24.25681,3
2022,8,20,11,48,臺中市,豐原區,0,1,0,8,1,5,50,14,8,1,5,4,5,7,4,4,3,4,4,1,17,12,3,10,3,4,B12,7,2,1,8,2,3,,12,12,1,22,8,B12,120.738316,24.26179,2
2022,8,20,11,53,臺中市,豐原區,0,2,0,8,1,5,30,14,7,1,5,4,5,7,4,4,8,3,4,1,3,53,2,9,4,5,H01,8,18,8,20,10,15,,53,53,1,22,5,H01,120.722093,24.246458,2
2022,8,20,11,55,臺中市,大甲區,0,0,0,8,1,5,50,14,9,1,5,4,5,7,4,4,5,4,5,1,14,26,3,10,3,4,B03,7,2,1,8,1,7,,26,26,1,21,8,B03,120.653937,24.389905,3
2022,8,20,11,58,臺中市,西區,0,0,0,8,,,60,,,,,,,,,,,,,,,23,,,,,A12,,,1,,1,,,23,,1,10,,A12,120.662187,24.155622,3
2022,8,20,12,0,臺中市,沙鹿區,0,2,0,8,1,5,50,15,9,1,5,4,5,7,4,4,9,5,5,2,17,42,2,9,1,1,C03,7,15,1,10,2,14,,42,42,1,4,8,C03,120.568877,24.194982,2
2022,8,20,12,10,臺中市,南屯區,0,1,0,8,1,5,50,11,9,1,5,4,5,7,4,4,4,4,5,2,12,7,2,9,1,1,C03,7,7,1,10,1,14,,7,7,1,19,7,C03,120.653024,24.154518,2
2022,8,20,12,11,臺中市,中區,0,1,0,8,1,5,50,4,1,1,5,4,5,7,1,1,10,5,5,2,16,7,3,10,1,1,B03,7,8,1,8,2,2,,7,7,1,4,5,B03,120.675591,24.141707,2
2022,8,20,12,16,臺中市,西區,0,2,0,8,1,5,50,5,1,1,5,4,5,7,1,1,10,5,5,2,16,6,3,10,1,1,B03,7,6,1,8,2,5,,6,6,1,4,5,B03,120.663976,24.154945,2
2022,8,20,12,17,臺中市,大里區,0,0,0,8,,,50,,,,,,,,,,,,,,,23,,,,,B03,,,1,,1,,,23,,1,22,,B03,120.680206,24.115146,3
2022,8,20,12,27,臺中市,北屯區,0,0,0,,,,50,,,,,,,,,,,,,,,23,,,,,C03,,,4,,11,,,23,,1,21,,C03,120.690602,24.17843,3
2022,8,20,12,30,臺中市,南區,0,0,0,,,,30,,,,,,,,,,,,,,,23,,,,,C03,,,3,18,9,,,23,23,2,5,,C03,120.683346,24.125159,3
2022,8,20,12,39,臺中市,北區,0,0,0,8,,,1,,,,,,,,,,,,,,,12,,,,,B03,,,1,,2,,,12,,1,22,,B03,120.674662,24.153849,3
2022,8,20,12,39,臺中市,太平區,0,2,0,8,1,5,50,4,1,1,5,4,5,7,4,4,10,5,5,2,16,19,2,9,1,1,C03,7,1,1,10,2,14,,19,19,1,22,8,C03,120.718091,24.128384,2
2022,8,20,12,48,臺中市,中區,0,0,0,8,,,50,,,,,,,,,,,,,,,7,,,,,B02,,,1,,1,,,7,,1,2,,B02,120.678556,24.141294,3
2022,8,20,12,55,臺中市,大甲區,0,1,0,8,1,5,50,3,1,1,5,4,5,7,4,4,5,5,5,2,26,43,2,9,1,1,B12,7,9,1,8,2,1,,43,43,1,9,1,B12,120.648326,24.383148,2
2022,8,20,13,25,臺中市,大甲區,0,0,0,8,,,50,,,,,,,,,,,,,,,23,,,,,B03,,,1,,1,,,23,,1,22,,B03,120.62968,24.340238,3
2022,8,20,13,40,臺中市,外埔區,0,2,0,8,1,5,50,4,1,1,5,4,5,7,1,1,9,5,5,2,15,25,2,9,1,1,C03,7,9,1,10,2,11,,25,25,1,9,8,C03,120.653323,24.331739,2
2022,8,20,13,46,臺中市,北區,0,0,0,,,,50,,,,,,,,,,,,,,,23,,,,,B03,,,1,,1,,,23,,1,5,,B03,120.67705,24.153128,3
2022,8,20,13,46,臺中市,神岡區,0,0,0,8,,,30,,,,,,,,,,,,,,,17,,,,,B03,,,1,,1,,,17,,1,22,,B03,120.650435,24.261228,3
2022,8,20,13,48,臺中市,北區,0,1,0,8,1,5,50,4,1,1,5,4,5,7,2,1,10,5,5,2,17,25,3,10,1,1,B03,7,9,1,8,2,2,,25,25,1,22,8,B03,120.679059,24.169835,2
2022,8,20,13,57,臺中市,北屯區,0,1,0,8,1,5,50,3,1,1,5,4,5,7,4,4,10,5,5,2,16,6,2,9,1,1,C03,7,6,1,10,2,11,,6,6,1,22,8,C03,120.668902,24.173892,2
2022,8,20,14,6,臺中市,清水區,0,0,0,8,,,30,,,,,,,,,,,,,,,12,,,,,B03,,,1,,2,,,12,12,1,21,,B03,120.572843,24.263819,3
2022,8,20,14,10,臺中市,沙鹿區,0,1,0,8,1,5,50,4,8,1,5,4,5,7,1,1,1,3,1,1,12,7,3,10,1,1,B03,7,7,1,8,2,6,,7,7,1,20,8,B03,120.574112,24.229479,2
2022,8,20,14,15,臺中市,中區,0,0,0,8,,,50,,,,,,,,,,,,,,,23,,,,,C03,,,1,,1,,,23,,1,21,,C03,120.679556,24.1479,3
2022,8,20,14,15,臺中市,清水區,0,0,0,8,,,50,,,,,,,,,,,,,,,4,,,,,C03,,,1,,2,,,4,,1,21,,C03,120.576259,24.270831,3
2022,8,20,14,38,臺中市,西區,0,0,0,8,,,50,,,,,,,,,,,,,,,16,,,,,C03,,,1,,1,,,16,,1,21,,C03,120.667593,24.146722,3
2022,8,20,14,47,臺中市,中區,0,0,0,8,1,5,50,4,1,1,5,4,5,7,1,1,10,5,5,2,12,23,,,,,B03,,,1,,1,,,23,,1,22,,B03,120.683678,24.141513,3
2022,8,20,14,50,臺中市,南區,0,1,0,8,1,5,50,4,1,1,5,4,5,7,2,1,5,5,5,2,12,6,3,10,1,1,B03,7,6,1,8,2,6,,6,6,1,4,5,B03,120.669906,24.122337,2
2022,8,20,14,54,臺中市,潭子區,0,0,0,8,,,50,,,,,,,,,,,,,,,23,,,,,C03,,,1,,2,,,23,,1,22,,C03,120.699378,24.211855,3
2022,8,20,15,6,臺中市,潭子區,0,0,0,8,1,5,60,3,2,1,5,4,5,7,1,1,1,4,4,1,16,7,,,,,B03,,,1,,2,,,7,,1,22,,B03,120.702502,24.196908,3
2022,8,20,15,6,臺中市,烏日區,0,1,0,8,1,5,30,3,9,1,5,4,5,7,4,4,10,5,5,2,16,8,3,10,1,1,B12,7,5,1,8,2,7,,8,8,1,21,8,B12,120.638062,24.064154,2
2022,8,20,15,10,臺中市,北屯區,0,0,0,8,,,40,,,,,,,,,,,,,,,19,,,,,B03,,,1,,9,,,19,,1,22,,B03,120.694217,24.166457,3
2022,8,20,15,20,臺中市,西屯區,0,0,0,8,,,50,,,,,,,,,,,,,,,7,,,,,B03,,,1,,2,,,7,,1,22,,B03,120.643989,24.165899,3
2022,8,20,15,25,臺中市,西屯區,0,0,0,8,,,40,,,,,,,,,,,,,,,23,,,,,B03,,,1,,1,,,23,,1,4,,B03,120.656231,24.158873,3
2022,8,20,15,27,臺中市,龍井區,0,1,0,8,1,5,70,14,12,1,5,4,5,7,4,4,1,4,4,1,12,23,2,9,1,1,C03,7,9,1,10,2,12,,23,23,1,18,5,C03,120.544904,24.18686,2
2022,8,20,15,41,臺中市,北區,0,1,0,8,1,5,50,14,8,1,5,4,5,7,4,4,8,3,4,2,12,19,3,10,1,1,B03,7,1,1,8,2,8,,19,19,1,9,8,B03,120.671831,24.155855,2
2022,8,20,15,42,臺中市,西屯區,0,0,0,8,,,60,,,,,,,,,,,,,,,7,,,,,B03,,,1,,11,,,7,,1,22,,B03,120.639263,24.158673,3
2022,8,20,15,46,臺中市,北區,0,0,0,8,,,50,,,,,,,,,,,,,,,23,,,,,B03,,,1,,1,,,23,,1,22,,B03,120.678833,24.152067,3
2022,8,20,15,55,臺中市,北區,0,1,0,8,1,5,50,14,7,1,5,4,5,7,1,1,1,2,4,2,17,44,3,10,1,1,A04,7,7,1,2,2,15,,44,44,1,10,8,A04,120.664275,24.162339,2
2022,8,20,15,55,臺中市,霧峰區,0,0,0,8,,,40,,,,,,,,,,,,,,,67,,,,,,,,,,,,,67,,1,,,,120.685811,24.02919,3
2022,8,20,16,0,臺中市,大里區,0,0,0,8,,,30,,,,,,,,,,,,,,,42,,,,,B03,,,1,,2,,,42,,1,21,,B03,120.717523,24.089812,3
2022,8,20,16,0,臺中市,烏日區,0,1,0,8,1,5,50,4,1,1,5,4,5,7,1,1,5,5,4,1,11,6,3,10,1,1,B03,7,5,1,7,2,1,,6,6,1,21,8,B03,120.622068,24.10642,2
2022,8,20,16,0,臺中市,后里區,0,0,0,8,1,5,50,14,13,1,5,4,3,7,4,4,1,4,4,1,12,17,,,,,B12,,,1,,2,,,17,,1,22,,B12,120.722043,24.303781,3
2022,8,20,16,12,臺中市,梧棲區,0,1,0,8,1,5,70,3,2,1,5,4,5,7,1,1,10,5,5,2,16,6,3,10,1,1,C03,7,8,1,10,2,13,,6,6,1,11,8,C03,120.547049,24.23338,2
2022,8,20,16,14,臺中市,西區,0,2,0,8,1,5,50,4,1,1,5,4,5,7,4,4,10,5,5,2,16,6,3,10,3,4,B01,7,6,1,8,2,5,,6,6,1,10,8,B01,120.658165,24.154991,2
2022,8,20,16,17,臺中市,大里區,0,0,0,8,,,30,,,,,,,,,,,,,,,12,,,,,B03,,,1,,2,,,12,,1,22,,B03,120.693291,24.0855,3
2022,8,20,16,18,臺中市,東區,0,0,0,,,,50,,,,,,,,,,,,,,,16,,,,,B03,,,1,,2,,,16,,1,5,,B03,120.694457,24.147985,3
2022,8,20,16,22,臺中市,東勢區,0,2,0,8,1,5,50,14,9,1,5,4,5,7,4,4,5,5,5,1,12,23,2,9,1,1,C03,7,9,1,10,3,11,,23,23,1,19,8,C03,120.83331,24.25243,2
2022,8,20,16,35,臺中市,太平區,0,1,0,8,1,5,30,5,2,1,5,4,5,7,1,1,10,5,5,2,11,5,3,10,1,1,B12,7,9,1,8,2,7,,5,5,1,21,8,B12,120.706174,24.148802,2
2022,8,20,16,36,臺中市,北區,0,0,0,8,1,5,50,4,2,1,5,4,5,7,2,1,4,1,5,2,12,23,,,,,B03,,,1,,1,,,23,,1,22,,B03,120.688965,24.159015,3
2022,8,20,16,41,臺中市,豐原區,0,2,0,8,1,5,50,4,9,1,5,4,5,7,2,1,5,5,5,2,16,42,2,8,3,4,C03,7,5,1,10,2,11,,42,42,1,22,8,C03,120.721575,24.248965,2
2022,8,20,16,53,臺中市,梧棲區,0,1,0,8,1,5,50,4,1,1,5,4,5,7,2,1,10,5,5,2,16,42,2,9,3,4,C03,7,1,6,10,2,11,,42,42,1,11,8,C03,120.539666,24.257728,2
2022,8,20,16,54,臺中市,西區,0,0,0,8,,,50,,,,,,,,,,,,,,,23,,,,,B03,,,1,,1,,,23,,1,8,,B03,120.668766,24.151448,3
2022,8,20,16,56,臺中市,西屯區,0,2,0,8,1,5,40,4,8,1,5,4,5,7,2,1,1,3,1,1,17,23,2,9,1,1,C03,7,9,1,10,2,11,,23,23,1,22,8,C03,120.649796,24.162755,2
2022,8,20,16,56,臺中市,大肚區,0,1,0,8,1,5,50,4,1,1,5,4,5,7,4,4,4,1,5,1,16,6,3,10,1,1,B03,7,5,1,8,2,5,,6,6,1,21,8,B03,120.547028,24.155283,2
2022,8,20,16,57,臺中市,東區,0,0,0,8,,,,,,,,,,,,,,,,,,67,,,,,,,,,,,,,67,67,1,,,,120.692961,24.134721,3
2022,8,20,17,4,臺中市,西區,0,0,0,8,,,50,,,,,,,,,,,,,,,7,,,,,B03,,,1,,2,,,7,,1,21,,B03,120.67016,24.139509,3
2022,8,20,17,10,臺中市,清水區,0,1,0,8,1,5,50,3,1,1,5,4,5,7,4,4,10,5,5,2,16,6,2,9,1,1,C03,7,5,1,10,2,14,,6,6,1,5,5,C03,120.555986,24.259048,2
2022,8,20,17,10,臺中市,大甲區,0,0,0,,,,50,,,,,,,,,,,,,,,23,,,,,B12,,,1,,1,,,23,,1,4,,B12,120.623554,24.346089,3
2022,8,20,17,14,臺中市,西屯區,0,1,0,8,1,5,50,3,1,1,5,4,5,7,1,1,5,4,4,2,16,7,3,10,1,1,B03,7,8,1,8,2,5,,7,7,1,22,8,B03,120.660631,24.164223,2
2022,8,20,17,20,臺中市,西屯區,0,0,0,8,,,30,,,,,,,,,,,,,,,23,,,,,B03,,,1,,2,,,23,,1,22,,B03,120.65535,24.156843,3
2022,8,20,17,20,臺中市,沙鹿區,0,0,0,8,1,5,50,14,7,1,5,4,5,7,4,4,1,4,3,1,13,23,,,,,B12,,,1,,4,,,23,,1,21,,B12,120.563795,24.239502,3
2022,8,20,17,29,臺中市,西區,0,1,0,8,1,5,50,5,1,1,5,4,5,7,2,1,10,5,5,2,16,26,3,10,1,1,B03,7,6,1,8,2,2,,26,26,1,21,8,B03,120.670492,24.153412,2
2022,8,20,17,38,臺中市,后里區,0,0,0,8,1,5,50,4,1,1,5,4,5,7,1,1,10,5,5,1,12,9,,,,,B03,,,1,,2,,,9,,1,22,,B03,120.694239,24.317516,3
2022,8,20,17,41,臺中市,烏日區,0,1,0,8,1,5,40,14,7,1,5,4,5,7,4,4,5,4,4,2,18,23,2,9,1,1,C03,7,9,1,10,2,11,12,23,23,1,21,8,C03,120.607152,24.12599,2
2022,8,20,17,42,臺中市,太平區,0,1,0,8,2,5,50,14,9,1,5,4,5,7,4,4,5,5,5,1,16,19,3,10,1,1,B03,7,1,1,8,2,4,,19,19,1,22,8,B03,120.733558,24.154447,2
2022,8,20,17,44,臺中市,北區,0,2,0,8,1,5,50,14,9,1,5,4,5,7,4,4,9,5,5,2,17,7,3,10,1,1,B03,7,7,1,8,2,4,,7,7,1,22,8,B03,120.676609,24.164033,2
2022,8,20,17,45,臺中市,大里區,0,0,0,8,,,30,,,,,,,,,,,,,,,23,,,,,B03,,,1,,2,,,23,,1,10,,B03,120.70689,24.10852,3
2022,8,20,17,47,臺中市,烏日區,0,0,0,8,,,50,,,,,,,,,,,,,,,23,,,,,B03,,,1,,2,,,23,,1,21,,B03,120.601621,24.10711,3
2022,8,20,17,53,臺中市,西區,0,1,0,8,2,5,50,4,2,1,5,4,5,7,1,1,3,4,4,2,13,23,3,10,1,1,B03,7,9,1,8,2,1,,23,23,1,22,9,B03,120.660188,24.140025,2
2022,8,20,17,53,臺中市,北區,0,4,0,8,1,5,50,3,1,1,5,4,5,7,4,4,10,5,5,2,16,8,2,9,1,1,C03,7,5,1,10,2,14,,8,8,1,22,8,C03,120.666268,24.160426,2
2022,8,20,17,59,臺中市,太平區,0,0,0,8,,,30,,,,,,,,,,,,,,,12,,,,,B03,,,1,,2,,,12,12,1,21,,B03,120.713616,24.148268,3
2022,8,20,18,10,臺中市,大里區,0,0,0,8,,,30,,,,,,,,,,,,,,,44,,,,,C03,,,1,,2,,,44,,1,22,,C03,120.689014,24.111835,3
2022,8,20,18,10,臺中市,神岡區,0,1,0,8,1,5,30,14,9,1,5,4,5,7,4,4,10,5,5,1,17,16,2,9,1,1,C03,7,9,1,10,2,11,,16,16,1,12,8,C03,120.688861,24.256524,2
2022,8,20,18,15,臺中市,西區,0,1,0,8,2,5,50,4,1,1,5,4,5,7,2,1,10,5,5,2,16,9,3,10,1,1,A42,7,6,1,8,2,2,,9,9,1,21,8,A42,120.661688,24.140163,2
2022,8,20,18,30,臺中市,西屯區,0,0,0,8,,,40,,,,,,,,,,,,,,,67,,,,,,,,,,,,,67,,1,,,,120.63889,24.159096,3
2022,8,20,18,33,臺中市,北區,0,2,0,8,3,5,50,4,1,1,5,4,5,7,1,1,10,5,5,2,13,23,2,9,1,1,C03,7,9,1,10,2,11,,23,23,1,22,8,C03,120.685695,24.143194,2
2022,8,20,18,39,臺中市,北屯區,0,0,0,8,,,50,,,,,,,,,,,,,,,6,,,,,B03,,,1,,2,,,6,,1,5,,B03,120.663686,24.185676,3
2022,8,20,18,40,臺中市,北區,0,0,0,8,,,50,,,,,,,,,,,,,,,26,,,,,B03,,,1,,2,,,26,,1,20,,B03,120.681534,24.152157,3
2022,8,20,18,44,臺中市,太平區,0,1,0,8,3,5,50,3,9,1,5,4,5,7,4,4,5,5,5,2,12,23,3,10,1,1,B03,7,9,1,8,2,5,,23,23,1,22,8,B03,120.727722,24.15533,2
2022,8,20,18,50,臺中市,沙鹿區,0,2,0,8,3,5,60,5,2,1,5,4,5,7,2,1,10,5,5,2,17,6,2,1,1,1,B01,7,5,1,4,2,6,,6,6,1,10,4,B01,120.569762,24.237233,2
2022,8,20,18,53,臺中市,南區,0,1,0,7,3,5,50,4,1,1,5,4,5,7,1,1,10,5,5,2,16,1,2,9,1,1,C03,7,9,1,10,2,12,,1,1,1,22,9,C03,120.664475,24.120586,2
2022,8,20,19,2,臺中市,烏日區,0,2,0,8,3,5,60,14,8,1,5,4,5,7,4,4,1,4,4,1,18,23,2,9,1,1,C03,7,9,3,18,2,14,,23,23,1,20,8,C03,120.637473,24.107646,2
2022,8,20,19,17,臺中市,東區,0,1,0,8,3,5,50,3,1,1,5,4,5,7,4,4,5,4,5,2,16,6,3,10,3,4,B03,7,5,6,8,2,4,,6,6,1,21,8,B03,120.70793,24.146691,2
2022,8,20,19,20,臺中市,大里區,0,0,0,8,,,50,,,,,,,,,,,,,,,23,,,,,B03,,,1,,2,,,23,,1,22,,B03,120.679902,24.101525,3
2022,8,20,19,20,臺中市,新社區,0,1,0,6,3,5,50,14,9,1,4,4,5,7,4,4,5,5,5,1,3,23,3,10,1,1,B03,7,9,1,7,2,1,,23,23,1,7,8,B03,120.82011,24.21252,2
2022,8,20,19,23,臺中市,大里區,0,2,0,8,1,5,50,14,9,1,5,4,5,7,4,4,1,4,4,1,16,19,2,9,1,1,C03,7,1,4,8,2,11,,19,19,1,22,8,C03,120.692171,24.091215,2
2022,8,20,19,30,臺中市,北屯區,1,1,0,8,3,5,50,3,18,1,5,4,5,7,4,4,10,5,5,2,3,15,2,9,1,1,C03,7,9,3,18,2,11,,15,15,1,20,8,C03,120.6792,24.193,1
2022,8,20,19,36,臺中市,北屯區,0,0,0,8,,,50,,,,,,,,,,,,,,,23,,,,,B12,,,1,,1,,,23,,1,21,,B12,120.682358,24.181818,3
2022,8,20,19,49,臺中市,潭子區,0,1,0,8,1,5,60,14,8,1,5,4,5,7,4,4,1,4,4,1,16,19,2,9,1,1,C03,7,9,1,10,2,12,,23,19,1,22,9,C03,120.706266,24.219545,2
2022,8,20,19,51,臺中市,西屯區,0,0,0,8,,,40,,,,,,,,,,,,,,,6,,,,,B03,,,1,,1,,,6,,1,22,,B03,120.63058,24.165241,3
2022,8,20,19,58,臺中市,北屯區,0,0,0,8,,,50,,,,,,,,,,,,,,,26,,,,,B03,,,1,,2,,,26,,1,21,,B03,120.711756,24.182286,3
2022,8,20,20,0,臺中市,龍井區,0,2,0,8,3,5,50,4,1,1,5,4,5,7,4,4,10,5,5,2,16,6,3,10,1,1,B03,7,9,1,8,2,1,,6,6,1,22,8,B03,120.593125,24.189703,2
2022,8,20,20,10,臺中市,大里區,0,1,0,8,3,5,50,14,9,1,5,4,5,7,4,4,5,2,5,1,16,19,2,7,1,1,F01,7,1,8,20,2,16,,19,19,1,20,8,F01,120.685285,24.107301,2
2022,8,20,20,15,臺中市,西屯區,0,0,0,8,,,50,,,,,,,,,,,,,,,23,,,,,B12,,,3,,1,,,23,,1,22,,B12,120.6363,24.170453,3
2022,8,20,20,17,臺中市,北屯區,0,2,0,8,3,5,50,4,18,1,5,4,5,7,2,1,10,5,5,2,3,26,2,9,1,1,C03,7,5,1,10,2,11,14,26,26,1,5,8,C03,120.685296,24.171926,2
2022,8,20,20,17,臺中市,梧棲區,0,1,0,8,3,5,50,4,1,1,5,4,5,7,1,1,10,5,5,2,16,25,3,10,1,1,B03,7,5,1,8,2,2,,25,25,1,9,8,B03,120.554935,24.254051,2
2022,8,20,20,23,臺中市,沙鹿區,0,0,0,,,,50,,,,,,,,,,,,,,,42,,,,,B03,,,1,,2,,,42,,1,21,,B03,120.597591,24.249998,3
2022,8,20,20,33,臺中市,東區,0,0,0,8,,,50,,,,,,,,,,,,,,,42,,,,,B03,,,1,,2,,,42,42,1,22,,B03,120.69953,24.132689,3
2022,8,20,20,40,臺中市,南區,0,0,0,,,,50,,,,,,,,,,,,,,,23,,,,,B03,,,1,,2,,,23,,1,5,,B03,120.684411,24.131081,3
2022,8,20,20,40,臺中市,霧峰區,0,0,0,8,,,50,,,,,,,,,,,,,,,42,,,,,C02,,,1,,11,,,42,,1,22,,C02,120.697292,24.063261,3
2022,8,20,20,44,臺中市,南區,0,0,0,,,,50,,,,,,,,,,,,,,,6,,,,,B03,,,1,,2,,,6,,1,5,,B03,120.655457,24.115199,3
2022,8,20,20,45,臺中市,沙鹿區,0,2,0,8,3,5,50,4,4,1,5,4,5,7,1,1,10,5,5,2,13,42,2,9,1,1,C03,7,9,1,10,2,11,,42,42,1,18,3,C03,120.568043,24.253854,2
2022,8,20,20,57,臺中市,西區,0,0,0,8,,,50,,,,,,,,,,,,,,,12,,,,,B03,,,1,,1,,,12,,1,22,,B03,120.653863,24.152323,3
2022,8,20,21,3,臺中市,南區,1,0,0,8,3,5,50,4,1,1,5,4,5,7,4,4,9,4,5,2,3,15,3,10,1,1,B01,7,9,1,7,2,1,,15,15,1,5,1,B01,120.676047,24.127113,1
2022,8,20,21,10,臺中市,東勢區,0,3,0,8,3,5,50,4,1,1,5,4,5,7,4,4,10,5,5,2,12,16,2,8,1,1,C03,7,7,1,10,2,11,,16,16,1,22,9,C03,120.827561,24.2587,2
2022,8,20,21,16,臺中市,北區,0,0,0,,,,50,,,,,,,,,,,,,,,23,,,,,B03,,,1,,1,,,23,,1,22,,B03,120.685238,24.16221,3
2022,8,20,21,16,臺中市,霧峰區,0,0,0,8,,,50,,,,,,,,,,,,,,,12,,,,,B03,,,1,,2,,,12,,1,21,,B03,120.697215,24.066253,3
2022,8,20,21,43,臺中市,西區,0,1,0,8,3,5,50,14,9,1,5,3,5,7,4,4,9,5,5,2,18,42,2,9,1,1,C03,7,9,1,10,2,12,,42,42,1,22,9,C03,120.658489,24.153832,2
2022,8,20,21,52,臺中市,東區,0,2,0,8,3,5,50,14,9,1,5,4,5,7,4,4,9,4,5,2,11,6,3,10,1,1,B03,7,11,1,8,2,5,,6,6,1,21,8,B03,120.701257,24.137424,2
2022,8,20,22,10,臺中市,大里區,0,0,0,8,,,80,,,,,,,,,,,,,,,7,,,,,B03,,,6,,11,,,7,,1,3,,B03,120.690704,24.098029,3
2022,8,20,22,15,臺中市,神岡區,0,0,0,8,,,50,,,,,,,,,,,,,,,16,,,,,B03,,,1,,1,,,16,,1,12,,B03,120.698827,24.235116,3
2022,8,20,22,41,臺中市,龍井區,0,0,0,8,,,40,,,,,,,,,,,,,,,23,,,,,B03,,,1,,8,,,23,,1,10,,B03,120.508128,24.21564,3
2022,8,20,22,45,臺中市,北區,0,0,0,8,3,5,30,13,9,1,5,4,5,7,4,4,9,5,5,2,16,18,3,10,3,4,B03,7,3,1,8,6,5,,18,18,1,22,9,B03,120.677638,24.1716,3
2022,8,20,23,40,臺中市,神岡區,0,3,0,8,1,5,50,5,1,1,5,4,5,7,1,1,5,4,4,2,17,6,2,9,1,1,C03,7,5,1,10,2,14,,6,6,1,12,8,C03,120.657015,24.264366,2
2022,8,21,0,11,臺中市,東區,0,3,0,8,3,5,50,4,1,1,5,4,5,7,3,1,9,4,5,2,16,6,2,9,1,1,C03,7,9,1,10,2,13,12,6,6,1,4,1,C03,120.704969,24.134199,2
2022,8,21,1,30,臺中市,南屯區,0,2,0,8,3,5,50,4,1,1,5,4,5,7,2,1,3,3,5,2,16,25,2,1,1,1,B12,7,9,1,3,2,1,,25,25,1,22,8,B12,120.652923,24.140885,2
2022,8,21,2,49,臺中市,后里區,0,0,0,8,,,30,,,,,,,,,,,,,,,23,,,,,B03,,,6,,11,,,23,,1,22,,B03,120.679838,24.302646,3