年,月,日,時,分,縣市,區,死,受傷,2-30,天候,光線,道路類別,速限,道路型態,事故位置,路面鋪裝,路面狀態,路面缺陷,障礙物,視距,號誌種類,號誌動作,分向設施,快車道或一般車道間,快慢車道間,路面邊線,事故類型及型態,主要肇因,受傷程度,主要傷處,保護裝備,行動電話,當事者區分,車輛用途,當事者行動狀態,駕駛資格情形,駕駛執照種類,飲酒情形,車輛撞擊部位最初,車輛撞擊部位其他,肇事因素個別,肇事因素主要,肇事逃逸,職業,旅次目的,車種,GPS緯度,GPS經度,事故類別
2022,8,21,5,2,臺中市,北區,0,1,0,8,2,5,50,4,1,1,5,4,5,7,2,1,10,5,5,2,16,26,2,9,1,1,C03,7,5,1,10,2,11,,26,26,1,22,8,C03,120.677375,24.153919,2
2022,8,21,5,45,臺中市,太平區,0,0,0,8,,,50,,,,,,,,,,,,,,,12,,,,,B03,,,1,,1,,,12,,1,22,,B03,120.718217,24.113368,3
2022,8,21,6,12,臺中市,太平區,0,1,0,8,1,5,50,4,1,1,5,4,5,7,1,1,10,5,5,2,13,25,3,10,1,1,B12,7,9,1,1,2,1,,25,25,1,22,5,B12,120.721502,24.119897,2
2022,8,21,7,3,臺中市,西區,0,2,0,8,1,5,50,4,1,1,5,4,5,7,2,1,10,5,5,2,16,26,2,9,1,1,C03,7,5,1,10,2,12,,26,26,1,5,8,C03,120.675855,24.133176,2
2022,8,21,7,8,臺中市,石岡區,0,1,0,8,1,5,40,14,8,1,5,4,5,7,4,4,1,4,4,1,16,7,3,10,1,1,B03,7,8,1,8,2,5,,7,7,1,5,8,B03,120.776388,24.274283,2
2022,8,21,7,26,臺中市,龍井區,0,0,0,8,,,60,,,,,,,,,,,,,,,9,,,,,B03,,,1,,3,,,9,,1,9,,B03,120.513048,24.1965,3
2022,8,21,7,30,臺中市,烏日區,0,1,0,8,1,5,50,4,2,1,5,4,5,7,1,1,5,4,4,1,13,23,3,10,1,1,B01,7,9,1,2,2,1,,23,23,1,21,8,B01,120.625741,24.110485,2
2022,8,21,7,36,臺中市,大雅區,1,0,0,8,1,5,30,11,9,1,5,4,5,7,4,4,10,5,5,2,9,23,3,10,1,1,B12,7,9,1,8,2,8,,23,23,1,22,8,B12,120.630758,24.218148,1
2022,8,21,7,43,臺中市,豐原區,0,0,0,8,,,50,,,,,,,,,,,,,,,23,,,,,B03,,,1,,2,,,23,,1,19,,B03,120.744853,24.25469,4
2022,8,21,7,55,臺中市,大雅區,0,1,0,8,1,5,30,3,1,1,5,4,5,7,4,4,10,4,5,1,17,8,3,10,1,1,B03,7,5,1,8,2,8,,8,8,1,22,9,B03,120.669732,24.222286,2
2022,8,21,7,59,臺中市,南屯區,0,1,0,8,2,5,50,4,2,1,5,4,5,7,2,1,1,2,5,2,13,26,3,10,1,1,A32,7,6,1,1,2,1,5,26,26,1,10,1,A32,120.632356,24.145477,2
2022,8,21,8,0,臺中市,霧峰區,0,1,0,8,1,5,40,4,2,1,5,4,5,7,4,4,5,5,4,1,13,19,2,8,1,1,C03,7,1,1,10,2,11,,19,19,1,22,8,C03,120.698062,24.064863,2
2022,8,21,8,3,臺中市,神岡區,0,0,0,8,,,50,,,,,,,,,,,,,,,42,,,,,B03,,,1,,2,,,42,,1,22,,B03,120.656877,24.269637,3
2022,8,21,8,18,臺中市,北區,0,2,0,8,1,5,50,4,9,1,5,4,5,7,4,4,5,5,5,2,16,6,2,8,1,1,C03,7,5,1,10,2,11,,6,6,1,22,9,C03,120.679336,24.14857,2
2022,8,21,8,18,臺中市,大里區,0,1,0,8,1,5,50,3,1,1,5,4,5,7,3,1,10,5,5,1,15,6,3,10,1,1,B12,7,9,1,8,2,5,,6,6,1,5,8,B12,120.6893,24.083966,2
2022,8,21,8,55,臺中市,大肚區,0,0,0,8,,,30,,,,,,,,,,,,,,,6,,,,,B03,,,1,,2,,,6,,1,21,,B03,120.544868,24.14857,3
2022,8,21,9,2,臺中市,北區,0,0,0,8,,,50,,,,,,,,,,,,,,,9,,,,,B03,,,1,,2,,,9,,1,21,,B03,120.677601,24.159187,3
2022,8,21,9,7,臺中市,北區,0,0,0,8,,,30,,,,,,,,,,,,,,,23,,,,,C03,,,1,,11,,,23,,2,22,,C03,120.679174,24.159125,3
2022,8,21,9,7,臺中市,太平區,0,0,0,8,,,50,,,,,,,,,,,,,,,16,,,,,B12,,,1,,1,5,,16,16,1,22,,B12,120.732363,24.134744,3
2022,8,21,9,37,臺中市,烏日區,0,1,0,8,1,5,30,11,9,1,5,4,5,1,4,4,10,5,5,1,26,23,2,9,1,1,C03,7,5,1,10,2,11,12,23,23,1,21,8,C03,120.590035,24.123931,2
2022,8,21,9,51,臺中市,北區,0,1,0,8,1,5,50,4,1,1,5,4,5,7,1,1,10,5,5,2,16,6,3,10,1,1,B03,7,5,1,8,2,1,,6,6,1,22,9,B03,120.682089,24.154584,2
2022,8,21,10,2,臺中市,西屯區,0,2,0,8,1,5,30,4,1,1,5,4,5,7,4,4,10,5,5,2,15,6,2,9,1,1,C03,7,9,1,10,2,11,,6,6,1,22,8,C03,120.642682,24.175417,2
2022,8,21,10,5,臺中市,太平區,0,0,0,,,,50,,,,,,,,,,,,,,,23,,,,,C03,,,1,,2,,,23,,1,21,,C03,120.703194,24.155759,3
2022,8,21,10,7,臺中市,神岡區,0,0,0,8,,,50,,,,,,,,,,,,,,,23,,,,,B03,,,1,,1,,,23,23,1,22,,B03,120.693183,24.231287,3
2022,8,21,10,10,臺中市,大甲區,0,1,0,8,1,5,50,4,1,1,5,4,5,7,4,4,10,5,5,1,17,12,3,10,1,1,B03,7,11,1,8,2,3,,12,10,1,22,8,B03,120.618961,24.34651,2
2022,8,21,10,11,臺中市,豐原區,0,0,0,8,,,50,,,,,,,,,,,,,,,23,,,,,B03,,,1,,2,,,44,23,1,22,,B03,120.719216,24.257901,3
2022,8,21,10,13,臺中市,中區,0,0,0,8,,,50,,,,,,,,,,,,,,,7,,,,,C03,,,1,,1,,,7,,1,4,,C03,120.680765,24.138415,3
2022,8,21,10,16,臺中市,大里區,0,0,0,8,,,30,,,,,,,,,,,,,,,12,,,,,B03,,,1,,2,,,12,,1,5,,B03,120.69488,24.112786,3
2022,8,21,10,27,臺中市,東勢區,0,1,0,8,1,5,50,14,7,1,5,4,3,5,4,4,9,5,4,1,17,19,3,10,1,1,C03,7,1,1,10,2,14,,19,19,1,21,8,C03,120.830616,24.253333,2
2022,8,21,10,35,臺中市,大甲區,0,1,0,8,1,5,30,14,9,1,5,4,5,7,4,4,10,5,5,2,17,6,3,10,1,1,B03,7,5,1,8,2,8,,6,6,1,22,6,B03,120.654959,24.381867,2
2022,8,21,10,48,臺中市,烏日區,0,1,0,8,2,5,40,14,7,1,5,4,5,7,4,4,5,4,5,2,12,42,3,10,1,1,C03,7,9,6,10,2,12,,42,42,1,20,8,C03,120.63798,24.108131,2
2022,8,21,11,10,臺中市,清水區,0,0,0,8,,,70,,,,,,,,,,,,,,,23,,,,,B12,,,1,,2,,,23,,1,22,,B12,120.556744,24.295063,3
2022,8,21,11,12,臺中市,大雅區,0,1,0,8,1,5,30,14,9,1,5,4,5,7,4,4,10,5,5,1,17,23,3,10,1,1,C03,7,4,1,10,2,11,,23,23,1,22,9,C03,120.639897,24.234195,2
2022,8,21,11,26,臺中市,霧峰區,0,2,0,8,1,5,50,14,7,1,5,4,5,7,4,4,5,5,4,1,16,26,2,9,1,1,C03,7,5,1,10,2,14,,26,26,1,22,8,C03,120.699717,24.070875,2
2022,8,21,11,27,臺中市,大里區,0,0,0,8,,,30,,,,,,,,,,,,,,,19,,,,,C03,,,1,,2,,,19,,1,4,,C03,120.692342,24.086585,3
2022,8,21,11,30,臺中市,南區,0,0,0,,,,50,,,,,,,,,,,,,,,23,,,,,B03,,,1,,2,,,23,,1,22,,B03,120.657761,24.111183,3
2022,8,21,11,34,臺中市,潭子區,0,0,0,8,1,5,60,14,7,1,5,4,5,7,4,4,1,4,4,1,13,23,,,,,B03,,,1,,2,,,23,,1,22,,B03,120.702273,24.187894,3
2022,8,21,11,40,臺中市,大雅區,0,1,0,8,1,5,50,4,1,1,5,4,5,7,1,1,9,4,5,1,17,19,2,9,1,1,C03,7,1,1,10,2,14,,19,19,1,22,9,C03,120.645429,24.221915,2
2022,8,21,11,40,臺中市,大里區,0,0,0,8,,,50,,,,,,,,,,,,,,,23,,,,,B03,,,1,,1,,,23,,1,9,,B03,120.692636,24.121261,3
2022,8,21,11,40,臺中市,清水區,0,0,0,8,,,30,,,,,,,,,,,,,,,12,,,,,B12,,,1,,2,,,12,,1,21,,B12,120.549182,24.283041,3
2022,8,21,11,41,臺中市,豐原區,0,1,0,8,1,5,50,14,9,1,5,4,5,7,1,1,5,5,5,1,17,23,2,9,3,4,C03,7,9,6,10,2,11,,23,23,1,22,8,C03,120.758513,24.277131,2
2022,8,21,11,43,臺中市,大里區,0,0,0,8,,,50,,,,,,,,,,,,,,,26,,,,,C03,,,1,,2,,,26,,1,22,,C03,120.691223,24.091811,3
2022,8,21,11,47,臺中市,神岡區,0,0,0,8,,,60,,,,,,,,,,,,,,,19,,,,,A02,,,1,,1,,,19,,1,22,,A02,120.691078,24.230414,3
2022,8,21,11,55,臺中市,大里區,0,0,0,8,,,40,,,,,,,,,,,,,,,26,,,,,B03,,,1,,2,,,26,,1,4,,B03,120.714265,24.094319,3
2022,8,21,11,56,臺中市,北屯區,0,1,0,8,1,5,30,14,9,1,5,4,5,7,4,4,1,4,5,2,13,16,2,9,1,1,C03,7,9,1,10,2,11,,16,16,1,22,8,C03,120.669696,24.200808,2
2022,8,21,11,56,臺中市,北屯區,0,2,0,8,1,5,50,14,7,1,5,4,5,7,4,4,5,5,4,2,13,16,2,9,1,1,C03,7,9,1,10,2,11,,16,16,1,4,8,C03,120.688715,24.181326,2
2022,8,21,11,57,臺中市,大里區,0,2,0,8,1,5,50,14,7,1,5,4,5,7,4,4,5,5,4,1,13,23,2,9,1,1,C03,7,9,1,10,2,11,,23,23,1,22,8,C03,120.706721,24.095145,2
2022,8,21,12,3,臺中市,北屯區,0,0,0,8,,,50,,,,,,,,,,,,,,,7,,,,,B03,,,1,,9,,,7,7,1,22,,B03,120.694259,24.16491,3
2022,8,21,12,7,臺中市,西區,0,3,0,8,1,5,40,4,1,1,5,4,5,7,1,1,10,5,5,2,17,19,3,10,3,4,B03,7,1,1,8,2,15,,19,19,1,21,8,B03,120.661726,24.134351,2
2022,8,21,12,17,臺中市,北屯區,0,0,0,8,,,30,,,,,,,,,,,,,,,23,,,,,C03,,,4,,1,,,23,,1,22,,C03,120.662486,24.192341,3
2022,8,21,12,24,臺中市,大肚區,0,1,0,8,1,5,30,3,1,1,5,4,5,7,4,4,10,5,5,2,16,19,3,10,1,1,B03,7,1,1,8,2,2,,19,19,1,21,8,B03,120.544296,24.16361,2
2022,8,21,12,25,臺中市,北區,0,0,0,8,,,50,,,,,,,,,,,,,,,23,,,,,C03,,,1,,2,,,23,,1,21,,C03,120.670529,24.162837,3
2022,8,21,12,32,臺中市,中區,0,0,0,8,,,50,,,,,,,,,,,,,,,6,,,,,B03,,,1,,2,,,6,,1,4,,B03,120.680864,24.145425,3
2022,8,21,12,43,臺中市,南屯區,0,1,0,8,1,5,30,14,9,1,5,4,5,7,4,4,10,5,5,2,16,7,3,10,1,1,C03,7,7,1,10,2,11,,7,7,1,22,8,C03,120.61237,24.149392,2
2022,8,21,12,44,臺中市,清水區,0,0,0,8,,,50,,,,,,,,,,,,,,,19,,,,,B12,,,1,,2,,,19,,1,21,,B12,120.567408,24.270311,3
2022,8,21,12,45,臺中市,大里區,0,0,0,8,,,50,,,,,,,,,,,,,,,26,,,,,C03,,,1,,1,,,26,,1,5,,C03,120.680152,24.115045,3
2022,8,21,12,48,臺中市,西區,0,0,0,8,,,50,,,,,,,,,,,,,,,23,,,,,B12,,,1,,1,,,23,,1,9,,B12,120.661704,24.153989,3
2022,8,21,12,51,臺中市,潭子區,0,1,0,8,1,5,50,14,9,1,5,4,5,7,4,4,5,4,5,1,17,26,2,9,1,1,C03,7,4,3,18,2,12,,26,26,1,22,9,C03,120.700464,24.213966,2
2022,8,21,12,51,臺中市,西區,0,0,0,8,,,50,,,,,,,,,,,,,,,23,,,,,B03,,,1,,1,,,23,,1,4,,B03,120.660142,24.157927,3
2022,8,21,12,56,臺中市,北屯區,0,0,0,8,,,50,,,,,,,,,,,,,,,25,,,,,C03,,,1,,1,,,25,,1,4,,C03,120.688648,24.180046,3
2022,8,21,13,16,臺中市,豐原區,0,0,0,8,,,50,,,,,,,,,,,,,,,18,,,,,B03,,,1,,2,,,18,,1,21,,B03,120.717738,24.257723,3
2022,8,21,13,20,臺中市,北區,0,1,0,8,1,5,50,4,1,1,5,4,5,7,1,1,10,5,5,2,17,23,2,9,1,1,C03,7,9,1,10,2,11,,23,23,1,22,8,C03,120.679281,24.149836,2
2022,8,21,13,24,臺中市,沙鹿區,0,1,0,8,1,5,50,14,7,1,5,4,5,7,4,4,5,5,4,2,16,19,3,10,1,1,B03,7,1,1,4,2,4,,19,19,1,21,8,B03,120.579115,24.218369,2
2022,8,21,13,36,臺中市,南區,0,0,0,,,,50,,,,,,,,,,,,,,,6,,,,,B03,,,1,,2,,,6,,1,21,,B03,120.685066,24.12957,3
2022,8,21,13,39,臺中市,清水區,0,0,0,,,,50,,,,,,,,,,,,,,,23,,,,,B03,,,1,,2,,,23,,1,5,,B03,120.563983,24.268006,3
2022,8,21,13,41,臺中市,大里區,0,0,0,8,,,50,,,,,,,,,,,,,,,42,,,,,B12,,,1,,2,,,42,,1,22,,B12,120.712229,24.103553,3
2022,8,21,13,44,臺中市,豐原區,0,0,0,8,,,50,,,,,,,,,,,,,,,16,,,,,C03,,,1,,2,,,16,16,1,21,,C03,120.719133,24.248088,3
2022,8,21,13,53,臺中市,清水區,0,0,0,,,,50,,,,,,,,,,,,,,,44,,,,,B03,,,1,,2,,,44,,1,5,,B03,120.575194,24.267587,3
2022,8,21,13,55,臺中市,西區,0,1,0,8,1,5,50,5,1,1,5,4,5,7,2,1,10,5,5,2,16,6,3,10,1,1,B03,7,6,1,8,2,2,,6,6,1,21,8,B03,120.663775,24.154648,2
2022,8,21,14,7,臺中市,大里區,0,0,0,8,,,50,,,,,,,,,,,,,,,42,,,,,B03,,,1,,2,,,42,,1,4,,B03,120.714734,24.09208,3
2022,8,21,14,8,臺中市,大甲區,0,0,0,8,,,40,,,,,,,,,,,,,,,17,,,,,B03,,,1,,1,,,17,,1,21,,B03,120.635741,24.429498,3
2022,8,21,14,15,臺中市,清水區,0,1,0,8,1,5,70,4,1,1,5,4,5,7,1,1,10,5,5,2,16,7,3,10,1,1,B03,7,8,1,8,2,5,,7,7,1,5,5,B03,120.595293,24.3006,2
2022,8,21,14,24,臺中市,北區,0,0,0,8,,,50,,,,,,,,,,,,,,,23,,,,,B03,,,1,,2,,,23,,1,21,,B03,120.68616,24.146227,3
2022,8,21,14,28,臺中市,南區,0,2,0,8,1,5,30,4,1,1,5,4,5,7,4,4,10,5,5,2,15,6,2,9,1,1,C03,7,9,1,10,2,11,,6,6,1,21,8,C03,120.682686,24.130996,2
2022,8,21,14,36,臺中市,霧峰區,0,0,0,8,,,50,,,,,,,,,,,,,,,12,,,,,B12,,,1,,9,,,12,,1,22,,B12,120.662811,24.070503,3
2022,8,21,14,37,臺中市,后里區,0,0,0,8,,,30,,,,,,,,,,,,,,,44,,,,,B03,,,1,,2,,,44,,1,22,,B03,120.717248,24.309617,3
2022,8,21,14,53,臺中市,潭子區,0,2,0,8,1,5,60,3,2,1,5,4,5,7,3,1,1,3,4,1,13,16,2,9,1,1,C03,7,9,1,10,2,11,,16,16,1,22,9,C03,120.706722,24.223061,2
2022,8,21,14,58,臺中市,北區,0,1,0,8,1,5,50,4,1,1,5,4,5,7,4,4,10,5,5,2,15,6,3,10,1,1,C03,7,9,1,10,2,12,,6,6,1,5,8,C03,120.665352,24.16398,2
2022,8,21,14,59,臺中市,潭子區,0,0,0,8,,,50,,,,,,,,,,,,,,,23,,,,,B03,,,1,,2,,,23,,1,22,,B03,120.700841,24.20656,3
2022,8,21,15,0,臺中市,神岡區,0,1,0,8,1,5,50,4,1,1,5,4,5,7,4,4,5,4,4,2,17,6,3,10,1,1,B03,7,6,1,8,2,2,,6,6,1,12,8,B03,120.68703,24.247525,2
2022,8,21,15,10,臺中市,東區,0,0,0,,,,50,,,,,,,,,,,,,,,23,,,,,B03,,,1,,2,,,23,,1,5,,B03,120.686877,24.136117,3
2022,8,21,15,15,臺中市,南區,0,2,0,8,1,5,30,4,1,1,5,4,4,7,4,4,10,5,5,2,15,6,2,9,1,1,C03,7,9,1,10,2,11,,6,6,1,22,8,C03,120.664123,24.119949,2
2022,8,21,15,22,臺中市,西屯區,0,0,0,8,,,30,,,,,,,,,,,,,,,19,,,,,B03,,,1,,2,,,19,,1,22,,B03,120.63347,24.17093,3
2022,8,21,15,29,臺中市,北區,0,3,0,8,1,5,50,4,1,1,5,4,5,7,1,1,10,5,5,2,16,6,2,9,1,1,C03,7,5,1,10,2,14,,6,6,1,22,8,C03,120.679356,24.172862,2
2022,8,21,15,35,臺中市,北屯區,0,0,0,6,,,50,,,,,,,,,,,,,,,19,,,,,B03,,,1,8,2,8,5,19,19,1,21,8,B03,120.686953,24.186574,3
2022,8,21,15,43,臺中市,太平區,0,1,0,8,1,5,50,4,1,1,5,4,5,7,1,1,10,5,5,2,16,1,3,10,1,1,B03,7,6,1,8,2,2,,27,1,1,21,8,B03,120.712182,24.144435,2
2022,8,21,15,46,臺中市,北屯區,0,0,0,8,,,50,,,,,,,,,,,,,,,25,,,,,B12,,,1,,1,,,25,,1,21,,B12,120.676125,24.200611,3
2022,8,21,15,53,臺中市,后里區,0,0,0,8,1,5,40,3,2,1,5,4,5,7,4,4,10,5,5,2,12,17,,,,,B03,,,1,,1,,,17,,1,21,,B03,120.748021,24.323822,3
2022,8,21,15,58,臺中市,豐原區,0,2,0,8,1,5,50,4,9,1,5,4,5,7,1,1,5,5,5,2,15,44,2,9,3,4,C03,7,9,1,10,2,14,,44,44,1,22,8,C03,120.715127,24.247148,2
2022,8,21,16,9,臺中市,東區,0,2,0,8,2,5,50,14,8,1,5,4,3,7,4,4,9,5,4,2,16,6,2,9,1,1,C03,7,6,1,10,2,11,,6,6,1,22,8,C03,120.699994,24.140672,2
2022,8,21,16,15,臺中市,沙鹿區,0,1,0,8,1,5,50,4,1,1,5,4,5,7,1,1,10,5,5,2,16,25,3,10,1,1,B03,7,5,1,8,2,2,,25,25,1,21,8,B03,120.562127,24.245131,2
2022,8,21,16,19,臺中市,北屯區,0,1,0,8,1,5,50,14,9,1,5,4,5,7,4,4,5,4,5,2,18,23,2,9,1,1,F03,7,9,8,20,9,15,,23,23,1,22,8,F03,120.71276,24.172665,2
2022,8,21,16,20,臺中市,東勢區,0,0,0,8,,,50,,,,,,,,,,,,,,,23,,,,,C03,,,1,,2,,,23,,1,9,,C03,120.76697,24.28412,3
2022,8,21,16,25,臺中市,大里區,0,0,0,8,,,50,,,,,,,,,,,,,,,23,,,,,B03,,,1,,9,,,23,23,2,21,,B03,120.679841,24.115802,3
2022,8,21,16,26,臺中市,龍井區,0,1,0,8,1,5,50,3,1,1,5,4,5,7,4,4,5,5,5,2,16,43,3,10,1,1,B12,7,6,1,7,2,6,,43,43,1,20,5,B12,120.514851,24.198215,2
2022,8,21,16,28,臺中市,北區,0,2,0,8,1,5,50,3,1,1,5,4,5,7,1,1,10,5,5,2,16,6,2,9,1,1,C03,7,6,1,10,2,12,,6,6,1,22,8,C03,120.687116,24.15459,2
2022,8,21,16,28,臺中市,霧峰區,0,2,0,8,1,5,40,3,1,1,5,4,5,7,4,4,10,5,5,2,17,23,2,8,3,4,C03,7,9,1,10,2,14,,23,23,1,18,8,C03,120.718655,24.078527,2
2022,8,21,16,30,臺中市,梧棲區,0,0,0,,,,50,,,,,,,,,,,,,,,6,,,,,B03,,,1,,2,,,6,,1,19,,B03,120.545132,24.25291,3
2022,8,21,16,31,臺中市,東區,0,0,0,8,,,50,,,,,,,,,,,,,,,44,,,,,B03,,,1,,11,,,44,,1,22,,B03,120.697323,24.134663,3
2022,8,21,16,40,臺中市,沙鹿區,0,0,0,8,,,40,,,,,,,,,,,,,,,23,,,,,B03,,,1,,2,,,23,,1,21,,B03,120.573682,24.231194,3
2022,8,21,16,50,臺中市,中區,0,0,0,8,,,50,,,,,,,,,,,,,,,23,,,,,C03,,,1,,1,,,23,23,1,21,,C03,120.673947,24.143466,3
2022,8,21,16,52,臺中市,北區,0,1,0,8,1,5,50,5,2,1,5,4,5,7,2,1,3,4,3,1,13,9,2,9,3,4,C03,7,9,1,10,2,11,,23,9,1,22,9,C03,120.677005,24.165436,2
2022,8,21,16,53,臺中市,北屯區,0,0,0,8,,,50,,,,,,,,,,,,,,,23,,,,,B03,,,1,,2,,,23,,1,21,,B03,120.675996,24.200491,3
2022,8,21,17,6,臺中市,北屯區,0,0,0,8,,,50,,,,,,,,,,,,,,,26,,,,,C03,,,1,,1,,,26,,1,21,,C03,120.696792,24.164956,3
2022,8,21,17,7,臺中市,南區,0,0,0,,,,50,,,,,,,,,,,,,,,12,,,,,B03,,,1,,2,,,12,,1,5,,B03,120.655385,24.120148,3
2022,8,21,17,18,臺中市,潭子區,0,2,0,8,1,5,50,4,1,1,5,4,5,7,1,1,1,2,4,1,16,6,3,10,1,1,B03,7,6,1,8,2,2,,6,6,1,22,9,B03,120.684673,24.216169,2
2022,8,21,17,23,臺中市,北屯區,0,0,0,8,,,50,,,,,,,,,,,,,,,7,,,,,B03,,,1,,1,,,7,7,1,6,,B03,120.685221,24.169409,3
2022,8,21,17,28,臺中市,西區,0,0,0,8,,,50,,,,,,,,,,,,,,,6,,,,,B03,,,1,,1,,,6,,1,21,,B03,120.665219,24.149026,3
2022,8,21,17,29,臺中市,大里區,0,1,0,8,1,5,50,5,4,1,5,4,5,7,2,1,1,5,4,1,13,42,3,10,1,1,B03,7,9,1,8,2,1,,42,42,1,5,8,B03,120.686688,24.095498,2
2022,8,21,17,45,臺中市,西區,0,1,0,8,1,5,50,3,1,1,5,4,5,7,4,4,10,5,5,2,16,19,2,9,1,1,C03,7,1,1,10,2,12,,19,19,1,22,8,C03,120.665342,24.159083,2
2022,8,21,17,45,臺中市,大甲區,0,1,0,8,1,5,50,4,2,1,5,4,5,7,3,1,10,5,5,2,16,9,3,10,1,1,B03,7,6,1,8,3,2,5,9,9,1,4,8,B03,120.644051,24.40109,2
2022,8,21,17,48,臺中市,大里區,0,2,0,8,1,5,50,4,1,1,5,4,5,7,1,1,10,5,5,2,17,25,3,10,1,1,C03,7,5,3,18,2,12,,25,25,1,21,5,C03,120.706758,24.095474,2
2022,8,21,18,0,臺中市,沙鹿區,0,2,0,8,1,5,50,14,9,1,5,4,5,7,4,4,9,5,5,1,13,23,2,9,2,1,C03,7,9,1,10,2,11,,23,23,1,21,8,C03,120.569291,24.213045,2
2022,8,21,18,3,臺中市,南區,0,0,0,8,,,50,,,,,,,,,,,,,,,22,,,,,B03,,,1,,2,,,22,,1,3,,B03,120.660486,24.113207,3
2022,8,21,18,5,臺中市,東區,0,1,0,8,2,5,50,4,1,1,5,4,5,7,1,1,10,5,5,2,16,6,3,10,1,1,B03,7,6,1,8,2,6,,6,6,1,21,8,B03,120.708696,24.142723,2
2022,8,21,18,14,臺中市,豐原區,0,1,0,8,1,5,50,4,18,1,5,4,5,7,4,4,4,4,4,2,1,6,3,10,1,1,B03,7,5,1,8,2,8,,6,6,1,4,5,B03,120.718849,24.250663,2
2022,8,21,18,15,臺中市,南區,0,0,0,,,,40,,,,,,,,,,,,,,,23,,,,,B03,,,1,,2,,,23,,1,5,,B03,120.657454,24.129632,3
2022,8,21,18,15,臺中市,豐原區,0,1,0,8,1,5,50,4,9,1,5,4,5,7,4,4,4,5,5,2,15,6,3,10,3,4,B03,7,9,1,8,2,1,,6,6,1,22,8,B03,120.733777,24.253274,2
2022,8,21,18,16,臺中市,大里區,0,0,0,8,,,50,,,,,,,,,,,,,,,12,,,,,B12,,,,,,,,12,,1,,,B12,120.702263,24.087265,3
2022,8,21,18,23,臺中市,東區,0,2,0,8,2,5,50,4,2,1,5,4,5,7,4,4,3,4,4,2,12,6,3,10,1,1,B03,7,6,1,8,2,5,,6,6,1,19,5,B03,120.687609,24.143017,2
2022,8,21,18,25,臺中市,豐原區,0,1,0,8,3,5,50,14,7,1,5,4,5,7,4,4,5,5,4,2,13,23,2,9,1,1,C03,7,9,3,18,3,11,,23,23,1,21,8,C03,120.719732,24.251685,2
2022,8,21,18,31,臺中市,大肚區,0,1,0,8,1,5,50,3,1,1,5,4,5,7,1,1,10,5,5,2,26,23,2,3,1,1,C03,7,9,3,18,8,11,,23,23,1,22,9,C03,120.574433,24.169817,2
2022,8,21,18,33,臺中市,北區,0,0,0,8,,,50,,,,,,,,,,,,,,,23,,,,,B03,,,1,,1,,,23,,1,22,,B03,120.680204,24.158997,3
2022,8,21,18,43,臺中市,東區,0,0,0,8,,,50,,,,,,,,,,,,,,,6,,,,,B03,,,1,8,2,,,6,6,1,21,,B03,120.686621,24.138056,3
2022,8,21,18,59,臺中市,大里區,0,0,0,8,,,,,,,,,,,,,,,,,,67,,,,,,,,,,,,,67,,1,,,,120.678431,24.103288,3
2022,8,21,19,3,臺中市,南屯區,0,1,0,8,3,5,30,3,1,1,5,4,5,7,4,4,10,5,5,2,17,6,3,10,1,1,B03,7,5,1,8,2,8,,6,6,1,22,8,B03,120.610904,24.145398,2
2022,8,21,19,10,臺中市,大里區,0,0,0,8,,,50,,,,,,,,,,,,,,,16,,,,,B03,,,1,,2,,,16,,1,22,,B03,120.694694,24.117258,3
2022,8,21,19,26,臺中市,西區,0,0,0,8,,,50,,,,,,,,,,,,,,,12,,,,,B03,,,1,,1,,,12,,1,21,,B03,120.663075,24.149036,3
2022,8,21,19,34,臺中市,清水區,0,0,0,8,,,70,,,,,,,,,,,,,,,23,,,,,B03,,,1,,2,,,23,,1,21,,B03,120.581485,24.28193,3
2022,8,21,19,47,臺中市,北屯區,0,0,0,6,,,50,,,,,,,,,,,,,,,43,,,,,B03,,21,1,,11,15,,43,43,1,22,,B03,120.737965,24.178441,3
2022,8,21,19,52,臺中市,東區,0,1,0,8,3,5,50,4,1,1,5,4,5,7,1,1,10,5,5,2,16,6,3,10,1,1,B03,7,5,1,8,2,2,,6,6,1,22,8,B03,120.699913,24.142778,2
2022,8,21,19,56,臺中市,東區,0,1,0,8,2,5,50,4,1,1,5,4,5,7,1,1,10,5,5,2,16,6,3,10,1,1,B01,7,6,1,4,2,5,,6,6,1,10,8,B01,120.69745,24.144699,2
2022,8,21,20,4,臺中市,南區,0,0,0,8,,,1,,,,,,,,,,,,,,,12,,,,,B03,,,1,7,2,,,12,12,1,21,,B03,120.661925,24.130102,3
2022,8,21,20,19,臺中市,豐原區,0,0,0,8,,,60,,,,,,,,,,,,,,,16,,,,,B03,,,1,,2,,,16,16,1,22,,B03,120.720291,24.264483,3
2022,8,21,20,22,臺中市,北區,0,0,0,,,,30,,,,,,,,,,,,,,,7,,,,,B03,,,1,,2,,,7,,1,22,,B03,120.669847,24.156472,3