年,月,日,時,分,縣市,區,死,受傷,2-30,天候,光線,道路類別,速限,道路型態,事故位置,路面鋪裝,路面狀態,路面缺陷,障礙物,視距,號誌種類,號誌動作,分向設施,快車道或一般車道間,快慢車道間,路面邊線,事故類型及型態,主要肇因,受傷程度,主要傷處,保護裝備,行動電話,當事者區分,車輛用途,當事者行動狀態,駕駛資格情形,駕駛執照種類,飲酒情形,車輛撞擊部位最初,車輛撞擊部位其他,肇事因素個別,肇事因素主要,肇事逃逸,職業,旅次目的,車種,GPS緯度,GPS經度,事故類別
2022,8,21,20,25,臺中市,東區,0,1,0,8,3,5,50,4,2,1,5,4,5,7,1,1,10,5,5,2,16,6,3,10,1,1,B12,7,5,1,8,2,2,,6,6,1,22,8,B12,120.705379,24.137658,2
2022,8,21,20,30,臺中市,潭子區,0,0,0,8,,,50,,,,,,,,,,,,,,,26,,,,,B03,,,1,,2,,,26,,1,22,,B03,120.70334,24.200705,3
2022,8,21,20,31,臺中市,南區,0,0,0,,,,50,,,,,,,,,,,,,,,7,,,,,B03,,,1,,2,,,7,,1,5,,B03,120.650118,24.120638,3
2022,8,21,20,35,臺中市,北區,0,0,0,8,,,50,,,,,,,,,,,,,,,7,,,,,B12,,,1,,1,,,7,,1,22,,B12,120.664208,24.154416,3
2022,8,21,20,38,臺中市,大里區,0,0,0,8,,,50,,,,,,,,,,,,,,,18,,,,,B03,,,1,,2,,,18,,1,22,,B03,120.693611,24.09063,3
2022,8,21,20,38,臺中市,沙鹿區,0,0,0,8,,,60,,,,,,,,,,,,,,,7,,,,,B03,,,1,,2,,,7,,1,5,,B03,120.605776,24.247496,3
2022,8,21,20,52,臺中市,西屯區,0,0,0,8,,,30,,,,,,,,,,,,,,,19,,,,,B03,,,1,,1,,,19,,1,22,,B03,120.634306,24.15957,3
2022,8,21,21,0,臺中市,大里區,0,0,0,8,,,50,,,,,,,,,,,,,,,12,,,,,B12,,,1,,2,,,12,,1,22,,B12,120.693893,24.089941,3
2022,8,21,21,10,臺中市,東區,0,1,0,8,1,5,50,14,9,1,5,4,5,7,4,4,9,5,5,2,17,10,3,10,1,1,C03,7,11,1,10,2,15,,10,10,1,5,5,C03,120.687944,24.134937,2
2022,8,21,21,15,臺中市,西區,0,0,0,,,,50,,,,,,,,,,,,,,,16,,,,,B03,,,1,,2,,,16,,1,21,,B03,120.662609,24.155678,3
2022,8,21,21,47,臺中市,西區,0,2,0,8,3,5,50,4,2,1,5,4,5,7,1,1,5,2,4,2,17,23,3,10,1,1,C03,7,9,1,10,1,11,,23,23,1,5,1,C03,120.659122,24.160078,2
2022,8,21,22,0,臺中市,中區,0,1,0,8,3,5,50,4,1,1,5,4,5,7,1,1,10,5,5,2,13,16,3,10,1,1,B01,7,9,1,4,2,1,,16,16,1,10,8,B01,120.682211,24.140111,2
2022,8,21,22,1,臺中市,太平區,0,1,0,8,3,5,40,4,2,1,5,4,5,7,1,1,5,5,4,2,17,13,2,9,3,4,C03,7,9,1,10,2,11,,13,13,1,9,8,C03,120.71805,24.149017,2
2022,8,21,22,15,臺中市,西屯區,0,1,0,8,3,5,40,4,1,1,5,4,5,7,2,1,10,5,5,2,12,26,3,10,1,1,B03,7,8,1,4,2,2,,26,26,1,22,8,B03,120.62686,24.159851,2
2022,8,21,22,28,臺中市,南屯區,0,3,0,8,3,5,50,14,7,1,5,4,5,7,4,4,5,4,5,2,10,26,3,10,1,1,B03,7,9,1,8,2,1,,26,26,1,22,9,B03,120.649778,24.154592,2
2022,8,21,22,30,臺中市,南屯區,0,1,0,8,3,5,50,4,1,1,5,4,5,7,1,1,4,3,4,2,15,25,3,10,1,1,B03,7,9,1,8,2,8,4,25,25,1,22,8,B03,120.653853,24.144786,2
2022,8,21,22,30,臺中市,太平區,0,2,0,8,3,5,30,3,1,1,5,4,5,7,4,4,10,5,5,2,16,6,2,9,1,1,C03,7,5,1,10,2,14,,6,6,1,22,5,C03,120.727704,24.155387,2
2022,8,21,22,43,臺中市,大里區,0,0,0,8,,,50,,,,,,,,,,,,,,,12,,,,,B03,,,1,,2,,,12,,1,22,,B03,120.684928,24.119861,3
2022,8,21,23,29,臺中市,南屯區,0,1,0,8,3,5,50,3,7,1,5,4,5,7,4,4,5,4,4,2,13,23,2,9,1,1,C03,7,9,6,10,2,11,,23,23,1,22,9,C03,120.61703,24.156058,2
2022,8,22,0,9,臺中市,北屯區,0,0,0,8,,,50,,,,,,,,,,,,,,,67,,,,,,,,,,,,,67,,1,,,,120.730311,24.159181,3
2022,8,22,0,46,臺中市,北區,0,1,0,8,3,5,50,14,7,1,5,4,5,7,2,1,3,4,4,2,3,23,3,10,1,1,C03,7,9,1,10,2,11,,23,23,1,22,8,C03,120.677416,24.153763,2
2022,8,22,3,2,臺中市,北屯區,0,0,0,8,,,50,,,,,,,,,,,,,,,25,,,,,B03,,,1,,4,,,25,,1,21,,B03,120.69779,24.17042,3
2022,8,22,5,17,臺中市,北區,0,1,0,8,2,5,50,4,1,1,5,4,5,7,2,1,10,5,5,2,17,45,2,9,1,1,C03,7,9,3,18,2,11,,45,45,1,22,9,C03,120.675938,24.159362,2
2022,8,22,5,18,臺中市,大里區,0,1,0,8,2,5,50,14,9,1,5,4,5,7,4,4,5,4,5,1,12,23,2,9,1,1,B03,7,9,1,8,2,5,1,23,23,1,20,5,B03,120.674806,24.111789,2
2022,8,22,5,20,臺中市,西區,0,1,0,8,2,5,50,14,9,1,5,4,5,7,4,4,1,4,5,2,17,4,2,9,1,1,C03,7,9,3,18,2,11,,4,4,1,21,8,C03,120.662596,24.161065,2
2022,8,22,5,26,臺中市,后里區,0,1,0,8,2,5,50,14,9,1,5,4,5,7,4,4,1,4,5,1,27,43,2,9,1,1,C03,7,9,1,10,2,14,,43,43,1,22,8,C03,120.680758,24.313611,2
2022,8,22,5,34,臺中市,北屯區,0,2,0,8,1,5,50,4,1,1,5,4,5,7,3,1,10,5,5,2,15,6,2,9,1,1,B03,7,9,1,8,2,1,,6,6,1,21,8,B03,120.687639,24.185449,2
2022,8,22,5,57,臺中市,北區,0,1,0,8,1,5,40,14,8,1,5,4,5,7,4,4,5,5,4,2,16,19,3,10,1,1,B03,7,1,1,8,11,8,,19,19,1,22,8,B03,120.67734,24.14997,2
2022,8,22,6,24,臺中市,霧峰區,0,0,0,8,,,30,,,,,,,,,,,,,,,23,,,,,B03,,,1,,11,,,23,23,2,4,,B03,120.679165,24.063334,3
2022,8,22,6,41,臺中市,潭子區,0,1,0,8,1,5,50,3,1,1,5,4,5,7,1,1,1,4,4,1,16,6,3,10,1,1,B12,7,5,1,6,2,8,,6,6,1,22,8,B12,120.702625,24.196939,2
2022,8,22,7,5,臺中市,大里區,0,3,0,8,1,5,50,5,1,1,5,4,5,7,1,1,10,5,5,2,12,7,2,9,1,1,F03,7,8,8,20,2,16,,7,7,1,9,8,F03,120.681082,24.104827,2
2022,8,22,7,8,臺中市,南區,0,1,0,8,1,5,50,4,2,1,5,4,5,7,4,4,5,5,4,2,16,26,3,10,1,1,B03,7,11,1,8,2,4,,26,26,1,22,8,B03,120.669579,24.114734,2
2022,8,22,7,9,臺中市,北區,0,0,0,8,,,50,,,,,,,,,,,,,,,23,,,,,B03,,,1,,1,,,23,,1,22,,B03,120.668273,24.170311,3
2022,8,22,7,22,臺中市,南屯區,0,2,0,8,1,5,50,4,1,1,5,4,5,7,2,1,5,4,4,2,16,9,2,9,3,4,C03,7,6,1,10,2,12,,9,9,1,22,9,C03,120.612596,24.138454,2
2022,8,22,7,24,臺中市,太平區,0,2,0,8,1,5,50,5,1,1,5,4,5,7,4,4,10,5,5,2,16,19,2,9,1,1,C04,7,1,3,18,2,11,,19,19,1,22,8,C04,120.741974,24.157447,2
2022,8,22,7,25,臺中市,梧棲區,0,0,0,8,,,50,,,,,,,,,,,,,,,17,,,,,A31,,,1,,2,,,17,,1,10,,A31,120.522545,24.224152,3
2022,8,22,7,27,臺中市,神岡區,0,1,0,8,1,5,50,14,9,1,5,4,5,7,4,4,5,5,5,1,18,23,2,9,1,1,C03,7,9,1,10,2,14,,23,23,1,21,1,C03,120.676028,24.281914,2
2022,8,22,7,31,臺中市,大里區,0,1,0,8,1,5,60,4,2,1,5,4,5,7,1,1,1,2,4,1,13,23,2,8,1,1,C03,7,12,1,10,2,14,,23,23,1,22,8,C03,120.689858,24.100835,2
2022,8,22,7,34,臺中市,東區,0,1,0,8,1,5,50,4,1,1,5,4,5,7,2,1,10,5,5,2,16,25,2,8,1,1,C03,7,9,1,10,2,11,,25,25,1,21,8,C03,120.701456,24.138879,2
2022,8,22,7,35,臺中市,龍井區,0,0,0,8,,,50,,,,,,,,,,,,,,,23,,,,,C03,,,1,,2,,,23,,1,9,,C03,120.54956,24.213496,3
2022,8,22,7,35,臺中市,豐原區,0,0,0,8,,,40,,,,,,,,,,,,,,,16,,,,,B03,,,1,,2,,,16,,1,21,,B03,120.724523,24.234784,3
2022,8,22,7,38,臺中市,外埔區,0,2,0,8,1,5,50,4,1,1,5,4,5,7,1,1,10,5,5,2,16,23,2,9,1,1,C03,7,9,1,8,2,12,,23,23,1,22,8,C03,120.651713,24.332216,2
2022,8,22,7,40,臺中市,大安區,0,2,0,8,1,5,50,4,1,1,5,4,5,7,4,4,10,5,5,1,3,23,2,9,1,1,C03,7,9,1,10,2,11,,23,23,1,22,1,C03,120.603801,24.381193,2
2022,8,22,7,41,臺中市,豐原區,0,0,0,8,,,50,,,,,,,,,,,,,,,7,,,,,C03,,,1,,2,,,7,,1,4,,C03,120.743452,24.255519,3
2022,8,22,7,42,臺中市,太平區,0,2,0,8,1,5,30,4,1,1,5,4,5,7,1,1,10,5,5,2,16,6,2,9,1,1,C02,7,5,1,10,2,11,12,6,6,1,22,8,C02,120.726422,24.107605,2
2022,8,22,7,45,臺中市,神岡區,0,1,0,8,1,5,50,4,1,1,5,4,5,7,1,1,5,4,4,2,17,42,2,9,1,1,F03,7,9,8,20,2,16,,42,42,1,12,8,F03,120.684161,24.246487,2
2022,8,22,7,47,臺中市,南區,0,2,0,8,1,5,30,3,2,1,5,4,5,7,4,4,1,4,4,2,16,6,2,9,1,1,C03,7,6,3,18,2,14,,6,6,1,21,8,C03,120.657293,24.131616,2
2022,8,22,7,47,臺中市,豐原區,0,0,0,8,,,60,,,,,,,,,,,,,,,16,,,,,B03,,,1,,2,,,16,16,1,21,,B03,120.72074,24.236558,3
2022,8,22,7,49,臺中市,大甲區,0,2,0,8,1,5,50,3,1,1,5,4,5,7,4,4,10,5,5,2,11,6,2,8,1,1,C03,7,5,1,10,2,12,,6,6,1,22,1,C03,120.653952,24.390776,2
2022,8,22,7,52,臺中市,潭子區,0,1,0,8,1,5,30,3,1,1,5,4,5,7,4,4,5,5,5,1,16,6,3,10,1,1,B03,7,5,1,8,2,8,,6,6,1,22,9,B03,120.714048,24.22399,2
2022,8,22,7,53,臺中市,大雅區,0,2,0,8,1,5,50,4,2,1,5,4,5,7,4,4,9,4,5,1,17,26,2,9,1,1,C03,7,11,1,9,2,12,,26,26,1,22,9,C03,120.655546,24.224557,2
2022,8,22,7,53,臺中市,大甲區,0,1,0,8,1,5,50,14,9,1,5,4,5,7,4,4,5,5,5,1,11,23,2,9,1,1,C03,7,9,1,10,2,14,,23,23,1,22,1,C03,120.624341,24.355811,2
2022,8,22,7,57,臺中市,北屯區,0,0,0,8,,,80,,,,,,,,,,,,,,,23,,,,,B03,,,1,,1,,,23,,1,22,,B03,120.68847,24.201012,3
2022,8,22,7,58,臺中市,潭子區,0,1,0,8,1,5,30,14,9,1,5,4,5,7,4,4,10,5,5,2,13,23,2,9,1,1,C03,7,9,1,10,2,11,12,23,23,1,22,8,C03,120.707532,24.199439,2
2022,8,22,8,5,臺中市,西區,0,2,0,8,1,5,50,4,1,1,5,4,5,7,2,1,10,5,5,2,15,25,2,9,1,1,C03,7,9,1,10,2,11,,25,25,1,5,8,C03,120.666736,24.141067,2
2022,8,22,8,10,臺中市,西屯區,0,1,0,8,1,5,40,4,1,1,5,4,5,7,1,1,1,3,1,2,16,6,3,10,1,1,B03,7,6,1,8,2,7,,6,6,1,22,8,B03,120.631038,24.162596,2
2022,8,22,8,11,臺中市,北區,0,2,0,8,1,5,50,14,7,1,5,4,5,7,4,4,3,4,5,2,13,16,2,9,1,1,C03,7,12,1,10,2,13,,44,16,1,22,9,C03,120.685856,24.163204,2
2022,8,22,8,12,臺中市,西屯區,0,0,0,8,,,50,,,,,,,,,,,,,,,7,,,,,B03,,,1,,1,,,7,,1,12,,B03,120.656205,24.198208,3
2022,8,22,8,13,臺中市,大雅區,0,1,0,8,1,5,50,4,1,1,5,4,5,7,1,1,10,5,5,2,17,25,2,8,1,1,C03,7,5,1,10,2,12,,25,25,1,22,8,C03,120.64659,24.222698,2
2022,8,22,8,13,臺中市,西區,0,2,0,8,1,5,50,14,8,1,5,4,5,7,4,4,1,4,4,2,13,23,2,9,1,1,C03,7,9,1,10,7,11,,23,23,1,9,9,C03,120.671397,24.145623,2
2022,8,22,8,15,臺中市,中區,0,1,0,8,1,5,50,4,2,1,5,4,5,7,4,4,1,4,4,2,12,17,3,10,1,1,B03,7,9,1,8,2,6,,17,17,1,4,5,B03,120.685798,24.14015,2
2022,8,22,8,15,臺中市,東區,0,0,0,,,,50,,,,,,,,,,,,,,,12,,,,,B03,,,1,,2,,,12,,1,22,,B03,120.706047,24.129519,3
2022,8,22,8,19,臺中市,北區,0,2,0,8,1,5,50,4,1,1,5,4,5,7,2,1,10,5,5,2,13,16,2,9,1,1,C03,7,5,1,10,2,11,,16,16,1,22,8,C03,120.690301,24.156276,2
2022,8,22,8,23,臺中市,龍井區,0,0,0,8,,,60,,,,,,,,,,,,,,,23,,,,,B03,,,1,,2,,,23,,1,22,,B03,120.583202,24.187152,3
2022,8,22,8,24,臺中市,西區,0,1,0,8,1,5,50,4,1,1,5,4,5,7,1,1,10,5,5,2,16,6,3,10,1,1,B03,7,6,1,8,2,2,,6,6,1,22,8,B03,120.66576,24.136553,2
2022,8,22,8,27,臺中市,北屯區,0,0,0,8,,,50,,,,,,,,,,,,,,,43,,,,,B03,,,1,,2,,,43,,1,21,,B03,120.685449,24.173934,3
2022,8,22,8,29,臺中市,潭子區,0,2,0,8,1,5,50,3,1,1,5,4,5,7,4,4,5,5,4,2,16,6,2,9,1,1,F03,7,5,8,20,2,16,,6,6,1,22,9,F03,120.691575,24.217223,2
2022,8,22,8,29,臺中市,大里區,0,0,0,8,,,50,,,,,,,,,,,,,,,26,,,,,B03,,,1,,2,,,26,,1,22,,B03,120.690093,24.110268,3
2022,8,22,8,40,臺中市,大里區,0,0,0,8,,,30,,,,,,,,,,,,,,,23,,,,,B12,,,1,,2,,,23,,1,20,,B12,120.672676,24.108636,3
2022,8,22,8,40,臺中市,神岡區,0,0,0,8,,,50,,,,,,,,,,,,,,,14,,,,,B12,,,1,,2,,,14,,1,21,,B12,120.68551,24.244236,3
2022,8,22,8,41,臺中市,豐原區,0,0,0,8,,,50,,,,,,,,,,,,,,,16,,,,,B03,,,1,,2,,,16,,1,4,,B03,120.729491,24.252311,3
2022,8,22,8,43,臺中市,南區,0,1,0,8,1,5,50,5,1,1,5,4,5,7,1,1,5,2,4,2,16,6,3,10,1,1,B03,7,5,1,8,2,2,,6,6,1,22,8,B03,120.660073,24.124358,2
2022,8,22,8,44,臺中市,霧峰區,0,0,0,8,,,50,,,,,,,,,,,,,,,16,,,,,B03,,,1,,2,,,16,,1,21,,B03,120.679117,24.065012,3
2022,8,22,8,45,臺中市,大里區,0,0,0,8,,,50,,,,,,,,,,,,,,,6,,,,,C03,,,1,,2,,,6,,1,6,,C03,120.676191,24.114929,3
2022,8,22,8,47,臺中市,東區,0,0,0,8,,,30,,,,,,,,,,,,,,,23,,,,,B03,,,6,8,2,,,23,23,1,5,,B03,120.689108,24.135035,3
2022,8,22,9,0,臺中市,大里區,0,2,0,8,1,5,50,11,9,1,5,4,5,7,1,1,5,5,5,1,14,12,3,10,1,1,B03,7,2,1,8,2,6,,12,12,1,19,9,B03,120.675055,24.107823,2
2022,8,22,9,5,臺中市,西屯區,0,0,0,8,,,50,,,,,,,,,,,,,,,23,,,,,B03,,,1,,1,,,23,,1,12,,B03,120.631678,24.170518,3
2022,8,22,9,5,臺中市,豐原區,0,0,0,8,,,50,,,,,,,,,,,,,,,23,,,,,B03,,,1,,2,,,23,23,1,22,,B03,120.749144,24.267965,3
2022,8,22,9,10,臺中市,北區,0,2,0,8,1,5,50,4,1,1,5,4,5,7,4,4,10,5,5,2,16,16,2,9,1,1,C03,7,9,1,10,2,11,,16,16,1,22,9,C03,120.670507,24.156562,2
2022,8,22,9,16,臺中市,中區,0,1,0,8,1,5,50,4,1,1,5,4,5,7,1,1,10,5,5,2,16,6,3,10,1,1,C03,7,6,1,10,2,12,,6,6,1,4,5,C03,120.678828,24.147164,2
2022,8,22,9,28,臺中市,東區,0,0,0,8,,,50,,,,,,,,,,,,,,,23,,,,,B03,,,1,,2,,,23,,1,22,,B03,120.688984,24.142207,3
2022,8,22,9,29,臺中市,西屯區,0,1,0,8,1,5,50,3,9,1,5,4,5,7,4,4,1,4,5,2,16,6,3,10,1,1,B11,7,6,1,3,2,2,,6,6,1,22,8,B11,120.623536,24.173704,2
2022,8,22,9,40,臺中市,北區,0,1,0,8,1,5,50,14,7,1,5,4,5,7,4,4,5,4,5,2,17,23,3,10,1,1,C04,7,9,1,11,2,11,,23,23,1,22,8,C04,120.672425,24.166943,2
2022,8,22,9,50,臺中市,西屯區,0,1,0,8,1,5,30,4,1,1,5,4,5,7,4,4,10,5,5,2,15,6,3,10,1,1,B12,7,9,1,8,2,5,,6,6,1,22,8,B12,120.647893,24.182896,2
2022,8,22,10,0,臺中市,大里區,0,0,0,8,,,30,,,,,,,,,,,,,,,18,,,,,B12,,,1,,2,,,18,,1,21,,B12,120.7069,24.108483,3
2022,8,22,10,10,臺中市,神岡區,0,0,0,8,,,50,,,,,,,,,,,,,,,42,,,,,B01,,,1,,2,,,42,,1,10,,B01,120.69872,24.248668,3
2022,8,22,10,11,臺中市,南屯區,0,0,0,8,,,50,,,,,,,,,,,,,,,18,,,,,C03,,,1,,2,,,18,,1,22,,C03,120.646812,24.141222,3
2022,8,22,10,16,臺中市,大甲區,0,1,0,8,1,5,50,4,1,1,5,4,5,7,1,1,10,5,4,2,12,19,2,9,2,1,C03,7,1,3,18,11,11,,19,19,1,22,8,C03,120.624921,24.352202,2
2022,8,22,10,19,臺中市,霧峰區,0,1,0,8,1,5,50,14,9,1,5,4,5,7,4,4,5,5,5,2,13,23,2,9,1,1,C03,7,9,1,10,2,11,,23,23,1,22,8,C03,120.700107,24.064529,2
2022,8,22,10,21,臺中市,清水區,0,2,0,8,1,5,50,4,1,1,5,4,5,7,1,1,10,5,5,2,16,25,2,9,1,1,C03,7,9,1,10,2,11,,25,25,1,21,8,C03,120.575307,24.292667,2
2022,8,22,10,21,臺中市,清水區,0,1,0,8,1,5,50,14,9,1,5,4,5,7,4,4,5,4,4,1,18,13,2,9,1,1,C03,7,9,1,10,2,11,,13,13,1,5,5,C03,120.564185,24.292258,2
2022,8,22,10,24,臺中市,西屯區,0,1,0,8,1,5,50,3,1,1,5,4,5,7,4,4,4,3,4,2,16,6,3,10,1,1,B01,7,5,1,8,2,5,,6,6,1,22,8,B01,120.657438,24.162984,2
2022,8,22,10,26,臺中市,北屯區,0,0,0,8,,,50,,,,,,,,,,,,,,,6,,,,,B01,,,1,,2,,,6,6,1,22,,B01,120.705738,24.1648,3
2022,8,22,10,30,臺中市,神岡區,0,2,0,8,1,5,50,3,1,1,5,4,5,7,4,4,5,4,4,1,17,6,3,10,1,1,B03,7,5,1,8,2,1,,6,6,1,12,8,B03,120.695315,24.234702,2
2022,8,22,10,45,臺中市,大里區,0,0,0,8,,,60,,,,,,,,,,,,,,,12,,,,,B02,,,1,,2,,,12,,1,6,,B02,120.685131,24.102975,3
2022,8,22,10,52,臺中市,北區,0,0,0,8,,,50,,,,,,,,,,,,,,,23,,,,,B03,,,1,,2,,,23,,1,22,,B03,120.673458,24.169918,3
2022,8,22,10,57,臺中市,豐原區,0,0,0,8,,,50,,,,,,,,,,,,,,,23,,,,,B03,,,1,,2,,,23,,1,22,,B03,120.72076,24.25088,3
2022,8,22,11,1,臺中市,龍井區,0,0,0,8,,,50,,,,,,,,,,,,,,,23,,,,,B11,,,1,,2,,,23,,1,22,,B11,120.58335,24.17998,3
2022,8,22,11,10,臺中市,神岡區,0,1,0,8,1,5,50,3,1,1,5,4,5,7,1,1,5,5,4,2,16,9,3,10,1,1,B12,7,6,1,8,2,2,,9,9,1,21,8,B12,120.70439,24.26157,2
2022,8,22,11,11,臺中市,龍井區,0,1,0,8,1,5,30,4,1,1,5,4,5,7,4,4,10,5,5,2,15,6,3,10,1,1,B12,7,9,1,8,2,5,,6,6,1,9,3,B12,120.529681,24.181304,2
2022,8,22,11,11,臺中市,豐原區,0,1,0,8,1,5,50,14,8,1,5,4,5,7,4,4,5,4,4,2,17,23,2,9,1,1,C03,7,9,1,10,2,12,,23,23,1,21,8,C03,120.734758,24.247309,2
2022,8,22,11,16,臺中市,中區,0,0,0,8,,,50,,,,,,,,,,,,,,,19,,,,,B03,,,1,,1,,,19,,1,2,,B03,120.677885,24.139847,3
2022,8,22,11,17,臺中市,北屯區,0,0,0,8,,,30,,,,,,,,,,,,,,,42,,,,,B11,,,1,,1,,,42,,1,22,,B11,120.699499,24.171193,3
2022,8,22,11,20,臺中市,東區,0,0,0,,,,30,,,,,,,,,,,,,,,42,,,,,B03,,,1,,2,,,42,,1,21,,B03,120.699326,24.150665,3
2022,8,22,11,20,臺中市,豐原區,0,2,0,8,1,5,40,11,9,1,5,4,5,7,4,4,10,5,5,2,10,5,2,9,1,1,C03,7,9,1,10,2,11,,5,5,1,21,8,C03,120.721035,24.248598,2
2022,8,22,11,28,臺中市,烏日區,0,2,0,8,1,5,30,14,7,1,5,4,5,7,4,4,1,2,5,1,12,10,2,9,1,1,B03,7,11,1,8,2,8,4,10,10,1,21,8,B03,120.632809,24.094818,2
2022,8,22,11,29,臺中市,梧棲區,0,0,0,,,,30,,,,,,,,,,,,,,,18,,,,,B12,,,1,,2,,,18,,1,9,,B12,120.54336,24.260592,3
2022,8,22,11,37,臺中市,豐原區,0,0,0,8,,,50,,,,,,,,,,,,,,,26,,,,,B03,,,1,,2,,,26,,1,21,,B03,120.722497,24.260671,3
2022,8,22,11,38,臺中市,大甲區,0,1,0,8,1,5,50,4,1,1,5,4,5,7,1,1,10,5,5,1,12,23,2,9,1,1,C03,7,9,1,10,2,14,,23,23,1,22,8,C03,120.620659,24.345609,2
2022,8,22,11,41,臺中市,西區,0,0,0,8,,,50,,,,,,,,,,,,,,,23,,,,,B03,,,1,,1,,,23,,1,21,,B03,120.662398,24.155663,4
2022,8,22,11,43,臺中市,潭子區,0,1,0,8,1,5,50,4,1,1,5,4,5,7,1,1,5,3,5,1,16,26,2,7,1,1,C03,7,5,1,10,2,14,,26,26,1,22,8,C03,120.722619,24.204066,2
2022,8,22,11,47,臺中市,太平區,0,0,0,8,,,50,,,,,,,,,,,,,,,42,,,,,B01,,,1,,2,,,42,42,1,10,,B01,120.721119,24.151526,3
2022,8,22,11,50,臺中市,南區,0,0,0,8,,,40,,,,,,,,,,,,,,,43,,,,,C03,,,1,,2,,,43,,1,22,,C03,120.677585,24.124293,3
2022,8,22,11,51,臺中市,大里區,0,0,0,8,,,50,,,,,,,,,,,,,,,42,,,,,B12,,,1,,2,,,42,,1,9,,B12,120.674631,24.097993,3
2022,8,22,11,51,臺中市,沙鹿區,0,1,0,8,1,5,30,4,1,1,5,4,5,7,4,4,10,5,5,2,15,6,2,9,1,1,C03,7,9,1,10,2,12,,6,6,1,22,9,C03,120.569522,24.230333,2
2022,8,22,11,55,臺中市,大里區,0,1,0,8,1,5,40,3,2,1,5,4,5,7,4,4,10,5,5,2,12,6,3,10,1,1,B12,7,6,1,2,2,4,,6,6,1,9,8,B12,120.690903,24.101002,2
2022,8,22,11,55,臺中市,烏日區,0,0,0,8,,,40,,,,,,,,,,,,,,,26,,,,,C03,,,1,,2,,,26,,1,18,,C03,120.625106,24.102308,3
2022,8,22,11,57,臺中市,烏日區,0,3,0,8,1,5,50,3,1,1,5,4,5,7,2,1,1,4,4,1,13,23,2,9,1,1,C03,7,9,1,10,2,13,12,44,23,1,21,8,C03,120.635929,24.10728,2
2022,8,22,12,2,臺中市,中區,0,1,0,8,1,5,5,4,1,1,5,4,5,7,2,1,10,5,5,2,15,25,3,10,1,1,B01,7,9,1,4,2,8,,25,25,1,10,8,B01,120.678351,24.146754,2
2022,8,22,12,6,臺中市,霧峰區,0,1,0,8,1,5,50,3,2,1,5,4,5,7,4,4,5,5,4,1,16,6,3,10,1,1,C03,7,5,1,10,2,12,,6,6,1,20,9,C03,120.698973,24.068168,2
2022,8,22,12,6,臺中市,龍井區,0,1,0,8,1,5,50,4,1,1,5,4,5,7,1,1,10,5,5,2,17,43,2,8,3,4,C03,7,9,1,10,2,15,,43,43,1,22,9,C03,120.58334,24.179957,2
2022,8,22,12,8,臺中市,東區,0,2,0,8,1,5,50,3,1,1,5,4,5,7,4,4,10,5,5,2,16,1,2,9,1,1,C03,7,9,1,10,9,11,,1,1,1,22,8,C03,120.70233,24.141286,2
2022,8,22,12,10,臺中市,龍井區,0,0,0,8,,,30,,,,,,,,,,,,,,,12,,,,,B12,,,1,,2,,,12,,1,22,,B12,120.595362,24.188011,3
2022,8,22,12,12,臺中市,大里區,0,0,0,8,,,25,,,,,,,,,,,,,,,23,,,,,B12,,,1,,2,,,23,,1,21,,B12,120.697373,24.111323,3
2022,8,22,12,15,臺中市,梧棲區,0,0,0,8,,,30,,,,,,,,,,,,,,,6,,,,,B02,,,1,,2,,,6,,1,5,,B02,120.536928,24.24803,3
2022,8,22,12,18,臺中市,梧棲區,0,0,0,,,,30,,,,,,,,,,,,,,,12,,,,,A11,,,1,,2,,,12,,1,9,,A11,120.52985,24.250786,3
2022,8,22,12,20,臺中市,梧棲區,0,1,0,8,1,5,50,3,1,1,5,4,5,7,1,1,10,5,5,2,18,43,2,9,1,1,C03,7,5,1,10,2,15,,43,43,1,3,1,C03,120.529649,24.23428,2
2022,8,22,12,28,臺中市,北屯區,0,1,0,8,1,5,50,14,9,1,5,4,5,7,1,1,5,4,5,2,13,23,2,9,1,1,C03,7,9,1,10,2,11,,23,23,1,21,8,C03,120.698785,24.170178,2
2022,8,22,12,29,臺中市,北區,0,0,0,8,,,50,,,,,,,,,,,,,,,12,,,,,B03,,,1,,2,,,12,,1,22,,B03,120.676599,24.164312,3
2022,8,22,12,40,臺中市,大甲區,0,1,0,8,1,5,30,14,9,1,5,4,5,7,4,4,10,5,5,2,17,42,3,10,1,1,B03,7,5,1,8,1,15,,42,42,1,22,8,B03,120.629768,24.343976,2
2022,8,22,12,46,臺中市,南屯區,0,1,0,8,1,5,50,4,1,1,5,4,1,7,1,1,10,5,5,2,16,4,3,10,1,1,C03,7,9,1,10,2,12,,4,4,1,22,8,C03,120.612537,24.138417,2
2022,8,22,12,52,臺中市,東區,0,2,0,8,1,5,50,4,1,1,5,4,5,7,1,1,10,5,5,2,16,25,2,8,1,1,C03,7,9,1,10,2,11,,25,25,1,22,8,C03,120.694323,24.149948,2
2022,8,22,12,53,臺中市,豐原區,0,1,0,8,1,5,50,14,7,1,5,4,5,7,4,4,1,3,4,2,12,44,2,9,1,1,C03,7,7,1,10,2,11,,7,44,1,4,1,C03,120.727547,24.259155,2