年,月,日,時,分,縣市,區,死,受傷,2-30,天候,光線,道路類別,速限,道路型態,事故位置,路面鋪裝,路面狀態,路面缺陷,障礙物,視距,號誌種類,號誌動作,分向設施,快車道或一般車道間,快慢車道間,路面邊線,事故類型及型態,主要肇因,受傷程度,主要傷處,保護裝備,行動電話,當事者區分,車輛用途,當事者行動狀態,駕駛資格情形,駕駛執照種類,飲酒情形,車輛撞擊部位最初,車輛撞擊部位其他,肇事因素個別,肇事因素主要,肇事逃逸,職業,旅次目的,車種,GPS緯度,GPS經度,事故類別
2022,8,23,19,0,臺中市,清水區,0,0,0,8,,,70,,,,,,,,,,,,,,,7,,,,,B03,,,1,,2,,,7,,1,22,,B03,120.547306,24.275105,3
2022,8,23,19,14,臺中市,霧峰區,0,1,0,8,3,5,50,11,9,1,5,4,5,7,4,4,5,5,5,1,16,8,3,10,3,4,C03,7,5,1,10,2,14,,8,8,1,21,8,C03,120.715011,24.073647,2
2022,8,23,19,16,臺中市,新社區,0,0,0,8,,,50,,,,,,,,,,,,,,,23,,,,,B03,,,1,,2,,,23,,1,22,,B03,120.806877,24.256644,3
2022,8,23,19,23,臺中市,霧峰區,0,0,0,8,,,50,,,,,,,,,,,,,,,6,,,,,B03,,,1,,2,,,6,,1,22,,B03,120.71499,24.076399,3
2022,8,23,19,25,臺中市,龍井區,0,1,0,8,1,5,30,14,9,1,5,4,5,7,4,4,10,5,4,2,29,23,2,9,1,1,C03,7,9,1,10,2,11,,23,23,1,20,8,C03,120.534696,24.194367,2
2022,8,23,19,28,臺中市,北區,0,1,0,8,3,5,30,4,1,1,5,4,5,7,4,4,10,5,5,2,15,6,2,9,1,1,C03,7,9,1,10,2,12,,6,6,1,22,8,C03,120.670538,24.16628,2
2022,8,23,19,36,臺中市,太平區,0,0,0,,,,23,,,,,,,,,,,,,,,23,,,,,B03,,,1,,1,,,23,,1,21,,B03,120.714149,24.153259,3
2022,8,23,19,39,臺中市,潭子區,0,1,0,8,3,5,60,14,9,1,5,4,5,7,4,4,9,4,4,1,17,23,2,9,1,1,C03,7,9,1,10,2,11,,23,23,1,22,8,C03,120.702546,24.19299,2
2022,8,23,19,42,臺中市,大肚區,0,0,0,8,,,30,,,,,,,,,,,,,,,12,,,,,B03,,,1,,2,,,12,,1,21,,B03,120.575931,24.163741,3
2022,8,23,19,44,臺中市,北屯區,0,1,0,8,3,5,50,14,9,1,5,4,5,7,4,4,5,5,4,1,13,23,3,10,1,1,B12,7,9,1,8,2,1,,23,23,1,21,8,B12,120.685594,24.168542,2
2022,8,23,20,9,臺中市,太平區,0,2,0,8,3,5,50,4,2,1,5,4,5,7,2,1,5,2,5,2,13,23,2,9,1,1,C03,7,9,1,10,2,11,,23,23,1,3,8,C03,120.709176,24.135359,2
2022,8,23,20,18,臺中市,潭子區,0,2,0,8,1,5,50,3,1,1,5,4,5,7,4,4,5,4,5,1,16,6,2,7,1,1,B03,7,5,1,8,2,4,,6,6,1,22,8,B03,120.721594,24.204119,2
2022,8,23,20,34,臺中市,西區,0,1,0,8,3,5,50,4,2,1,5,4,5,7,2,1,1,4,4,2,16,26,2,9,1,1,F01,7,9,8,20,10,16,,26,26,1,20,8,F01,120.667738,24.130959,2
2022,8,23,20,37,臺中市,梧棲區,0,1,0,8,3,5,40,3,2,1,5,4,5,7,4,4,10,5,5,2,13,16,2,7,1,1,C03,7,9,1,10,2,11,,16,16,1,12,8,C03,120.537656,24.24917,2
2022,8,23,20,40,臺中市,大肚區,0,1,0,8,3,5,70,4,1,1,5,4,5,7,1,1,10,5,5,2,18,23,2,9,1,1,C03,7,9,1,10,2,12,,23,23,1,19,8,C03,120.553932,24.13251,2
2022,8,23,20,40,臺中市,大甲區,0,2,0,8,3,5,70,4,1,1,5,4,5,7,1,1,1,5,5,2,13,23,2,9,1,1,C03,7,9,1,10,2,11,,23,23,1,4,1,C03,120.608039,24.3265,2
2022,8,23,20,45,臺中市,北屯區,0,0,0,8,,,50,,,,,,,,,,,,,,,23,,,,,B03,,,1,,1,,,23,,1,21,,B03,120.71955,24.180031,3
2022,8,23,20,50,臺中市,北屯區,0,2,0,8,3,5,50,14,9,1,5,4,5,7,4,4,4,3,5,2,16,26,2,9,1,1,C03,7,6,1,10,2,11,,26,26,1,21,8,C03,120.691599,24.176556,2
2022,8,23,21,6,臺中市,豐原區,1,1,0,7,3,5,40,14,9,1,5,4,5,7,4,4,8,3,5,1,29,26,1,9,3,4,C03,7,9,3,18,2,11,,26,26,1,22,8,C03,120.758247,24.263763,1
2022,8,23,21,42,臺中市,龍井區,0,0,0,8,,,60,,,,,,,,,,,,,,,23,,,,,B03,,,1,,2,,,23,,1,21,,B03,120.585748,24.18628,3
2022,8,23,22,30,臺中市,東區,0,1,0,8,3,5,40,4,1,1,5,4,5,7,1,1,10,5,5,2,18,23,2,8,1,1,C03,7,9,1,10,2,12,,23,23,1,5,8,C03,120.701456,24.138879,2
2022,8,23,22,50,臺中市,潭子區,0,0,0,8,,,80,,,,,,,,,,,,,,,23,,,,,,,,,,,,,67,23,1,,,,120.695396,24.200925,3
2022,8,23,23,3,臺中市,北區,0,1,0,8,3,5,50,4,1,1,5,4,5,7,3,1,10,5,5,2,17,6,3,10,3,4,C03,7,9,1,10,2,15,,6,6,1,5,8,C03,120.673189,24.171694,2
2022,8,23,23,22,臺中市,烏日區,0,0,0,8,,,50,,,,,,,,,,,,,,,23,,,,,C03,,,1,,2,,,23,,1,21,,C03,120.634892,24.109498,3
2022,8,23,23,33,臺中市,西區,0,1,0,8,3,5,50,4,1,1,5,4,5,7,1,1,10,5,5,2,15,25,3,10,1,1,B03,7,9,1,8,2,8,,25,25,1,5,8,B03,120.652955,24.15096,2
2022,8,23,23,36,臺中市,北區,0,0,0,8,,,50,,,,,,,,,,,,,,,23,,,,,B03,,,1,,2,,,23,23,1,22,,B03,120.668443,24.172525,3
2022,8,23,23,40,臺中市,神岡區,0,1,0,8,1,5,50,14,7,1,5,4,5,7,4,4,5,5,4,2,27,23,2,9,1,1,C03,7,9,1,10,2,12,,23,23,1,21,1,C03,120.671623,24.256133,2
2022,8,23,23,45,臺中市,后里區,0,0,0,8,3,5,60,4,2,1,5,4,5,7,1,1,1,2,5,1,21,23,3,10,1,1,B01,7,9,1,8,2,5,,23,23,1,21,8,B01,120.67695,24.29472,3
2022,8,24,0,2,臺中市,霧峰區,0,1,0,8,3,5,30,14,9,1,5,4,5,7,4,4,10,5,5,2,17,42,2,1,1,1,B03,7,9,1,8,7,5,,42,42,1,12,8,B03,120.693015,24.046475,2
2022,8,24,1,47,臺中市,西屯區,0,1,0,8,3,5,40,4,8,1,5,4,5,7,1,1,1,4,1,2,18,42,2,7,3,4,C03,7,9,1,10,2,12,,42,42,1,22,8,C03,120.641156,24.167844,2
2022,8,24,2,16,臺中市,南屯區,0,2,0,8,3,5,50,4,2,1,5,4,5,7,1,1,1,4,5,2,17,26,3,10,1,1,C03,7,11,3,18,5,12,,26,26,1,18,8,C03,120.641268,24.141241,2
2022,8,24,3,3,臺中市,南區,0,1,0,8,3,5,50,4,1,1,5,4,5,7,3,1,5,5,5,2,18,23,2,9,1,1,C03,7,9,1,10,2,15,,23,23,1,22,8,C03,120.668281,24.116658,2
2022,8,24,3,20,臺中市,北屯區,0,1,0,8,1,5,50,14,9,1,5,4,5,7,2,1,1,4,5,2,12,23,2,9,1,1,B03,7,9,1,8,11,1,,23,23,2,22,8,B03,120.681685,24.17266,2
2022,8,24,3,38,臺中市,中區,0,0,0,8,,,50,,,,,,,,,,,,,,,6,,,,,B03,,,1,,2,,,6,,1,5,,B03,120.6829,24.142243,3
2022,8,24,4,55,臺中市,南區,0,0,0,,,,50,,,,,,,,,,,,,,,23,,,,,B03,,,3,,11,,,23,,1,21,,B03,120.661445,24.126455,3
2022,8,24,6,30,臺中市,西屯區,0,0,0,8,,,30,,,,,,,,,,,,,,,23,,,,,B03,,,1,,11,,,23,,1,22,,B03,120.666666,24.17395,3
2022,8,24,6,51,臺中市,大雅區,0,0,0,8,,,30,,,,,,,,,,,,,,,16,,,,,B03,,,1,,2,,,16,,1,22,,B03,120.635872,24.215506,3
2022,8,24,6,55,臺中市,清水區,0,0,0,8,,,40,,,,,,,,,,,,,,,23,,,,,B03,,,3,,2,,,23,23,1,22,,B03,120.547396,24.275061,3
2022,8,24,7,2,臺中市,豐原區,0,2,0,8,1,5,40,3,12,1,2,4,5,7,1,1,1,2,4,2,17,44,2,9,1,1,C03,7,9,1,10,2,14,,44,44,1,21,8,C03,120.727422,24.239109,2
2022,8,24,7,11,臺中市,西屯區,0,2,0,8,1,5,40,14,8,1,5,4,5,7,4,4,1,4,3,2,13,16,2,9,1,1,C03,7,9,6,10,1,15,,16,16,2,4,8,C03,120.656185,24.159263,2
2022,8,24,7,25,臺中市,南屯區,0,1,0,8,1,5,50,14,9,1,5,4,5,7,4,4,5,4,5,2,12,7,2,9,1,1,C03,7,7,3,18,11,14,,7,7,1,22,8,C03,120.631663,24.138414,2
2022,8,24,7,26,臺中市,霧峰區,0,1,0,8,1,5,50,14,9,1,5,4,5,7,4,4,5,5,5,2,16,19,2,8,1,1,F03,7,1,8,20,2,16,,19,19,1,22,8,F03,120.686206,24.0531,2
2022,8,24,7,30,臺中市,潭子區,0,1,0,8,1,5,50,4,9,1,2,4,5,7,1,1,5,4,5,1,17,50,3,10,3,4,G03,7,15,1,1,11,15,,50,50,1,22,8,G03,120.723667,24.218003,2
2022,8,24,7,33,臺中市,北屯區,0,2,0,8,1,5,40,3,1,1,5,4,5,7,4,4,10,5,5,2,13,16,2,9,1,1,C03,7,9,1,10,2,11,,16,16,1,4,8,C03,120.662661,24.18677,2
2022,8,24,7,34,臺中市,潭子區,0,0,0,8,,,30,,,,,,,,,,,,,,,6,,,,,B03,,,1,,1,,,6,,1,22,,B03,120.707808,24.205408,3
2022,8,24,7,40,臺中市,大里區,0,2,0,8,1,5,1,3,1,1,5,4,5,7,2,1,10,5,5,2,11,6,2,9,1,1,C03,7,5,1,10,2,11,,6,6,1,4,5,C03,120.715346,24.094402,2
2022,8,24,7,40,臺中市,梧棲區,0,1,0,8,1,5,30,14,9,1,5,4,5,7,4,4,10,5,5,2,18,23,2,9,1,1,C03,7,9,1,10,2,14,,23,23,1,12,8,C03,120.535035,24.242442,2
2022,8,24,7,40,臺中市,梧棲區,0,0,0,8,,,40,,,,,,,,,,,,,,,4,,,,,B12,,,1,,2,,,4,,1,3,,B12,120.534255,24.250543,3
2022,8,24,7,40,臺中市,后里區,0,0,0,,,,50,,,,,,,,,,,,,,,23,,,,,B03,,,1,,2,,,23,,1,2,,B03,120.71346,24.320162,3
2022,8,24,7,40,臺中市,神岡區,0,0,0,8,,,50,,,,,,,,,,,,,,,23,,,,,B03,,,1,,1,,,23,,1,22,,B03,120.656424,24.264642,3
2022,8,24,7,42,臺中市,西區,0,2,0,8,1,5,50,3,1,1,5,4,5,7,4,4,10,5,5,2,11,4,2,9,1,1,C03,7,5,1,10,2,14,,4,4,1,22,9,C03,120.671432,24.150494,2
2022,8,24,7,43,臺中市,大雅區,0,1,0,8,1,5,30,3,9,1,5,4,5,7,4,4,10,5,5,2,17,6,3,10,1,1,B03,7,6,1,8,2,8,,6,6,1,22,9,B03,120.67786,24.21679,2
2022,8,24,7,43,臺中市,北屯區,0,2,0,8,1,5,30,4,1,1,5,4,5,7,4,4,10,5,5,2,15,6,2,9,1,1,C03,7,9,3,18,2,11,,6,6,1,21,8,C03,120.706653,24.171191,2
2022,8,24,7,45,臺中市,大甲區,0,0,0,,,,40,,,,,,,,,,,,,,,23,,,,,B03,,,1,,2,,,23,23,1,22,,B03,120.635482,24.343676,3
2022,8,24,7,46,臺中市,東區,0,1,0,8,1,5,50,4,1,1,5,4,5,7,1,1,10,5,5,2,16,19,2,9,1,1,C03,7,1,1,10,2,11,,19,19,1,22,9,C03,120.696275,24.14235,2
2022,8,24,7,49,臺中市,大安區,0,0,0,8,,,80,,,,,,,,,,,,,,,59,,,,,,,,,,,,,59,,1,,,,120.590425,24.375054,3
2022,8,24,7,49,臺中市,后里區,0,2,0,8,1,5,30,4,1,1,5,4,5,7,4,4,5,5,5,1,16,6,3,10,1,1,B03,7,5,1,14,2,2,,6,6,1,4,1,B03,120.709411,24.313714,2
2022,8,24,7,50,臺中市,大里區,0,0,0,8,,,50,,,,,,,,,,,,,,,19,,,,,G03,,,1,,11,,,19,,1,3,,G03,120.716806,24.10132,3
2022,8,24,7,50,臺中市,大安區,0,2,0,8,1,5,50,3,1,1,5,4,5,7,4,4,5,5,5,2,16,6,2,9,1,1,C03,7,5,1,10,2,11,,6,6,1,21,1,C03,120.591618,24.351576,2
2022,8,24,7,50,臺中市,石岡區,0,2,0,8,1,5,70,14,8,1,5,4,5,7,4,4,1,3,4,1,16,43,2,9,1,1,C03,7,9,1,10,2,11,,43,43,1,22,9,C03,120.816145,24.260111,2
2022,8,24,7,52,臺中市,潭子區,0,0,0,8,,,50,,,,,,,,,,,,,,,17,,,,,B03,,,1,,2,,,17,,1,22,,B03,120.697869,24.196498,3
2022,8,24,7,55,臺中市,梧棲區,0,1,0,8,1,5,30,4,1,1,5,4,5,7,4,4,10,5,5,2,15,6,2,9,1,1,C03,7,9,1,10,2,11,,6,6,1,11,1,C03,120.541199,24.230419,2
2022,8,24,7,58,臺中市,東區,0,2,0,8,1,5,50,3,1,1,5,4,5,7,4,4,10,5,5,2,16,26,2,9,1,1,C03,7,5,1,10,2,12,,26,26,1,5,8,C03,120.70543,24.130149,2
2022,8,24,7,58,臺中市,大里區,0,1,0,8,1,5,50,14,13,1,5,4,5,7,4,4,5,4,5,1,9,23,2,8,1,1,F03,7,15,8,20,2,16,,23,23,1,22,8,F03,120.676889,24.114906,2
2022,8,24,8,0,臺中市,清水區,0,1,0,8,1,5,50,4,1,1,5,4,5,7,4,4,5,5,5,2,14,12,2,9,1,1,C03,7,2,6,10,2,13,,12,12,1,22,8,C03,120.576848,24.268951,2
2022,8,24,8,1,臺中市,西屯區,0,2,0,8,1,5,50,3,1,1,5,4,5,7,1,1,10,5,5,2,16,26,3,10,1,1,B03,7,6,1,8,2,2,,44,26,1,4,8,B03,120.613214,24.171553,2
2022,8,24,8,5,臺中市,大甲區,0,1,0,8,1,5,50,4,1,1,5,4,5,7,4,4,5,5,5,2,16,6,3,10,1,1,B03,7,9,1,8,2,4,,6,6,1,21,8,B03,120.615085,24.356983,2
2022,8,24,8,10,臺中市,南屯區,0,1,0,8,1,5,50,14,7,1,5,4,5,7,4,4,5,4,4,2,16,7,2,8,3,4,C03,7,7,1,10,2,13,,7,7,1,22,9,C03,120.614885,24.13923,2
2022,8,24,8,10,臺中市,北屯區,0,0,0,8,,,80,,,,,,,,,,,,,,,16,,,,,B03,,,1,,1,,,16,,1,22,,B03,120.68847,24.201012,3
2022,8,24,8,10,臺中市,清水區,0,1,0,8,1,5,70,4,2,1,5,4,5,7,3,1,1,4,4,1,12,7,3,10,1,1,B02,7,8,1,8,2,5,,7,7,1,21,8,B02,120.578996,24.280283,2
2022,8,24,8,10,臺中市,大甲區,0,1,0,8,1,5,50,3,1,1,5,4,5,7,4,4,5,5,5,2,16,38,2,8,1,1,F03,7,14,8,20,2,16,,38,38,1,9,1,F03,120.645966,24.407998,2
2022,8,24,8,17,臺中市,豐原區,0,0,0,8,,,50,,,,,,,,,,,,,,,38,,,,,B03,,,1,,2,,,38,38,1,21,,B03,120.719871,24.237144,4
2022,8,24,8,20,臺中市,潭子區,0,0,0,8,,,30,,,,,,,,,,,,,,,23,,,,,B12,,,1,,2,,,23,,1,22,,B12,120.725905,24.200774,3
2022,8,24,8,22,臺中市,豐原區,0,0,0,8,,,60,,,,,,,,,,,,,,,42,,,,,C03,,,1,,2,,,42,,1,22,,C03,120.735611,24.26092,3
2022,8,24,8,25,臺中市,龍井區,0,0,0,8,,,40,,,,,,,,,,,,,,,6,,,,,B03,,,1,,2,,,6,,1,9,,B03,120.532783,24.220933,3
2022,8,24,8,29,臺中市,沙鹿區,0,1,0,8,1,5,50,3,1,1,5,4,5,7,4,4,10,5,5,2,17,26,3,10,1,1,B03,7,11,1,8,2,15,,26,26,1,20,7,B03,120.560006,24.238967,2
2022,8,24,8,33,臺中市,豐原區,0,0,0,8,1,2,50,4,1,1,5,4,5,7,2,1,1,3,4,1,13,16,,,,,B12,,,1,,2,,,16,,1,21,,B12,120.728695,24.251036,3
2022,8,24,8,34,臺中市,大里區,0,1,0,8,1,5,50,5,1,1,5,4,5,7,4,4,5,4,4,2,17,6,2,9,1,1,C03,7,1,1,10,2,11,,6,6,1,21,1,C03,120.675726,24.097793,2
2022,8,24,8,35,臺中市,豐原區,0,0,0,8,1,4,40,13,9,1,5,4,5,7,4,4,5,5,5,1,1,43,,,,,B03,,,1,,1,,,43,,1,21,,B03,120.734063,24.239187,3
2022,8,24,8,46,臺中市,霧峰區,0,1,0,8,1,5,50,4,1,1,5,4,5,7,1,1,10,5,5,2,16,9,3,10,1,1,B03,7,6,1,8,2,6,,9,9,1,21,9,B03,120.700618,24.075906,2
2022,8,24,8,49,臺中市,北區,0,1,0,8,1,5,40,3,2,1,5,4,5,7,1,1,1,4,4,2,13,16,2,9,1,1,C03,7,9,1,10,2,11,,16,16,1,21,8,C03,120.694446,24.158399,2
2022,8,24,8,50,臺中市,大里區,0,0,0,8,,,30,,,,,,,,,,,,,,,12,,,,,A12,,,1,,2,,,12,,1,22,,A12,120.677243,24.0968,3
2022,8,24,8,50,臺中市,沙鹿區,0,1,0,8,1,5,40,5,1,1,5,4,5,7,2,1,10,5,5,2,16,6,2,7,1,1,C03,7,6,1,10,2,12,,6,6,1,4,5,C03,120.579368,24.221595,2
2022,8,24,8,52,臺中市,神岡區,0,4,0,8,1,8,40,15,9,1,5,4,5,7,3,1,1,4,4,1,17,4,2,8,1,1,C03,7,15,1,10,2,14,,4,4,1,22,8,C03,120.693317,24.232598,2
2022,8,24,9,0,臺中市,東區,0,1,0,8,1,5,50,5,2,1,5,4,5,7,3,1,5,5,4,2,17,6,2,9,1,1,C03,7,5,1,10,2,12,,6,6,1,22,8,C03,120.69239,24.146062,2
2022,8,24,9,1,臺中市,北屯區,0,1,0,8,1,5,40,4,1,1,5,4,5,7,2,1,10,5,5,2,16,25,2,9,1,1,C03,7,5,1,9,2,14,,44,25,1,4,8,C03,120.66849,24.178376,2
2022,8,24,9,3,臺中市,北區,0,0,0,8,,,50,,,,,,,,,,,,,,,42,,,,,C03,,,1,,1,,,42,,1,22,,C03,120.679428,24.152156,3
2022,8,24,9,15,臺中市,豐原區,0,1,0,8,1,5,50,3,1,1,5,4,5,7,1,1,10,5,5,2,16,6,3,10,1,1,B03,7,5,1,8,2,5,,6,6,1,21,8,B03,120.698175,24.245188,2
2022,8,24,9,16,臺中市,梧棲區,0,0,0,8,,,40,,,,,,,,,,,,,,,16,,,,,B03,,,1,,2,,,16,,1,5,,B03,120.53706,24.25121,4
2022,8,24,9,17,臺中市,潭子區,0,0,0,8,,,50,,,,,,,,,,,,,,,18,,,,,B03,,,1,,2,,,18,,1,22,,B03,120.699976,24.212872,3
2022,8,24,9,20,臺中市,南區,0,2,0,8,1,5,50,3,1,1,5,4,5,7,4,4,10,5,5,2,16,6,2,8,1,1,C03,7,11,1,10,2,11,,6,6,1,5,8,C03,120.670081,24.118242,2
2022,8,24,9,23,臺中市,西區,0,1,0,8,1,5,30,15,20,1,5,4,5,7,1,1,10,5,5,2,18,42,2,9,3,4,F01,7,15,8,20,2,16,,42,42,1,22,5,F01,120.665757,24.140083,2
2022,8,24,9,24,臺中市,沙鹿區,0,1,0,8,1,5,60,14,13,1,5,4,5,7,4,4,1,4,4,1,17,9,3,10,1,1,B03,7,6,1,8,2,2,,9,9,1,4,7,B03,120.582073,24.249599,2
2022,8,24,9,25,臺中市,北屯區,0,1,0,8,1,5,50,14,7,1,5,4,5,7,4,4,9,5,4,2,16,10,3,10,1,1,B03,7,11,1,8,2,4,,10,10,1,22,8,B03,120.680583,24.184224,2
2022,8,24,9,27,臺中市,西屯區,0,1,0,8,1,5,50,4,1,1,5,4,5,7,1,1,4,3,4,2,16,6,3,10,1,1,B12,7,5,1,8,2,5,,6,6,1,22,8,B12,120.616213,24.189065,2
2022,8,24,9,30,臺中市,北屯區,0,0,0,8,,,40,,,,,,,,,,,,,,,23,,,,,A12,,,1,,2,,,23,,1,5,,A12,120.718776,24.161245,3
2022,8,24,9,31,臺中市,北區,0,1,0,8,1,5,50,14,9,1,5,4,5,7,4,4,1,5,5,2,18,42,2,9,1,1,C03,7,9,1,10,2,12,,42,42,1,22,8,C03,120.66943,24.165281,2
2022,8,24,9,31,臺中市,霧峰區,1,0,0,8,1,5,60,3,1,1,5,4,5,7,4,4,1,4,4,1,17,11,1,9,1,1,C03,7,11,1,10,9,13,,11,11,1,3,5,C03,120.695531,24.058213,1
2022,8,24,9,34,臺中市,北區,0,0,0,,,,50,,,,,,,,,,,,,,,19,,,,,B03,,,1,,2,,,19,,1,21,,B03,120.680314,24.16174,3
2022,8,24,9,36,臺中市,神岡區,0,1,0,8,1,5,30,3,2,1,5,4,5,7,4,4,5,5,5,1,17,6,3,10,3,4,B12,7,5,1,8,2,1,,6,6,1,22,9,B12,120.681735,24.242369,2
2022,8,24,9,50,臺中市,南區,0,0,0,,,,50,,,,,,,,,,,,,,,8,,,,,C03,,,1,,2,,,8,,1,22,,C03,120.658433,24.124169,3
2022,8,24,9,50,臺中市,北屯區,0,1,0,8,1,5,50,14,9,1,5,4,5,7,4,4,5,5,5,2,27,23,2,9,1,1,C03,7,9,1,10,2,11,,23,23,1,4,1,C03,120.703023,24.178485,2
2022,8,24,10,0,臺中市,南區,0,0,0,,,,50,,,,,,,,,,,,,,,23,,,,,B03,,,1,,2,,,23,,1,22,,B03,120.696516,24.142638,3
2022,8,24,10,20,臺中市,北屯區,0,1,0,8,1,5,50,14,7,1,5,4,5,7,4,4,9,5,4,2,13,23,2,9,1,1,C03,7,9,1,10,2,11,,23,44,1,21,8,C03,120.676135,24.197366,2
2022,8,24,10,22,臺中市,大里區,0,2,0,8,1,5,50,14,12,1,5,4,5,7,4,4,1,4,4,1,17,23,2,9,1,1,C03,7,9,1,10,2,11,,23,23,1,22,8,C03,120.69769,24.081915,2
2022,8,24,10,23,臺中市,西區,0,0,0,8,,,40,,,,,,,,,,,,,,,7,,,,,B03,,,1,,1,,,7,,1,5,,B03,120.657822,24.157829,3
2022,8,24,10,24,臺中市,北屯區,0,1,0,8,1,5,50,14,9,1,5,4,5,7,4,4,5,5,5,2,13,23,2,9,1,1,F02,7,9,8,20,2,16,,44,23,1,22,8,F02,120.669261,24.173971,2
2022,8,24,10,24,臺中市,大里區,0,0,0,8,,,50,,,,,,,,,,,,,,,25,,,,,C03,,,1,,2,,,25,,1,22,,C03,120.712085,24.110509,3
2022,8,24,10,33,臺中市,北屯區,0,1,0,8,1,5,50,14,9,1,5,4,5,7,4,4,5,5,5,2,16,19,2,9,1,1,C03,7,9,4,8,2,12,,44,19,1,22,8,C03,120.696435,24.167661,2
2022,8,24,10,37,臺中市,東區,0,1,0,8,1,5,50,14,7,1,5,4,5,7,4,4,5,5,4,2,17,40,3,10,1,1,B03,7,15,1,8,2,4,,40,40,1,22,8,B03,120.703997,24.129618,2
2022,8,24,10,50,臺中市,北屯區,0,2,0,8,1,5,50,14,20,1,5,4,5,7,4,4,5,4,5,2,17,26,2,9,1,1,C03,7,15,1,10,2,11,,26,26,1,4,8,C03,120.668168,24.178645,2
2022,8,24,10,53,臺中市,沙鹿區,0,0,0,8,,,50,,,,,,,,,,,,,,,18,,,,,B02,,,1,,9,,,18,18,2,21,,B02,120.601105,24.259147,3
2022,8,24,11,2,臺中市,大甲區,0,1,0,8,1,5,50,4,1,1,5,4,5,7,1,1,1,5,5,2,3,23,3,10,1,1,B03,7,5,1,8,2,5,,23,23,1,21,8,B03,120.651416,24.381243,2
2022,8,24,11,5,臺中市,大肚區,0,1,0,8,1,5,50,4,1,1,5,4,5,7,1,1,10,5,5,2,9,9,3,10,1,1,A41,7,6,1,1,2,5,,9,9,1,2,1,A41,120.543682,24.159439,2
2022,8,24,11,20,臺中市,西區,0,0,0,8,,,50,,,,,,,,,,,,,,,23,,,,,B03,,,1,,1,,,23,,1,22,,B03,120.661791,24.150293,3
2022,8,24,11,25,臺中市,西區,0,0,0,8,1,5,50,14,9,1,5,4,5,7,4,4,5,5,5,2,12,23,,,,,B03,,,1,,1,,,23,,1,21,,B03,120.664912,24.156301,3
2022,8,24,11,28,臺中市,龍井區,0,0,0,8,,,50,,,,,,,,,,,,,,,9,,,,,A04,,,1,,2,,,9,,1,10,,A04,120.523043,24.196831,3
2022,8,24,11,29,臺中市,大里區,0,0,0,8,,,40,,,,,,,,,,,,,,,17,,,,,A41,,,1,,2,,,17,,1,21,,A41,120.692626,24.102884,3
2022,8,24,11,40,臺中市,大里區,0,1,0,8,1,5,50,11,9,1,5,4,5,7,4,4,9,5,5,2,11,26,3,10,1,1,B03,7,9,1,8,2,4,,26,26,1,21,9,B03,120.679893,24.080486,2
2022,8,24,11,40,臺中市,大甲區,0,1,0,8,1,5,50,4,1,1,5,4,5,7,3,1,5,5,5,2,16,6,3,10,1,1,B03,7,9,1,8,2,5,,6,6,1,20,8,B03,120.624168,24.361218,2
2022,8,24,11,42,臺中市,北屯區,0,0,0,8,,,50,,,,,,,,,,,,,,,23,,,,,B03,,,1,,1,,,23,,1,22,,B03,120.682245,24.174369,3
2022,8,24,11,48,臺中市,大里區,0,0,0,8,,,50,,,,,,,,,,,,,,,19,,,,,B03,,,1,,1,,,19,,1,22,,B03,120.688277,24.106183,3
2022,8,24,11,49,臺中市,烏日區,0,1,0,8,1,5,70,14,8,1,5,4,5,7,4,4,1,4,4,1,13,19,3,10,1,1,B12,7,1,1,8,2,3,,19,19,1,21,7,B12,120.608004,24.107973,2
2022,8,24,11,52,臺中市,梧棲區,0,2,0,8,1,5,50,4,1,1,5,4,5,7,1,1,10,5,5,2,16,16,2,8,1,1,C03,7,9,1,10,2,11,,16,16,1,18,8,C03,120.540617,24.249243,2
2022,8,24,12,1,臺中市,南屯區,0,0,0,,,,50,,,,,,,,,,,,,,,17,,,,,B12,,,1,,1,,,17,,1,22,,B12,120.610887,24.145395,3
2022,8,24,12,17,臺中市,北區,0,1,0,8,1,5,50,3,1,1,5,4,5,7,4,4,5,5,5,2,16,6,2,9,1,1,C03,7,6,1,10,2,11,,6,6,1,21,8,C03,120.689674,24.154878,2
2022,8,24,12,20,臺中市,清水區,0,0,0,8,,,30,,,,,,,,,,,,,,,6,,,,,C03,,,1,,2,,,6,,1,21,,C03,120.563766,24.263193,3
2022,8,24,12,22,臺中市,西區,0,1,0,8,1,5,50,4,1,1,5,4,5,7,1,1,5,5,5,2,16,23,3,10,3,4,C03,7,5,1,10,2,11,,23,16,1,21,8,C03,120.66168,24.146714,2
2022,8,24,12,31,臺中市,南區,0,0,0,,,,50,,,,,,,,,,,,,,,23,,,,,B03,,,1,,2,,,23,,1,22,,B03,120.69331,24.13382,3
2022,8,24,12,42,臺中市,北屯區,0,3,0,8,1,5,50,4,1,1,5,4,5,7,2,1,10,5,5,2,13,23,2,9,1,1,C03,7,6,1,9,2,11,14,23,23,1,5,8,C03,120.676583,24.173538,2
2022,8,24,12,47,臺中市,南區,0,0,0,8,,,50,,,,,,,,,,,,,,,12,,,,,B12,,,1,,2,,,12,,1,22,,B12,120.653297,24.115832,3