年,月,日,時,分,縣市,區,死,受傷,2-30,天候,光線,道路類別,速限,道路型態,事故位置,路面鋪裝,路面狀態,路面缺陷,障礙物,視距,號誌種類,號誌動作,分向設施,快車道或一般車道間,快慢車道間,路面邊線,事故類型及型態,主要肇因,受傷程度,主要傷處,保護裝備,行動電話,當事者區分,車輛用途,當事者行動狀態,駕駛資格情形,駕駛執照種類,飲酒情形,車輛撞擊部位最初,車輛撞擊部位其他,肇事因素個別,肇事因素主要,肇事逃逸,職業,旅次目的,車種,GPS緯度,GPS經度,事故類別
2022,8,25,17,27,臺中市,太平區,0,1,0,6,3,5,50,3,1,1,4,4,5,7,4,4,5,5,5,1,16,6,3,10,1,1,C03,7,5,1,10,2,12,,6,6,1,21,8,C03,120.715133,24.138121,2
2022,8,25,17,28,臺中市,后里區,0,2,0,6,1,5,30,3,2,1,4,4,5,7,4,4,10,5,5,2,16,6,2,8,1,1,C02,7,5,4,10,2,11,,6,6,1,21,8,C02,120.719823,24.311448,2
2022,8,25,17,30,臺中市,清水區,0,1,0,8,1,5,50,4,1,1,5,4,5,7,4,4,10,5,5,2,16,6,3,10,1,1,B03,7,5,1,7,2,5,,6,6,1,5,5,B03,120.568076,24.26825,2
2022,8,25,17,38,臺中市,大肚區,0,0,0,,,,50,,,,,,,,,,,,,,,16,,,,,C03,,,1,,2,,,16,,1,22,,C03,120.545104,24.151243,3
2022,8,25,17,40,臺中市,梧棲區,0,0,0,,,,40,,,,,,,,,,,,,,,23,,,,,B12,,,1,,1,,,23,,1,4,,B12,120.548214,24.245902,3
2022,8,25,17,43,臺中市,梧棲區,0,1,0,8,1,5,50,14,9,1,5,4,5,7,1,1,1,4,5,1,13,23,3,10,1,1,B03,7,9,1,8,2,1,,23,23,1,4,8,B03,120.534807,24.259246,2
2022,8,25,17,45,臺中市,潭子區,0,0,0,8,,,60,,,,,,,,,,,,,,,17,,,,,C03,,,3,,9,,,17,,1,22,,C03,120.702317,24.194913,3
2022,8,25,17,49,臺中市,大里區,0,0,0,6,,,30,,,,,,,,,,,,,,,12,,,,,B03,,,1,,2,,,12,,1,22,,B03,120.675946,24.087613,3
2022,8,25,17,50,臺中市,東區,0,1,0,8,1,5,50,14,9,1,5,4,5,7,4,4,9,4,5,2,13,23,2,9,1,1,C03,7,9,1,10,2,11,,23,23,1,22,8,C03,120.701425,24.138528,2
2022,8,25,17,50,臺中市,北屯區,0,1,0,8,2,5,50,4,1,1,5,4,5,7,1,1,10,5,5,2,16,6,3,10,3,4,B03,7,5,1,8,2,8,,6,6,1,21,8,B03,120.663511,24.18554,2
2022,8,25,17,50,臺中市,神岡區,0,2,0,8,1,5,1,15,9,1,5,4,5,7,4,4,10,5,5,1,17,19,2,9,3,4,F02,7,1,8,20,2,16,,19,19,1,22,9,F02,120.692502,24.273899,2
2022,8,25,17,57,臺中市,南屯區,0,0,0,,,,50,,,,,,,,,,,,,,,25,,,,,C03,,,3,,2,,,25,,1,22,,C03,120.617844,24.159286,3
2022,8,25,18,0,臺中市,清水區,0,0,0,8,,,30,,,,,,,,,,,,,,,14,,,,,C03,,,1,,1,,,14,,1,22,,C03,120.577648,24.300985,3
2022,8,25,18,9,臺中市,大里區,0,0,0,8,,,50,,,,,,,,,,,,,,,23,,,,,B12,,,1,,11,,,23,,1,22,,B12,120.699254,24.08867,3
2022,8,25,18,10,臺中市,南區,0,2,0,7,3,5,50,3,18,1,5,4,5,7,4,4,9,4,4,2,3,23,2,8,1,4,C03,7,9,1,10,2,11,,23,23,1,4,1,C03,120.662001,24.116801,2
2022,8,25,18,15,臺中市,豐原區,0,0,0,8,,,50,,,,,,,,,,,,,,,23,,,,,B03,,,1,,2,,,23,,1,22,,B03,120.734936,24.267476,3
2022,8,25,18,20,臺中市,南區,0,0,0,6,,,40,,,,,,,,,,,,,,,19,,,,,B03,,,1,8,2,,,19,19,1,5,,B03,120.70495,24.131021,3
2022,8,25,18,20,臺中市,西屯區,0,0,0,8,,,30,,,,,,,,,,,,,,,23,,,,,B12,,,1,,1,,,23,,1,22,,B12,120.650945,24.162264,3
2022,8,25,18,33,臺中市,太平區,0,1,0,6,3,5,50,14,9,1,4,4,5,7,4,4,5,4,5,2,18,42,2,9,1,1,C03,7,9,1,10,2,12,,42,42,1,21,8,C03,120.716993,24.148796,2
2022,8,25,18,35,臺中市,東區,0,1,0,6,3,5,50,14,9,1,4,4,5,7,4,4,10,5,5,2,12,42,3,10,1,1,B01,7,9,1,4,2,1,,42,42,1,5,1,B01,120.686296,24.137891,2
2022,8,25,18,37,臺中市,豐原區,0,0,0,6,,,60,,,,,,,,,,,,,,,16,,,,,B03,,,1,,2,,,16,,1,22,,B03,120.70309,24.241746,3
2022,8,25,18,45,臺中市,烏日區,0,0,0,,,,50,,,,,,,,,,,,,,,9,,,,,B03,,,1,,2,,,9,9,1,21,,B03,120.638413,24.106694,3
2022,8,25,18,50,臺中市,潭子區,0,0,0,6,,,50,,,,,,,,,,,,,,,12,,,,,B03,,,1,,2,,,12,,1,22,,B03,120.710659,24.214792,3
2022,8,25,18,50,臺中市,東區,0,1,0,8,3,5,50,4,1,1,5,4,5,7,1,1,10,5,5,2,13,44,2,9,1,1,C03,7,9,1,10,2,14,,23,44,1,22,8,C03,120.685066,24.12957,2
2022,8,25,18,50,臺中市,西屯區,0,0,0,8,,,40,,,,,,,,,,,,,,,12,,,,,B03,,,1,,1,,,12,12,1,22,,B03,120.629308,24.163572,3
2022,8,25,18,54,臺中市,西區,0,1,0,8,3,5,50,14,9,1,5,4,5,7,4,4,9,5,5,2,14,12,3,10,3,4,B03,7,2,1,8,2,4,,12,12,1,21,8,B03,120.662871,24.131705,2
2022,8,25,18,55,臺中市,潭子區,0,0,0,8,,,50,,,,,,,,,,,,,,,16,,,,,C03,,,1,,2,,,16,,1,22,,C03,120.704024,24.207289,3
2022,8,25,18,55,臺中市,清水區,0,0,0,8,,,50,,,,,,,,,,,,,,,43,,,,,,,,,,,,,43,,1,,,,120.583503,24.284476,3
2022,8,25,19,5,臺中市,北屯區,0,1,0,6,3,5,50,4,1,1,4,4,5,7,4,4,10,5,5,2,16,6,3,10,1,1,A12,7,5,1,3,2,1,,6,6,1,21,8,A12,120.690315,24.176423,2
2022,8,25,19,5,臺中市,豐原區,0,1,0,6,3,5,50,14,7,1,4,4,5,7,4,4,9,5,4,2,17,19,2,9,1,1,C03,7,1,1,10,2,13,,19,19,1,22,8,C03,120.726863,24.245407,2
2022,8,25,19,8,臺中市,神岡區,0,1,0,6,3,5,50,3,1,1,4,4,5,7,1,1,1,4,4,1,16,6,3,10,1,1,B03,7,6,1,8,2,2,,6,6,1,22,8,B03,120.692778,24.248383,2
2022,8,25,19,20,臺中市,太平區,0,2,0,6,3,5,50,4,1,1,4,4,5,7,1,1,1,4,2,2,15,25,2,9,1,1,C03,7,9,1,10,2,12,,25,25,1,21,8,C03,120.718151,24.159717,2
2022,8,25,19,20,臺中市,豐原區,0,4,0,6,3,5,40,3,1,1,4,4,5,7,4,4,5,4,4,2,12,10,2,2,1,1,B01,7,11,1,8,2,8,,10,10,1,22,8,B01,120.716761,24.251783,2
2022,8,25,19,24,臺中市,豐原區,0,3,0,6,3,5,50,4,1,1,4,4,5,7,2,1,10,5,5,2,15,25,2,9,1,1,C03,7,9,1,10,2,13,,25,25,1,22,8,C03,120.720217,24.264038,2
2022,8,25,19,28,臺中市,南區,0,1,0,6,3,5,40,15,8,1,4,4,5,7,4,4,5,5,4,2,17,23,2,9,3,4,C03,7,9,1,10,2,11,,23,23,1,5,8,C03,120.679355,24.131175,2
2022,8,25,19,34,臺中市,太平區,0,0,0,6,,,50,,,,,,,,,,,,,,,23,,,,,B03,,,1,,1,,,23,,1,4,,B03,120.712431,24.125951,3
2022,8,25,19,37,臺中市,西區,0,0,0,6,,,50,,,,,,,,,,,,,,,16,,,,,B03,,,1,,1,,,16,,1,5,,B03,120.672327,24.144837,4
2022,8,25,19,38,臺中市,北屯區,0,0,0,6,,,50,,,,,,,,,,,,,,,18,,,,,B03,,,1,,2,,,18,,1,22,,B03,120.72968,24.17697,3
2022,8,25,19,44,臺中市,北屯區,0,0,0,6,3,5,50,4,19,1,4,4,5,7,2,1,10,5,5,2,3,43,,,,,,,,,,,,,43,43,2,,,,120.699913,24.164876,4
2022,8,25,19,45,臺中市,中區,0,0,0,6,,,50,,,,,,,,,,,,,,,12,,,,,B03,,,1,,1,,,12,,1,5,,B03,120.682668,24.143349,3
2022,8,25,19,47,臺中市,西區,0,1,0,6,3,5,50,4,1,1,4,4,5,7,1,1,5,5,5,2,16,25,3,10,3,4,B03,7,9,1,8,1,8,,25,25,1,21,8,B03,120.667263,24.140647,2
2022,8,25,19,50,臺中市,神岡區,0,0,0,6,,,30,,,,,,,,,,,,,,,23,,,,,B03,,,1,,2,,,23,,1,22,,B03,120.703446,24.257718,3
2022,8,25,19,57,臺中市,沙鹿區,0,1,0,8,3,5,50,3,1,1,5,4,5,7,3,1,10,5,5,2,16,6,3,10,1,1,B12,7,6,1,8,2,2,,6,6,1,21,8,B12,120.59829,24.252042,2
2022,8,25,20,0,臺中市,北區,0,0,0,8,,,50,,,,,,,,,,,,,,,16,,,,,B03,,,1,,1,,,16,,1,5,,B03,120.674616,24.162533,3
2022,8,25,20,12,臺中市,大甲區,0,0,0,8,,,50,,,,,,,,,,,,,,,17,,,,,C03,,,1,,1,,,17,,1,4,,C03,120.629781,24.345475,3
2022,8,25,20,20,臺中市,大雅區,0,2,0,8,3,5,50,4,1,1,5,4,5,7,4,4,9,4,5,1,17,11,2,8,1,1,C03,7,11,1,10,2,11,,11,11,1,22,9,C03,120.650857,24.225491,2
2022,8,25,20,20,臺中市,南屯區,0,1,0,6,3,5,50,3,1,1,4,4,5,7,4,4,5,5,5,2,18,42,2,9,1,1,C03,7,5,1,9,11,11,14,42,42,1,5,1,C03,120.600461,24.142815,2
2022,8,25,20,25,臺中市,北屯區,0,4,0,8,3,5,50,14,7,1,5,4,5,7,4,4,9,4,4,2,13,26,2,9,1,1,C03,7,9,1,10,2,11,,26,26,1,21,8,C03,120.696841,24.175121,2
2022,8,25,20,26,臺中市,烏日區,0,0,0,6,,,60,,,,,,,,,,,,,,,23,,,,,B01,,,1,,2,,,23,,1,21,,B01,120.641072,24.108649,3
2022,8,25,20,27,臺中市,北區,0,1,0,6,3,5,50,4,2,1,4,4,5,7,1,1,5,4,5,2,18,23,2,9,1,1,C03,7,9,1,10,2,12,,23,23,1,21,8,C03,120.680952,24.16161,2
2022,8,25,20,28,臺中市,北屯區,0,0,0,6,,,50,,,,,,,,,,,,,,,23,,,,,C03,,9,1,10,2,11,,23,23,1,21,8,C03,120.71179,24.172383,3
2022,8,25,20,31,臺中市,大里區,0,1,0,6,3,5,50,4,1,1,4,4,5,7,1,1,10,5,5,2,12,42,2,8,1,1,C03,7,10,1,10,2,14,,42,42,1,22,7,C03,120.679116,24.115116,2
2022,8,25,20,53,臺中市,西區,0,0,0,,,,,,,,,,,,,,,,,,,43,,,,,C03,,,8,,10,,,44,43,1,20,,C03,120.661725,24.144333,3
2022,8,25,20,53,臺中市,西區,0,1,0,6,3,5,50,4,1,1,4,4,5,7,1,1,5,5,5,2,16,6,3,10,3,4,C03,7,9,1,10,1,11,,6,6,1,21,8,C03,120.660219,24.146715,2
2022,8,25,20,58,臺中市,大安區,0,1,0,8,3,5,50,14,9,1,5,4,5,7,4,4,5,5,4,1,17,23,3,10,1,1,B03,7,1,1,8,2,2,,23,19,1,4,1,B03,120.602976,24.362093,2
2022,8,25,21,4,臺中市,太平區,0,2,0,6,3,5,30,4,1,1,4,4,5,7,4,4,10,5,5,2,15,6,2,9,1,1,C03,7,9,3,18,2,11,14,6,6,1,22,8,C03,120.725538,24.142172,2
2022,8,25,21,9,臺中市,北屯區,0,0,0,6,,,50,,,,,,,,,,,,,,,6,,,,,C03,,,1,,2,,,6,,1,21,,C03,120.722741,24.175541,3
2022,8,25,21,11,臺中市,豐原區,0,1,0,6,3,5,50,3,18,1,4,4,5,7,2,1,4,4,4,2,2,15,3,10,1,1,B03,7,5,1,8,2,1,,15,15,1,4,1,B03,120.726425,24.2426,2
2022,8,25,21,20,臺中市,東區,0,2,0,6,3,5,50,4,7,1,4,4,5,7,1,1,10,5,5,2,12,6,3,10,1,1,B03,7,6,1,8,2,2,,6,6,1,22,8,B03,120.704356,24.140414,2
2022,8,25,21,22,臺中市,大雅區,0,1,0,8,3,5,50,3,1,1,5,4,5,7,4,4,10,5,5,2,17,6,3,10,1,1,B03,7,5,1,8,2,1,,6,6,1,22,8,B03,120.65533,24.235503,2
2022,8,25,21,26,臺中市,北區,0,0,0,6,,,50,,,,,,,,,,,,,,,23,,,,,B02,,,1,,1,,,23,23,1,22,,B02,120.692565,24.161551,3
2022,8,25,21,30,臺中市,烏日區,0,1,0,6,3,5,50,4,1,1,4,4,5,7,2,1,5,4,5,1,18,23,2,9,1,1,C03,7,12,4,11,2,11,14,23,23,1,21,8,C03,120.63906,24.096508,2
2022,8,25,22,0,臺中市,龍井區,0,0,0,8,,,60,,,,,,,,,,,,,,,23,,,,,B03,,,1,,2,,,23,,1,22,,B03,120.571585,24.191888,3
2022,8,25,22,2,臺中市,中區,0,1,0,8,3,5,50,4,1,1,5,4,5,7,3,1,10,5,5,2,15,6,3,10,1,1,B03,7,9,1,8,2,5,,6,6,1,4,5,B03,120.682276,24.137248,2
2022,8,25,22,2,臺中市,西區,0,1,0,8,1,5,50,4,1,1,5,4,5,7,1,1,5,2,4,1,18,42,2,9,1,1,C03,7,6,1,10,2,12,,42,42,1,21,8,C03,120.655135,24.150813,2
2022,8,25,22,28,臺中市,潭子區,0,0,0,8,,,60,,,,,,,,,,,,,,,23,,,,,B03,,,1,,2,,,23,,1,22,,B03,120.703132,24.200219,3
2022,8,25,22,31,臺中市,北區,0,2,0,8,1,5,50,4,2,1,5,4,5,7,1,1,1,4,5,2,17,23,2,9,1,1,C03,7,9,1,10,2,11,,23,23,1,22,8,C03,120.691338,24.15896,2
2022,8,25,23,12,臺中市,北屯區,0,0,0,8,,,50,,,,,,,,,,,,,,,42,,,,,B03,,,1,,2,,,42,,1,5,,B03,120.721008,24.16198,3
2022,8,25,23,41,臺中市,北屯區,0,0,0,8,,,30,,,,,,,,,,,,,,,43,,,,,,,,,,,,,43,43,1,,,,120.69611,24.200183,3
2022,8,26,0,19,臺中市,北區,0,0,0,8,,,50,,,,,,,,,,,,,,,23,,,,,B12,,,1,,2,,,23,,1,21,,B12,120.67924,24.151309,3
2022,8,26,0,30,臺中市,北屯區,0,0,0,8,,,50,,,,,,,,,,,,,,,18,,,,,B03,,,1,,1,,,18,,1,5,,B03,120.707363,24.19728,3
2022,8,26,1,45,臺中市,大里區,0,0,0,8,,,50,,,,,,,,,,,,,,,4,,,,,B03,,,1,,2,,,4,,1,5,,B03,120.68334,24.092205,3
2022,8,26,2,10,臺中市,清水區,0,1,0,8,3,5,30,3,2,1,5,4,5,7,4,4,10,5,5,1,17,23,2,3,1,1,C03,7,15,1,10,7,12,,23,23,1,22,8,C03,120.565631,24.31131,2
2022,8,26,3,55,臺中市,大里區,0,0,0,8,,,50,,,,,,,,,,,,,,,23,,,,,B03,,,1,,2,,,23,,1,22,,B03,120.691083,24.089986,3
2022,8,26,4,4,臺中市,北屯區,0,0,0,8,,,30,,,,,,,,,,,,,,,23,,,,,B03,,,1,8,9,,,23,23,2,21,,B03,120.69338,24.174862,3
2022,8,26,6,13,臺中市,南屯區,0,1,0,8,1,5,50,3,1,1,5,4,5,7,4,4,10,5,5,2,16,26,3,10,1,1,C03,7,9,1,10,9,12,,26,26,2,9,1,C03,120.610887,24.145395,2
2022,8,26,6,19,臺中市,北屯區,0,0,0,8,,,50,,,,,,,,,,,,,,,16,,,,,B03,,,1,,2,,,16,,1,5,,B03,120.707406,24.197438,3
2022,8,26,6,31,臺中市,南區,0,2,0,8,1,5,50,14,9,1,5,4,5,7,4,4,5,4,5,2,13,23,2,9,1,4,C03,7,9,1,10,2,11,,23,23,1,21,8,C03,120.684788,24.130418,2
2022,8,26,6,49,臺中市,南區,0,1,0,8,1,5,50,4,1,1,5,4,5,7,1,1,10,5,5,2,3,15,3,10,1,1,B01,7,5,1,4,2,1,,15,15,1,10,8,B01,120.665733,24.123397,2
2022,8,26,6,55,臺中市,清水區,0,0,0,8,,,30,,,,,,,,,,,,,,,6,,,,,B03,,,1,,1,,,6,,1,21,,B03,120.553375,24.260492,3
2022,8,26,7,0,臺中市,東勢區,0,1,0,8,1,5,30,14,9,1,5,4,5,7,4,4,10,5,5,2,11,23,3,10,1,1,C03,7,9,1,10,2,11,,23,23,1,22,8,C03,120.830233,24.251195,2
2022,8,26,7,25,臺中市,大雅區,0,1,0,8,1,5,50,3,1,1,5,4,5,7,1,1,5,4,5,1,13,23,3,10,1,1,B03,7,9,1,8,2,1,,23,23,1,22,9,B03,120.630603,24.210325,2
2022,8,26,7,28,臺中市,南屯區,0,1,0,8,1,5,50,5,1,1,5,4,5,7,1,1,3,4,5,2,15,25,3,10,1,1,C03,7,9,1,10,2,12,,25,25,1,22,9,C03,120.637724,24.142453,2
2022,8,26,7,28,臺中市,大里區,0,2,0,8,1,5,50,5,1,1,5,4,5,7,1,1,10,5,5,2,9,23,3,10,3,4,B03,7,9,1,8,2,1,,23,23,1,22,8,B03,120.690005,24.093036,2
2022,8,26,7,29,臺中市,潭子區,0,0,0,,,,50,,,,,,,,,,,,,,,23,,,,,B03,,,1,,10,,,38,23,1,22,,B03,120.698798,24.193793,3
2022,8,26,7,30,臺中市,北區,0,1,0,8,1,5,50,3,9,1,5,4,5,7,4,4,10,5,5,2,12,19,3,10,1,1,B03,7,1,1,8,2,8,,19,19,1,9,8,B03,120.672613,24.156997,2
2022,8,26,7,30,臺中市,西屯區,0,0,0,8,,,50,,,,,,,,,,,,,,,16,,,,,C03,,,1,,1,,,16,,1,22,,C03,120.615185,24.182384,3
2022,8,26,7,30,臺中市,烏日區,0,0,0,8,,,40,,,,,,,,,,,,,,,9,,,,,B03,,,1,,2,,,9,,1,21,,B03,120.618193,24.105415,3
2022,8,26,7,34,臺中市,豐原區,0,0,0,,,,50,,,,,,,,,,,,,,,7,,,,,B03,,,1,,2,,,7,,1,22,,B03,120.720588,24.266683,3
2022,8,26,7,45,臺中市,豐原區,0,1,0,8,1,5,30,14,9,1,5,4,5,7,4,4,10,5,5,2,17,19,3,10,3,4,B03,7,1,1,8,2,8,,19,19,1,22,8,B03,120.714097,24.237227,2
2022,8,26,7,46,臺中市,新社區,0,1,0,8,1,5,50,14,9,1,5,4,5,7,4,4,5,5,5,1,16,10,3,10,1,1,B03,7,11,1,7,2,8,,10,10,1,22,8,B03,120.807988,24.252616,2
2022,8,26,7,47,臺中市,龍井區,0,0,0,8,,,30,,,,,,,,,,,,,,,42,,,,,C01,,,1,,2,,,42,,1,21,,C01,120.590938,24.182221,3
2022,8,26,7,48,臺中市,西屯區,0,2,0,8,1,5,50,14,9,1,5,4,5,7,4,4,5,5,5,2,16,26,2,9,1,1,C03,7,4,1,10,2,12,,26,26,1,4,8,C03,120.591548,24.173715,2
2022,8,26,7,49,臺中市,潭子區,0,1,0,8,1,5,40,3,1,1,5,4,5,7,4,4,10,5,5,2,17,16,3,10,1,1,C03,7,9,2,18,9,11,,16,16,2,22,8,C03,120.699076,24.194828,2
2022,8,26,7,53,臺中市,梧棲區,0,1,0,8,1,5,50,4,1,1,5,4,5,7,4,4,10,5,5,1,15,6,3,10,3,4,B03,7,9,1,8,2,2,,6,6,1,22,8,B03,120.529287,24.251587,2
2022,8,26,8,2,臺中市,潭子區,0,1,0,8,1,5,50,4,2,1,5,4,5,7,1,1,9,4,4,1,13,16,2,8,1,1,C03,7,9,1,10,2,11,,16,16,1,22,8,C03,120.690061,24.224983,2
2022,8,26,8,4,臺中市,大雅區,0,0,0,8,,,50,,,,,,,,,,,,,,,42,,,,,B03,,,1,,2,,,42,,1,22,,B03,120.641308,24.229801,3
2022,8,26,8,5,臺中市,東區,0,1,0,8,1,5,50,14,9,1,5,4,5,7,3,1,10,5,5,2,21,42,2,9,1,1,C03,7,9,1,10,11,11,,42,42,1,22,9,C03,120.699948,24.137081,2
2022,8,26,8,7,臺中市,北屯區,0,2,0,8,1,5,40,4,2,1,5,4,5,7,1,1,10,5,5,2,17,8,2,9,1,1,C03,7,5,1,10,2,12,,8,8,1,5,8,C03,120.684435,24.16966,2
2022,8,26,8,19,臺中市,大雅區,0,1,0,8,1,5,50,3,1,1,5,4,5,7,3,1,5,3,5,1,16,19,3,10,1,1,B03,7,1,1,8,2,4,,19,19,1,22,9,B03,120.656797,24.221781,2
2022,8,26,8,23,臺中市,西屯區,0,0,0,8,,,30,,,,,,,,,,,,,,,6,,,,,C03,,,1,,11,,,6,6,1,22,,C03,120.639478,24.181304,3
2022,8,26,8,25,臺中市,太平區,0,2,0,8,1,5,50,3,1,1,5,4,5,7,4,4,5,5,4,1,13,16,2,9,1,1,C03,7,9,1,10,2,11,,16,16,1,21,8,C03,120.721389,24.149192,2
2022,8,26,8,27,臺中市,南區,0,2,0,8,1,5,50,3,1,1,5,4,5,7,2,1,10,5,5,2,13,16,2,9,1,1,C03,7,9,1,10,2,11,,16,16,1,21,8,C03,120.657425,24.113175,2
2022,8,26,8,27,臺中市,大里區,0,1,0,8,1,5,30,4,1,1,5,4,5,7,1,1,10,5,5,2,17,23,2,9,1,3,C04,7,9,1,8,2,14,,23,23,1,21,5,C04,120.695442,24.096789,2
2022,8,26,8,28,臺中市,大里區,0,1,0,8,1,5,50,4,1,1,5,4,5,7,1,1,10,5,5,2,17,23,2,9,1,1,C03,7,9,1,10,2,11,,23,23,1,22,8,C03,120.697766,24.082341,2
2022,8,26,8,30,臺中市,大雅區,0,0,0,8,,,50,,,,,,,,,,,,,,,23,,,,,B12,,,1,,2,,,23,,1,22,,B12,120.637102,24.23413,3
2022,8,26,8,30,臺中市,南屯區,0,2,0,8,1,5,50,4,1,1,5,4,5,7,1,1,5,5,5,2,11,8,2,9,3,4,C03,7,5,1,10,2,12,,8,8,1,22,9,C03,120.651337,24.148837,2
2022,8,26,8,33,臺中市,西區,0,0,0,8,1,5,50,4,2,1,5,4,5,7,1,1,5,4,4,2,13,16,,,,,B03,,,1,,1,,,16,,1,22,,B03,120.668339,24.139714,3
2022,8,26,8,39,臺中市,西屯區,0,0,0,8,,,50,,,,,,,,,,,,,,,23,,,,,B12,,,1,,1,,,23,,1,22,,B12,120.608764,24.18396,3
2022,8,26,8,40,臺中市,東區,0,1,0,8,1,5,50,14,7,1,5,4,5,7,4,4,1,4,4,2,13,23,2,8,1,1,C03,7,9,1,10,2,11,,23,23,1,22,8,C03,120.691059,24.125108,2
2022,8,26,8,40,臺中市,神岡區,0,0,0,8,,,50,,,,,,,,,,,,,,,7,,,,,B03,,,1,,1,,,7,,1,12,,B03,120.695795,24.24857,3
2022,8,26,8,43,臺中市,北區,0,2,0,8,1,5,50,4,1,1,5,4,5,7,1,1,10,5,5,2,16,19,2,9,1,1,C03,7,1,1,10,2,14,,19,19,1,22,8,C03,120.677114,24.151295,2
2022,8,26,8,43,臺中市,后里區,0,0,0,8,1,4,40,14,2,1,5,4,5,7,4,4,10,5,5,2,15,23,3,10,1,1,B03,7,6,1,8,2,1,1,23,23,1,21,1,B03,120.738982,24.32442,3
2022,8,26,8,44,臺中市,北區,0,0,0,8,,,40,,,,,,,,,,,,,,,23,,,,,C03,,,1,,9,,,23,,2,22,,C03,120.679293,24.16693,3
2022,8,26,8,45,臺中市,太平區,0,0,0,8,,,30,,,,,,,,,,,,,,,23,,,,,B03,,,1,,2,,,23,23,1,21,,B03,120.745768,24.12905,3
2022,8,26,8,52,臺中市,東區,0,1,0,8,1,5,40,14,8,1,5,4,5,7,4,4,1,4,4,2,17,42,3,10,1,1,C03,7,15,1,10,2,13,,42,42,1,5,8,C03,120.695703,24.134553,2
2022,8,26,8,56,臺中市,西區,0,0,0,8,,,30,,,,,,,,,,,,,,,23,,,,,C04,,,1,,2,,,23,,1,22,,C04,120.6643,24.149148,3
2022,8,26,8,57,臺中市,潭子區,0,0,0,8,,,50,,,,,,,,,,,,,,,16,,,,,B03,,,1,,2,,,16,,1,22,,B03,120.686403,24.207287,3
2022,8,26,8,57,臺中市,大里區,0,1,0,8,1,5,50,3,1,1,5,4,5,7,4,4,5,5,4,2,17,9,2,9,1,1,C03,7,6,3,18,2,14,,9,9,1,22,8,C03,120.67236,24.113544,2
2022,8,26,9,6,臺中市,豐原區,0,0,0,8,,,30,,,,,,,,,,,,,,,12,,,,,B12,,,1,,2,,,12,,1,22,,B12,120.719703,24.255491,3
2022,8,26,9,7,臺中市,南屯區,0,1,0,8,1,5,50,14,8,1,5,4,5,7,4,4,1,4,4,2,16,9,3,10,3,4,B03,7,6,1,8,2,6,,9,9,1,22,9,B03,120.627216,24.145091,2
2022,8,26,9,13,臺中市,太平區,0,1,0,8,1,5,50,4,1,1,5,4,5,7,1,1,5,4,5,1,16,25,2,9,1,1,C03,7,9,1,10,2,11,,25,25,1,23,8,C03,120.732383,24.134745,2
2022,8,26,9,15,臺中市,南區,0,2,0,8,1,5,50,3,1,1,5,4,1,7,4,4,10,5,5,2,16,10,2,9,1,1,F03,7,11,8,20,2,16,,10,10,1,21,8,F03,120.666817,24.12073,2
2022,8,26,9,18,臺中市,東區,0,0,0,,,,50,,,,,,,,,,,,,,,4,,,,,C04,,,1,,2,,,4,,1,22,,C04,120.692521,24.14489,3
2022,8,26,9,18,臺中市,后里區,0,2,0,8,1,5,50,3,2,1,5,4,5,7,4,4,5,1,5,1,13,23,2,9,1,1,C03,7,9,1,10,2,14,,23,23,1,4,8,C03,120.709411,24.313714,2
2022,8,26,9,19,臺中市,梧棲區,0,1,0,8,1,5,40,14,8,1,5,4,5,7,4,4,1,4,1,2,16,6,3,10,1,1,B03,7,6,1,8,2,7,,6,6,1,4,8,B03,120.550987,24.244346,2
2022,8,26,9,20,臺中市,太平區,0,1,0,8,1,5,50,4,2,1,5,4,5,7,4,4,10,5,5,2,16,19,2,8,1,1,C03,7,1,1,10,2,11,,19,19,1,20,8,C03,120.7228,24.136613,2
2022,8,26,9,21,臺中市,北區,0,1,0,8,1,5,50,4,1,1,5,4,5,7,1,1,5,5,4,2,16,6,3,10,1,1,B03,7,5,1,8,2,5,,6,6,1,21,8,B03,120.664089,24.162142,2
2022,8,26,9,24,臺中市,大甲區,0,0,0,8,,,30,,,,,,,,,,,,,,,5,,,,,B03,,,1,,1,,,44,,1,4,,B03,120.631488,24.347144,3
2022,8,26,9,30,臺中市,西屯區,0,0,0,8,,,30,,,,,,,,,,,,,,,43,,,,,B03,,,1,,1,,,43,,1,4,,B03,120.65926,24.176483,3
2022,8,26,9,30,臺中市,太平區,0,2,0,8,1,5,50,3,1,1,5,4,5,7,3,1,5,4,5,1,16,8,2,9,1,1,C03,7,5,1,10,2,12,,8,8,1,21,8,C03,120.735878,24.133359,2
2022,8,26,9,40,臺中市,太平區,0,0,0,8,,,50,,,,,,,,,,,,,,,67,,,,,,,,,,,,,67,,1,,,,120.707963,24.149117,3
2022,8,26,9,58,臺中市,大雅區,0,1,0,8,1,5,50,4,1,1,5,4,5,7,1,1,10,5,5,2,16,25,2,9,1,1,C04,7,6,1,10,2,11,,25,25,1,22,9,C04,120.657074,24.240637,2