年,月,日,時,分,縣市,區,死,受傷,2-30,天候,光線,道路類別,速限,道路型態,事故位置,路面鋪裝,路面狀態,路面缺陷,障礙物,視距,號誌種類,號誌動作,分向設施,快車道或一般車道間,快慢車道間,路面邊線,事故類型及型態,主要肇因,受傷程度,主要傷處,保護裝備,行動電話,當事者區分,車輛用途,當事者行動狀態,駕駛資格情形,駕駛執照種類,飲酒情形,車輛撞擊部位最初,車輛撞擊部位其他,肇事因素個別,肇事因素主要,肇事逃逸,職業,旅次目的,車種,GPS緯度,GPS經度,事故類別
2022,8,26,9,59,臺中市,神岡區,0,0,0,8,,,50,,,,,,,,,,,,,,,23,,,,,B03,,,1,,2,,,23,,1,22,,B03,120.695843,24.23553,3
2022,8,26,10,0,臺中市,沙鹿區,0,0,0,8,,,50,,,,,,,,,,,,,,,23,,,,,B03,,,1,,2,,,23,,1,21,,B03,120.604089,24.237494,3
2022,8,26,10,10,臺中市,北屯區,0,0,0,8,,,50,,,,,,,,,,,,,,,7,,,,,B03,,,1,,2,,,7,,1,22,,B03,120.671332,24.174755,3
2022,8,26,10,16,臺中市,東區,0,2,0,8,1,5,50,4,1,1,5,4,5,7,1,1,10,5,5,2,16,6,2,9,1,1,F03,7,5,8,20,2,16,,6,6,1,5,8,F03,120.693123,24.129633,2
2022,8,26,10,22,臺中市,太平區,0,1,0,8,1,5,50,14,9,1,5,4,5,7,4,4,5,5,5,1,16,19,3,10,1,1,C03,7,1,1,10,2,11,,19,19,1,21,8,C03,120.719764,24.118549,2
2022,8,26,10,25,臺中市,東區,0,0,0,,,,50,,,,,,,,,,,,,,,23,,,,,B03,,,1,,2,,,23,,1,22,,B03,120.69248,24.144811,3
2022,8,26,10,29,臺中市,大甲區,0,1,0,8,1,5,40,14,7,1,5,4,5,7,4,4,1,4,4,1,17,7,3,10,1,1,B12,7,2,1,8,2,15,,12,7,1,10,3,B12,120.648189,24.395485,2
2022,8,26,10,35,臺中市,北屯區,0,2,0,8,1,5,40,14,7,1,5,4,5,7,4,4,1,4,4,2,12,23,2,9,1,1,C03,7,9,1,10,2,11,12,23,23,1,5,8,C03,120.68602,24.182438,2
2022,8,26,10,35,臺中市,西屯區,0,1,0,8,1,5,50,4,1,1,5,4,5,7,1,1,10,5,5,2,15,43,2,9,1,1,C03,7,9,1,10,2,11,,43,43,1,22,8,C03,120.653189,24.195611,2
2022,8,26,10,38,臺中市,太平區,0,0,0,8,,,50,,,,,,,,,,,,,,,23,,,,,C03,,,1,,2,,,23,,1,3,,C03,120.712193,24.14107,3
2022,8,26,10,45,臺中市,西屯區,0,0,0,8,,,40,,,,,,,,,,,,,,,19,,,,,B03,,,1,,1,,,19,,1,4,,B03,120.642337,24.157403,3
2022,8,26,10,45,臺中市,豐原區,0,0,0,8,,,50,,,,,,,,,,,,,,,6,,,,,C03,,,1,,2,,,6,6,1,22,,C03,120.702452,24.250247,3
2022,8,26,10,50,臺中市,霧峰區,0,1,0,8,1,5,60,5,1,1,5,4,5,7,1,1,10,5,5,2,17,42,2,9,3,4,C03,7,9,1,10,2,12,,42,42,1,21,5,C03,120.695967,24.054134,2
2022,8,26,10,53,臺中市,西區,0,1,0,8,1,5,50,14,9,1,5,4,5,7,4,4,5,5,5,2,17,23,2,9,3,4,C03,7,9,1,10,2,11,,23,23,1,22,5,C03,120.662024,24.147821,2
2022,8,26,10,54,臺中市,龍井區,0,0,0,8,1,2,60,4,1,1,5,4,5,7,1,1,1,2,4,1,15,25,3,10,1,1,B02,7,,1,8,2,6,,25,23,1,21,1,B02,120.514072,24.198408,3
2022,8,26,11,0,臺中市,南屯區,0,1,0,8,1,5,50,4,1,1,5,4,5,7,1,1,10,5,5,2,16,6,3,10,1,1,B03,7,6,1,8,2,5,,6,6,1,22,9,B03,120.642451,24.146914,2
2022,8,26,11,0,臺中市,大甲區,0,0,0,,,,60,,,,,,,,,,,,,,,43,,,,,B03,,,1,,2,,,43,,1,22,,B03,120.61873,24.354399,4
2022,8,26,11,2,臺中市,大里區,0,0,0,8,,,50,,,,,,,,,,,,,,,12,,,,,B03,,,1,,2,,,12,,1,5,,B03,120.687156,24.103608,3
2022,8,26,11,3,臺中市,西屯區,0,1,0,8,1,5,30,14,9,1,5,4,5,7,4,4,10,5,5,2,29,42,2,9,1,1,C03,7,9,1,10,2,12,,42,42,1,22,8,C03,120.651775,24.157708,2
2022,8,26,11,20,臺中市,西屯區,0,1,0,8,1,5,30,3,1,1,5,4,5,7,4,4,10,5,5,2,16,6,2,9,3,4,C03,7,6,1,10,2,11,,6,6,1,22,8,C03,120.640398,24.196323,2
2022,8,26,11,25,臺中市,南區,0,2,0,8,1,5,50,14,9,1,5,4,5,7,4,4,5,5,5,2,17,26,2,7,1,1,C04,7,15,1,10,2,14,,26,26,1,5,8,C04,120.677161,24.130568,2
2022,8,26,11,25,臺中市,豐原區,0,0,0,,,,30,,,,,,,,,,,,,,,6,,,,,B03,,,1,,2,,,6,,1,22,,B03,120.719366,24.253488,3
2022,8,26,11,31,臺中市,西屯區,0,1,0,8,1,5,50,4,1,1,5,4,5,7,3,1,10,5,5,2,16,8,3,10,1,1,B03,7,5,1,8,2,6,,8,6,1,4,8,B03,120.634817,24.165621,2
2022,8,26,11,37,臺中市,大雅區,0,0,0,8,,,50,,,,,,,,,,,,,,,23,,,,,A11,,,1,,2,,,23,,1,22,,A11,120.63046,24.24065,3
2022,8,26,11,37,臺中市,豐原區,0,0,0,8,,,50,,,,,,,,,,,,,,,17,,,,,B03,,,1,,2,,,17,,1,22,,B03,120.716124,24.248555,3
2022,8,26,11,39,臺中市,西區,0,1,0,8,1,5,50,4,1,1,5,4,5,7,1,1,10,5,5,2,17,42,3,10,3,4,B03,7,5,1,8,2,15,,42,42,1,21,8,B03,120.661632,24.149043,2
2022,8,26,11,40,臺中市,北區,0,1,0,8,1,5,30,14,9,4,5,4,5,7,1,1,10,5,5,1,13,23,2,9,1,1,C03,7,9,1,10,2,11,,23,23,1,21,8,C03,120.667456,24.157703,2
2022,8,26,11,40,臺中市,北區,0,0,0,8,,,40,,,,,,,,,,,,,,,7,,,,,B03,,,1,,2,,,7,,1,22,,B03,120.664423,24.154678,3
2022,8,26,11,41,臺中市,南屯區,0,1,0,8,1,5,50,3,1,1,5,4,5,7,4,4,5,5,5,2,16,23,3,10,1,1,C03,7,6,6,18,8,11,,23,23,1,22,8,C03,120.642363,24.138486,2
2022,8,26,11,53,臺中市,西區,0,0,0,8,,,50,,,,,,,,,,,,,,,12,,,,,A12,,,1,,1,,,12,,1,21,,A12,120.655243,24.144032,3
2022,8,26,11,53,臺中市,清水區,0,1,0,8,1,5,50,4,2,1,5,4,5,7,1,1,8,3,4,1,16,23,3,10,1,1,B03,7,9,1,8,2,2,,23,23,1,21,8,B03,120.575556,24.269449,2
2022,8,26,11,56,臺中市,南區,0,0,0,8,,,50,,,,,,,,,,,,,,,23,,,,,C03,,,1,,2,,,23,,1,22,,C03,120.682692,24.128949,3
2022,8,26,11,59,臺中市,烏日區,0,0,0,8,,,30,,,,,,,,,,,,,,,42,,,,,C03,,,1,,2,,,42,,1,19,,C03,120.594624,24.11095,3
2022,8,26,12,0,臺中市,神岡區,0,1,0,8,1,5,50,4,2,1,5,4,5,7,1,1,5,4,4,2,17,26,2,9,1,1,C03,7,11,1,10,2,12,,26,26,1,12,8,C03,120.659017,24.256874,2
2022,8,26,12,2,臺中市,豐原區,0,2,0,8,1,5,30,11,9,1,5,4,5,3,4,4,10,5,5,2,20,14,2,8,1,1,C03,7,9,1,10,2,12,,14,14,1,22,8,C03,120.713109,24.238738,2
2022,8,26,12,8,臺中市,西屯區,0,1,0,8,1,5,40,14,8,1,5,4,5,7,4,4,1,3,1,2,17,43,3,10,1,1,C03,7,9,1,10,11,15,,43,43,1,22,8,C03,120.650827,24.162202,2
2022,8,26,12,9,臺中市,太平區,0,0,1,8,1,5,50,4,1,1,5,4,5,7,2,1,10,5,5,2,16,6,3,10,1,1,B03,7,5,1,8,2,6,,6,6,1,21,8,B03,120.703112,24.153455,2
2022,8,26,12,12,臺中市,大里區,0,1,0,8,1,5,40,4,1,1,5,4,5,7,1,1,10,5,5,2,17,23,2,9,3,4,C03,7,9,1,10,2,14,,23,23,1,21,5,C03,120.709046,24.082249,2
2022,8,26,12,14,臺中市,大里區,0,1,0,8,1,5,50,4,1,1,5,4,5,7,1,1,10,5,5,2,16,6,3,10,3,4,B12,7,9,1,8,2,8,,6,6,1,22,8,B12,120.701558,24.095941,2
2022,8,26,12,14,臺中市,清水區,0,0,0,8,,,50,,,,,,,,,,,,,,,44,,,,,,,,,,,,,44,,1,,,,120.620358,24.292595,3
2022,8,26,12,15,臺中市,大里區,0,1,0,8,1,5,50,4,1,1,5,4,5,7,1,1,10,5,5,2,16,25,3,10,3,4,C03,7,9,1,10,2,11,,25,25,1,22,8,C03,120.696846,24.085549,2
2022,8,26,12,17,臺中市,豐原區,0,0,0,,,,30,,,,,,,,,,,,,,,12,,,,,B12,,,1,,2,,,12,,1,22,,B12,120.727097,24.24643,3
2022,8,26,12,18,臺中市,北區,0,0,0,,,,50,,,,,,,,,,,,,,,19,,,,,F01,,,8,,1,,,19,,1,16,,F01,120.682794,24.157924,3
2022,8,26,12,20,臺中市,南屯區,0,0,0,8,,,50,,,,,,,,,,,,,,,23,,,,,B12,,,1,,1,,,23,23,1,22,,B12,120.645978,24.150815,3
2022,8,26,12,23,臺中市,龍井區,0,0,0,8,,,30,,,,,,,,,,,,,,,42,,,,,C03,,,1,,11,,,42,,1,18,,C03,120.588878,24.181125,3
2022,8,26,12,25,臺中市,太平區,0,0,0,8,,,50,,,,,,,,,,,,,,,25,,,,,C03,,,4,,2,,,25,,1,22,,C03,120.723326,24.131594,3
2022,8,26,12,33,臺中市,大甲區,0,0,0,,,,50,,,,,,,,,,,,,,,23,,,,,C03,,,1,,2,,,23,,1,19,,C03,120.62552,24.34631,3
2022,8,26,12,36,臺中市,沙鹿區,0,1,0,8,1,5,50,4,1,1,5,4,5,7,4,4,10,5,5,2,16,6,2,9,1,1,C03,7,5,1,10,2,12,,6,6,1,21,8,C03,120.56459,24.249163,2
2022,8,26,12,40,臺中市,霧峰區,0,0,0,8,,,30,,,,,,,,,,,,,,,67,,,,,,,,,,,,,67,,1,,,,120.696533,24.053724,3
2022,8,26,12,45,臺中市,西區,0,2,0,8,1,5,50,5,1,1,5,4,5,7,1,1,10,5,5,2,16,42,3,10,3,4,B03,7,15,1,8,2,2,,42,42,1,21,8,B03,120.669897,24.150831,2
2022,8,26,12,45,臺中市,西屯區,0,2,0,8,1,5,30,3,1,1,5,4,5,7,4,4,10,5,5,2,16,6,2,9,1,1,C03,7,5,1,10,2,14,,6,6,1,4,8,C03,120.639298,24.183005,2
2022,8,26,12,49,臺中市,北區,0,1,0,8,1,5,50,4,1,1,5,4,5,7,4,4,10,5,5,2,15,6,3,10,1,1,B03,7,9,1,8,2,1,,6,6,1,19,8,B03,120.666417,24.161601,2
2022,8,26,12,50,臺中市,北區,0,0,0,,,,40,,,,,,,,,,,,,,,18,,,,,B03,,,1,,1,,,18,,1,21,,B03,120.67705,24.153128,3
2022,8,26,12,58,臺中市,梧棲區,0,1,0,8,1,5,50,3,2,1,5,4,5,7,4,4,5,4,5,1,17,26,3,10,1,1,B03,7,11,1,8,2,15,,26,26,1,4,8,B03,120.546271,24.259212,2
2022,8,26,13,1,臺中市,東區,0,0,0,8,,,50,,,,,,,,,,,,,,,10,,,,,B03,,,1,8,2,,,10,10,1,21,,B03,120.690987,24.140036,3
2022,8,26,13,3,臺中市,大里區,0,0,0,8,,,50,,,,,,,,,,,,,,,19,,,,,B11,,,1,,2,,,19,,1,10,,B11,120.694395,24.111486,3
2022,8,26,13,5,臺中市,北區,0,0,0,8,1,5,50,3,1,1,5,4,5,7,4,4,10,5,5,2,12,7,,,,,B03,,,1,,1,,,7,,1,22,,B03,120.665378,24.159038,3
2022,8,26,13,8,臺中市,南屯區,0,1,0,8,1,5,50,14,9,1,5,4,5,7,4,4,1,4,5,2,17,19,3,10,1,1,B03,7,1,1,8,2,15,,19,19,1,22,8,B03,120.635766,24.142982,2
2022,8,26,13,11,臺中市,沙鹿區,0,2,0,8,1,5,50,4,1,1,5,4,5,7,4,4,10,5,5,2,15,6,2,9,1,1,C03,7,9,1,10,2,14,,6,6,1,21,8,C03,120.561332,24.240022,2
2022,8,26,13,19,臺中市,北區,0,2,0,8,1,5,50,14,9,1,5,4,5,7,4,4,9,5,5,2,16,7,2,7,1,1,C03,7,10,1,10,2,14,,7,7,1,22,8,C03,120.685937,24.151616,2
2022,8,26,13,19,臺中市,霧峰區,0,0,0,8,,,50,,,,,,,,,,,,,,,44,,,,,A12,,,1,,2,,,44,,1,22,,A12,120.688553,24.043956,3
2022,8,26,13,31,臺中市,西屯區,0,0,0,8,,,40,,,,,,,,,,,,,,,6,,,,,B03,,,1,,1,,,6,,1,22,,B03,120.636992,24.172174,3
2022,8,26,13,45,臺中市,東勢區,0,0,0,8,,,15,,,,,,,,,,,,,,,17,,,,,B12,,,1,,2,,,17,17,1,22,,B12,120.865323,24.235443,3
2022,8,26,13,48,臺中市,大里區,0,1,0,8,1,5,30,4,1,1,5,4,5,7,4,4,10,5,5,2,17,6,2,9,1,1,C03,7,9,1,10,2,12,,6,6,1,21,5,C03,120.706028,24.083908,2
2022,8,26,13,50,臺中市,北屯區,0,1,0,8,1,5,50,4,18,1,5,4,5,7,2,1,10,5,5,2,3,15,3,10,1,1,B03,7,5,1,8,2,8,,15,15,1,5,8,B03,120.687873,24.17202,2
2022,8,26,13,55,臺中市,西屯區,0,2,0,8,1,5,50,4,1,1,5,4,5,7,1,1,10,5,5,2,16,6,2,9,1,1,C03,7,5,1,10,2,14,,6,6,1,4,8,C03,120.664314,24.164592,2
2022,8,26,14,5,臺中市,清水區,0,2,0,8,1,5,50,5,2,1,5,4,5,7,1,1,5,5,5,1,12,23,2,9,1,1,C03,7,9,1,10,2,12,,23,23,1,22,8,C03,120.575425,24.278658,2
2022,8,26,14,5,臺中市,豐原區,0,1,0,8,1,5,50,5,2,1,5,4,5,7,1,1,3,3,3,1,17,26,2,8,3,4,C03,7,5,1,10,2,11,,26,26,1,22,8,C03,120.710502,24.237488,2
2022,8,26,14,10,臺中市,西屯區,0,1,0,8,1,5,50,14,9,1,5,4,5,7,4,4,9,4,5,2,17,16,2,9,1,1,C03,7,9,1,10,2,11,,16,16,1,22,8,C03,120.636748,24.181579,2
2022,8,26,14,11,臺中市,西區,0,1,0,8,1,5,50,14,7,1,5,4,5,7,4,4,5,5,4,2,17,23,3,10,1,1,C03,7,9,1,10,2,14,,23,23,1,21,8,C03,120.65532,24.154614,2
2022,8,26,14,13,臺中市,北屯區,0,0,0,8,,,50,,,,,,,,,,,,,,,23,,,,,B03,,,1,,1,,,23,,1,22,,B03,120.685303,24.170844,3
2022,8,26,14,18,臺中市,西屯區,0,0,0,8,,,30,,,,,,,,,,,,,,,12,,,,,B12,,,1,,2,,,12,,1,22,,B12,120.631391,24.183493,3
2022,8,26,14,19,臺中市,神岡區,0,0,0,8,,,30,,,,,,,,,,,,,,,23,,,,,A11,,,1,,11,,,23,,1,22,,A11,120.672899,24.269023,3
2022,8,26,14,27,臺中市,梧棲區,0,1,0,8,1,5,60,3,1,1,5,4,5,7,2,1,10,5,5,2,16,8,2,9,1,1,C03,7,5,1,10,2,14,,8,8,1,16,8,C03,120.530843,24.237091,2
2022,8,26,14,29,臺中市,龍井區,0,0,0,8,,,30,,,,,,,,,,,,,,,12,,,,,A12,,,1,,2,,,12,,1,10,,A12,120.542026,24.187895,3
2022,8,26,14,41,臺中市,南區,0,0,0,8,,,50,,,,,,,,,,,,,,,26,,,,,B12,,,1,8,2,,,26,26,1,21,,B12,120.66059,24.131444,3
2022,8,26,14,45,臺中市,東區,0,1,0,8,1,5,50,14,7,1,5,4,5,7,4,4,5,5,4,2,17,43,3,10,1,1,B03,7,8,1,8,2,6,,43,43,1,22,8,B03,120.705799,24.144436,2
2022,8,26,14,50,臺中市,北屯區,0,0,0,8,,,80,,,,,,,,,,,,,,,23,,,,,B12,,,1,,1,,,23,,1,5,,B12,120.674041,24.200955,3
2022,8,26,14,51,臺中市,梧棲區,0,0,0,8,,,50,,,,,,,,,,,,,,,16,,,,,B03,,,1,,2,,,16,,1,11,,B03,120.550479,24.241312,3
2022,8,26,14,55,臺中市,沙鹿區,0,2,0,8,1,5,50,4,1,1,5,4,5,7,4,4,10,5,5,2,17,19,2,9,1,1,C03,7,1,1,10,2,11,,19,19,1,21,8,C03,120.617364,24.243159,2
2022,8,26,15,0,臺中市,大雅區,0,0,0,8,,,30,,,,,,,,,,,,,,,6,,,,,B03,,,1,,2,,,6,,1,22,,B03,120.664828,24.210284,3
2022,8,26,15,2,臺中市,東區,0,1,0,8,1,5,50,4,1,1,5,4,5,7,1,1,10,5,5,2,16,6,3,10,1,1,B03,7,5,1,8,2,6,,6,6,1,22,8,B03,120.704727,24.130475,2
2022,8,26,15,5,臺中市,沙鹿區,0,0,0,8,,,50,,,,,,,,,,,,,,,18,,,,,B12,,,1,,2,,,38,18,1,21,,B12,120.562456,24.233421,3
2022,8,26,15,7,臺中市,霧峰區,0,0,0,8,,,50,,,,,,,,,,,,,,,16,,,,,B03,,,1,,2,,,16,,1,12,,B03,120.697305,24.055745,3
2022,8,26,15,23,臺中市,西屯區,0,1,0,8,1,5,50,4,2,1,5,4,5,7,1,1,5,5,4,2,17,42,2,9,3,4,C03,7,9,1,10,2,15,,42,42,1,22,8,C03,120.662572,24.163561,2
2022,8,26,15,27,臺中市,西屯區,0,0,0,8,,,50,,,,,,,,,,,,,,,6,,,,,B03,,,1,,1,,,6,,1,12,,B03,120.63538,24.170163,3
2022,8,26,15,33,臺中市,龍井區,0,1,0,8,1,5,50,3,1,1,5,4,5,7,3,1,9,4,5,2,17,26,3,10,1,1,B03,7,6,1,8,2,8,,26,26,1,21,8,B03,120.574463,24.196263,2
2022,8,26,15,39,臺中市,南屯區,0,1,0,8,1,5,50,4,1,1,5,4,5,7,2,1,5,5,5,2,16,9,3,10,1,1,B03,7,6,1,8,2,5,,9,9,1,22,8,B03,120.646583,24.134663,2
2022,8,26,15,47,臺中市,北屯區,0,1,0,8,1,5,50,4,1,1,5,4,5,7,1,1,1,4,4,2,16,6,3,10,1,1,B03,7,6,1,8,2,5,,6,6,1,22,8,B03,120.670738,24.200751,2
2022,8,26,15,48,臺中市,大雅區,0,2,0,8,1,5,30,4,1,1,5,4,5,7,3,1,10,5,5,1,15,6,3,10,1,1,B12,7,9,1,8,2,1,,6,6,1,21,8,B12,120.638051,24.224096,2
2022,8,26,15,56,臺中市,南屯區,0,0,0,,,,50,,,,,,,,,,,,,,,16,,,,,B12,,,1,,2,,,16,16,1,22,,B12,120.649891,24.146771,3
2022,8,26,15,59,臺中市,大里區,0,1,0,8,1,5,50,4,1,1,5,4,5,7,1,1,10,5,5,2,16,25,3,10,1,1,C03,7,9,1,10,2,11,,25,25,1,3,8,C03,120.706665,24.095363,2
2022,8,26,15,59,臺中市,霧峰區,0,0,0,8,,,50,,,,,,,,,,,,,,,23,,,,,B03,,,1,,2,,,23,,1,12,,B03,120.700433,24.064155,3
2022,8,26,16,0,臺中市,東區,0,1,0,8,1,5,50,14,7,1,5,4,5,7,4,4,5,4,5,2,13,23,3,10,1,1,B03,7,9,1,8,11,1,,23,23,1,22,8,B03,120.698015,24.147239,2
2022,8,26,16,0,臺中市,南屯區,0,0,0,8,,,50,,,,,,,,,,,,,,,43,,,,,B03,,,1,,2,,,43,43,1,22,,B03,120.639785,24.117592,3
2022,8,26,16,1,臺中市,烏日區,0,1,0,8,1,5,50,4,1,1,5,4,5,7,2,1,10,5,5,2,16,9,3,10,1,1,B12,7,6,1,8,2,2,,9,9,1,21,8,B12,120.624476,24.104174,2
2022,8,26,16,2,臺中市,西屯區,0,0,0,8,,,40,,,,,,,,,,,,,,,19,,,,,B03,,,1,,1,,,19,,1,22,,B03,120.658658,24.192058,3
2022,8,26,16,3,臺中市,神岡區,0,0,0,8,,,50,,,,,,,,,,,,,,,42,,,,,B03,,,1,,1,,,42,,1,22,,B03,120.68241,24.243354,3
2022,8,26,16,4,臺中市,大里區,0,2,0,8,1,5,40,4,1,1,5,4,5,7,4,4,10,5,5,2,16,6,2,7,1,1,C03,7,9,1,10,2,12,,6,6,1,3,8,C03,120.694442,24.079438,2
2022,8,26,16,5,臺中市,神岡區,0,0,0,8,,,50,,,,,,,,,,,,,,,10,,,,,B03,,,1,,2,,,10,10,1,22,,B03,120.692965,24.248425,3
2022,8,26,16,10,臺中市,石岡區,0,0,0,8,,,70,,,,,,,,,,,,,,,7,,,,,B03,,,1,,2,,,7,,1,10,,B03,120.808398,24.26511,3
2022,8,26,16,10,臺中市,豐原區,0,0,0,8,,,50,,,,,,,,,,,,,,,12,,,,,B12,,,1,,2,,,12,,1,22,,B12,120.723099,24.245833,3
2022,8,26,16,11,臺中市,北屯區,0,2,0,8,1,5,40,14,8,1,5,4,5,7,4,4,1,4,1,2,12,7,3,10,3,4,B03,7,10,1,8,2,5,,7,7,1,21,8,B03,120.732963,24.161254,2
2022,8,26,16,14,臺中市,西屯區,0,0,0,8,,,50,,,,,,,,,,,,,,,12,,,,,B03,,,1,,1,,,12,,1,12,,B03,120.613358,24.173131,3
2022,8,26,16,22,臺中市,北屯區,0,0,0,8,,,50,,,,,,,,,,,,,,,7,,,,,B03,,,1,,1,,,7,,1,21,,B03,120.676573,24.186421,3
2022,8,26,16,25,臺中市,西屯區,0,0,0,8,,,40,,,,,,,,,,,,,,,12,,,,,B03,,,1,,1,,,12,,1,4,,B03,120.64691,24.182038,3
2022,8,26,16,37,臺中市,霧峰區,0,1,0,8,1,5,60,3,1,1,5,4,5,7,1,1,1,4,4,1,17,6,3,10,3,4,B03,7,6,1,8,2,6,,6,6,1,12,8,B03,120.691926,24.042729,2
2022,8,26,16,40,臺中市,西區,0,2,0,8,1,5,50,4,1,1,5,4,5,7,4,4,10,5,5,2,15,6,2,9,1,1,C03,7,9,1,10,2,11,,6,6,1,5,5,C03,120.667576,24.14864,2
2022,8,26,16,40,臺中市,太平區,0,0,0,8,,,30,,,,,,,,,,,,,,,23,,,,,B03,,,1,,2,,,23,,1,22,,B03,120.716825,24.149941,3
2022,8,26,16,40,臺中市,清水區,0,0,0,8,,,50,,,,,,,,,,,,,,,23,,,,,C03,,,1,,2,,,23,,1,22,,C03,120.575486,24.27874,3
2022,8,26,16,40,臺中市,沙鹿區,0,1,0,8,1,5,50,3,1,1,5,4,5,7,1,1,10,5,5,2,17,42,3,10,1,1,C03,7,9,1,10,2,14,,42,42,1,21,8,C03,120.564503,24.238547,2
2022,8,26,16,42,臺中市,西屯區,0,0,0,8,,,50,,,,,,,,,,,,,,,19,,,,,B03,,,1,,1,,,19,,1,22,,B03,120.645191,24.162759,3
2022,8,26,16,46,臺中市,太平區,0,1,0,8,1,5,50,5,1,1,5,4,5,7,1,1,10,5,5,2,16,6,2,9,1,1,C04,7,5,1,10,2,14,12,6,6,1,22,5,C04,120.734194,24.148344,2
2022,8,26,16,48,臺中市,沙鹿區,0,2,0,8,1,5,50,4,1,1,5,4,5,7,1,1,10,5,5,2,15,25,2,9,1,1,C03,7,9,3,18,2,12,,25,25,1,5,5,C03,120.580001,24.215053,2
2022,8,26,17,0,臺中市,南屯區,0,0,0,8,,,30,,,,,,,,,,,,,,,12,,,,,B11,,,1,,2,,,12,,1,22,,B11,120.624865,24.142375,3
2022,8,26,17,7,臺中市,大里區,0,0,0,8,,,30,,,,,,,,,,,,,,,1,,,,,B03,,,1,,2,,,1,,1,22,,B03,120.6848,24.095555,3
2022,8,26,17,11,臺中市,大里區,0,0,0,8,,,50,,,,,,,,,,,,,,,23,,,,,C03,,,1,,2,,,23,,1,5,,C03,120.6803,24.100037,3
2022,8,26,17,13,臺中市,神岡區,0,0,0,8,,,50,,,,,,,,,,,,,,,16,,,,,B03,,,1,,2,,,16,,1,22,,B03,120.697982,24.248888,3
2022,8,26,17,16,臺中市,西區,0,0,0,8,,,50,,,,,,,,,,,,,,,43,,,,,C03,,,1,,10,,,44,43,1,21,,C03,120.660832,24.155956,3
2022,8,26,17,16,臺中市,北區,0,1,0,8,1,5,50,14,9,1,5,4,5,7,4,4,9,5,5,2,17,19,3,10,1,1,C03,7,1,1,10,2,11,,19,19,1,22,9,C03,120.678865,24.153916,2
2022,8,26,17,17,臺中市,大雅區,0,2,0,8,1,5,50,3,1,1,5,4,5,7,1,1,10,5,5,2,17,43,2,8,1,1,C03,7,5,1,10,2,14,,43,43,1,22,8,C03,120.644474,24.229064,2
2022,8,26,17,19,臺中市,豐原區,0,0,0,8,,,60,,,,,,,,,,,,,,,16,,,,,B03,,,1,,2,,,16,16,1,22,,B03,120.711016,24.23707,3
2022,8,26,17,20,臺中市,烏日區,0,0,0,,,,50,,,,,,,,,,,,,,,8,,,,,C03,,,1,,2,,,8,,1,21,,C03,120.627237,24.104139,3
2022,8,26,17,23,臺中市,沙鹿區,0,0,0,8,,,50,,,,,,,,,,,,,,,23,,,,,C03,,,1,,2,,,23,,1,21,,C03,120.563982,24.241925,3
2022,8,26,17,25,臺中市,梧棲區,0,0,0,8,,,50,,,,,,,,,,,,,,,23,,,,,B12,,,1,,1,,,23,,1,20,,B12,120.525854,24.224621,3
2022,8,26,17,27,臺中市,東區,0,1,0,8,1,5,50,14,9,1,5,4,5,7,4,4,9,5,5,2,12,16,2,9,1,1,C03,7,9,1,10,2,11,,16,16,1,5,1,C03,120.697876,24.146204,2
2022,8,26,17,30,臺中市,西區,0,0,0,8,,,50,,,,,,,,,,,,,,,67,,,,,,,,,,,,,67,,1,,,,120.660373,24.147606,3
2022,8,26,17,30,臺中市,西屯區,0,1,0,8,1,5,50,14,8,1,5,4,5,7,4,4,5,4,4,2,16,6,3,10,3,4,B03,7,6,1,8,2,5,,6,6,1,22,8,B03,120.645375,24.17209,2
2022,8,26,17,30,臺中市,大甲區,0,1,0,8,1,5,50,4,1,1,5,4,5,7,4,4,10,5,5,2,16,42,3,10,1,1,C03,7,5,2,18,1,14,,42,42,1,16,8,C03,120.62389,24.34537,2
2022,8,26,17,32,臺中市,烏日區,0,0,0,8,,,40,,,,,,,,,,,,,,,10,,,,,B03,,,1,,2,,,10,,1,21,,B03,120.625873,24.10821,3
2022,8,26,17,34,臺中市,南區,0,2,0,8,2,5,50,4,2,1,5,4,5,7,1,1,5,5,5,2,13,23,2,3,1,1,B03,7,9,1,8,2,5,,23,23,1,5,8,B03,120.653495,24.122737,2
2022,8,26,17,34,臺中市,大里區,0,2,0,8,1,5,30,11,9,1,5,4,5,7,4,4,10,5,5,2,17,42,3,10,1,1,B03,7,1,1,7,2,1,,42,42,1,22,8,B03,120.70685,24.106015,2
2022,8,26,17,35,臺中市,大甲區,0,1,0,8,1,5,50,14,9,1,5,4,5,7,4,4,10,5,5,2,18,23,2,9,1,1,C03,7,9,1,10,2,12,,23,23,1,4,1,C03,120.627873,24.360916,2
2022,8,26,17,36,臺中市,豐原區,0,1,0,8,2,5,60,4,1,1,5,4,5,7,1,1,1,3,4,2,12,6,3,10,1,1,B12,7,6,1,8,2,2,,6,6,1,22,8,B12,120.703048,24.251474,2
2022,8,26,17,38,臺中市,太平區,0,0,0,8,,,50,,,,,,,,,,,,,,,42,,,,,B03,,,1,,2,,,42,,1,4,,B03,120.707039,24.161413,3