年,月,日,時,分,縣市,區,死,受傷,2-30,天候,光線,道路類別,速限,道路型態,事故位置,路面鋪裝,路面狀態,路面缺陷,障礙物,視距,號誌種類,號誌動作,分向設施,快車道或一般車道間,快慢車道間,路面邊線,事故類型及型態,主要肇因,受傷程度,主要傷處,保護裝備,行動電話,當事者區分,車輛用途,當事者行動狀態,駕駛資格情形,駕駛執照種類,飲酒情形,車輛撞擊部位最初,車輛撞擊部位其他,肇事因素個別,肇事因素主要,肇事逃逸,職業,旅次目的,車種,GPS緯度,GPS經度,事故類別
2022,8,26,17,42,臺中市,南區,0,0,0,,,,50,,,,,,,,,,,,,,,23,,,,,B03,,,1,,2,,,23,,1,22,,B03,120.683319,24.133788,3
2022,8,26,17,46,臺中市,大里區,0,1,0,8,1,5,50,3,2,1,5,4,5,7,1,1,5,5,4,1,13,23,2,8,1,1,B12,7,9,3,18,2,1,,23,23,1,20,8,B12,120.729377,24.093287,2
2022,8,26,17,49,臺中市,大里區,0,0,0,8,,,40,,,,,,,,,,,,,,,67,,,,,H03,,,8,,10,,,67,,1,3,,H03,120.702241,24.092423,3
2022,8,26,17,50,臺中市,北區,0,0,0,,,,,,,,,,,,,,,,,,,43,,,,,,,,,,,,,43,,1,,,,120.672955,24.166763,3
2022,8,26,17,50,臺中市,西屯區,0,0,0,8,,,40,,,,,,,,,,,,,,,23,,,,,B03,,,1,,1,,,23,,1,12,,B03,120.621856,24.180125,3
2022,8,26,17,51,臺中市,豐原區,0,0,0,8,,,50,,,,,,,,,,,,,,,6,,,,,C03,,,1,,2,,,6,6,1,22,,C03,120.727263,24.245255,3
2022,8,26,17,55,臺中市,西區,0,0,0,,,,50,,,,,,,,,,,,,,,42,,,,,C03,,,1,,1,,,42,,1,5,,C03,120.666041,24.140373,3
2022,8,26,18,0,臺中市,北屯區,0,0,0,8,,,80,,,,,,,,,,,,,,,23,,,,,B03,,,1,,1,,,23,,1,21,,B03,120.71894,24.161909,3
2022,8,26,18,0,臺中市,大里區,0,2,0,8,1,5,30,5,1,1,5,4,5,7,3,1,10,5,5,2,17,6,2,9,3,4,C03,7,9,1,10,2,14,,6,6,1,12,8,C03,120.699653,24.085549,2
2022,8,26,18,2,臺中市,北屯區,0,0,0,8,,,50,,,,,,,,,,,,,,,6,,,,,B01,,,1,,2,,,6,,1,21,,B01,120.7155,24.181301,3
2022,8,26,18,5,臺中市,豐原區,0,1,0,8,2,5,60,4,7,1,5,4,5,7,1,1,1,2,4,1,18,23,2,9,1,1,C03,7,9,1,10,2,15,,23,23,1,22,8,C03,120.720443,24.264191,2
2022,8,26,18,9,臺中市,西區,0,0,0,8,,,40,,,,,,,,,,,,,,,12,,,,,B12,,,1,,1,,,12,,1,5,,B12,120.673381,24.141959,3
2022,8,26,18,16,臺中市,大甲區,0,2,0,8,2,5,50,14,9,1,5,4,5,7,4,4,9,5,5,1,16,23,2,9,1,1,C03,7,9,1,10,2,11,,23,23,1,4,1,C03,120.624753,24.350148,2
2022,8,26,18,20,臺中市,南屯區,0,2,0,8,3,5,50,14,8,1,5,4,5,7,4,4,9,4,4,2,16,10,2,8,1,1,C03,7,11,1,10,2,11,,10,10,1,22,9,C03,120.636944,24.148611,2
2022,8,26,18,23,臺中市,南屯區,0,1,0,8,2,5,50,4,1,1,5,4,5,7,3,1,1,5,5,2,16,16,2,9,1,1,C03,7,9,1,10,2,12,,16,16,1,22,8,C03,120.634157,24.144294,2
2022,8,26,18,28,臺中市,豐原區,0,1,0,8,1,5,50,14,9,1,5,4,5,7,4,4,5,5,5,1,13,23,2,9,1,1,C03,7,9,1,10,2,11,,23,23,1,22,8,C03,120.730753,24.249211,2
2022,8,26,18,29,臺中市,西區,0,0,0,,,,50,,,,,,,,,,,,,,,12,,,,,B03,,,1,,2,,,12,,1,20,,B03,120.661863,24.133353,3
2022,8,26,18,37,臺中市,南屯區,0,1,0,8,3,5,50,4,1,1,5,4,5,7,2,1,5,5,5,2,16,6,2,9,1,1,C03,7,5,1,10,2,11,,6,6,1,22,8,C03,120.653254,24.128742,2
2022,8,26,18,40,臺中市,大雅區,0,0,0,8,,,50,,,,,,,,,,,,,,,6,,,,,,,,,,,,,43,6,1,,,,120.647893,24.219492,3
2022,8,26,18,45,臺中市,烏日區,0,0,0,,,,50,,,,,,,,,,,,,,,10,,,,,B03,,,1,,2,,,10,,1,21,,B03,120.624353,24.103218,3
2022,8,26,18,53,臺中市,南區,0,1,0,8,2,5,50,4,2,1,5,4,5,7,2,1,1,2,4,2,13,23,2,3,1,1,B01,7,9,1,4,2,1,,23,23,1,10,8,B01,120.656736,24.11387,2
2022,8,26,18,55,臺中市,大甲區,0,0,0,,,,40,,,,,,,,,,,,,,,44,,,,,B03,,,1,,1,,,44,,1,22,,B03,120.625893,24.345849,3
2022,8,26,19,0,臺中市,南區,0,1,0,8,3,5,25,4,1,1,5,4,5,7,1,1,10,5,5,2,3,44,3,10,1,1,F03,7,9,8,20,2,16,,44,44,1,22,8,F03,120.679911,24.130243,2
2022,8,26,19,1,臺中市,西屯區,0,2,0,8,1,5,50,14,9,1,5,4,5,7,4,4,9,4,5,2,13,16,2,9,1,1,C03,7,9,1,10,2,11,,16,16,1,12,8,C03,120.655403,24.168734,2
2022,8,26,19,2,臺中市,西屯區,0,0,0,8,,,50,,,,,,,,,,,,,,,7,,,,,B03,,,1,,1,,,7,,1,22,,B03,120.64681,24.171511,3
2022,8,26,19,3,臺中市,太平區,0,0,0,8,,,40,,,,,,,,,,,,,,,12,,,,,B03,,,1,,2,,,12,,1,22,,B03,120.720534,24.153128,3
2022,8,26,19,4,臺中市,南區,0,0,0,,,,50,,,,,,,,,,,,,,,16,,,,,B03,,,1,,2,,,16,,1,22,,B03,120.662444,24.127119,3
2022,8,26,19,5,臺中市,北區,0,2,0,8,3,5,40,4,1,1,5,4,5,7,1,1,10,5,5,2,15,25,2,9,1,1,C03,7,9,3,18,2,12,,25,25,1,22,9,C03,120.666301,24.158814,2
2022,8,26,19,9,臺中市,南區,0,3,0,8,2,5,50,4,1,1,5,4,5,7,1,1,10,5,5,2,13,23,2,9,1,1,C03,7,9,1,10,2,12,,23,23,1,5,8,C03,120.648483,24.122923,2
2022,8,26,19,10,臺中市,北區,0,0,0,8,,,50,,,,,,,,,,,,,,,23,,,,,B03,,,1,,1,,,23,,1,21,,B03,120.685233,24.16188,3
2022,8,26,19,11,臺中市,大里區,0,2,0,8,3,5,50,14,7,1,5,4,5,7,4,4,1,4,4,1,17,19,3,10,1,1,B12,7,1,1,8,2,4,,19,19,1,10,8,B12,120.69753,24.083185,2
2022,8,26,19,11,臺中市,太平區,0,0,0,8,,,50,,,,,,,,,,,,,,,23,,,,,B03,,,1,,2,,,23,,1,22,,B03,120.71447,24.143443,3
2022,8,26,19,13,臺中市,東區,0,1,0,8,3,5,50,5,1,1,5,4,5,7,1,1,9,4,4,2,16,25,2,9,1,1,F01,7,9,8,20,2,16,,25,25,1,4,1,F01,120.689086,24.137148,2
2022,8,26,19,24,臺中市,西屯區,0,0,0,8,,,60,,,,,,,,,,,,,,,7,,,,,B03,,,1,,1,,,7,,1,12,,B03,120.6339,24.17295,3
2022,8,26,19,28,臺中市,北區,0,2,0,8,3,5,50,4,1,1,5,4,5,7,4,4,10,5,5,2,17,6,2,9,1,1,C03,7,9,1,10,2,12,,6,6,1,22,8,C03,120.695064,24.15457,2
2022,8,26,19,40,臺中市,沙鹿區,0,0,0,8,,,50,,,,,,,,,,,,,,,23,,,,,B03,,,1,,2,,,23,,2,20,,B03,120.573055,24.214444,3
2022,8,26,19,46,臺中市,大里區,0,0,0,8,,,30,,,,,,,,,,,,,,,44,,,,,B03,,,1,,2,,,44,,1,12,,B03,120.713378,24.088715,3
2022,8,26,19,47,臺中市,豐原區,0,0,0,8,,,50,,,,,,,,,,,,,,,7,,,,,B03,,,1,,2,,,7,7,1,4,,B03,120.73008,24.257649,3
2022,8,26,19,50,臺中市,南屯區,0,0,0,8,,,30,,,,,,,,,,,,,,,16,,,,,B03,,,3,,1,,,16,,1,22,,B03,120.617499,24.153333,3
2022,8,26,19,55,臺中市,南屯區,0,1,0,8,3,5,50,4,2,1,5,4,5,7,2,1,3,3,5,2,16,10,3,10,1,1,B03,7,11,1,8,2,5,,10,10,1,22,8,B03,120.646073,24.143581,2
2022,8,26,20,23,臺中市,西屯區,0,0,0,8,,,30,,,,,,,,,,,,,,,12,,,,,B03,,,1,,1,,,12,,1,12,,B03,120.646983,24.181796,3
2022,8,26,20,32,臺中市,南屯區,0,1,0,8,3,5,50,4,1,1,5,4,5,7,2,1,5,5,5,2,16,8,3,10,1,1,B12,7,9,1,8,2,5,,44,8,1,22,8,B12,120.615311,24.14798,2
2022,8,26,20,40,臺中市,西屯區,0,0,0,8,,,30,,,,,,,,,,,,,,,23,,,,,B03,,,1,,1,,,23,,1,12,,B03,120.613184,24.166189,3
2022,8,26,20,43,臺中市,東區,0,0,0,,,,50,,,,,,,,,,,,,,,23,,,,,B03,,,3,,2,,,23,,1,22,,B03,120.698294,24.133091,3
2022,8,26,20,44,臺中市,沙鹿區,0,0,0,8,,,25,,,,,,,,,,,,,,,23,,,,,B03,,,1,,2,,,23,,1,21,,B03,120.560225,24.237193,3
2022,8,26,20,50,臺中市,南區,0,1,0,8,3,5,50,4,1,1,5,4,5,7,1,1,10,5,5,2,29,23,2,9,1,1,C03,7,9,1,10,2,12,,23,23,1,22,8,C03,120.66062,24.121918,2
2022,8,26,20,57,臺中市,西屯區,0,0,0,8,,,40,,,,,,,,,,,,,,,23,,,,,C03,,,7,,11,,,23,,1,22,,C03,120.639148,24.159153,3
2022,8,26,21,3,臺中市,東區,0,3,0,8,3,5,50,3,1,1,5,4,5,7,1,1,9,4,4,2,16,8,2,6,1,1,C03,7,5,1,10,2,13,,8,8,1,4,1,C03,120.685978,24.135776,2
2022,8,26,21,8,臺中市,大甲區,0,0,0,8,,,40,,,,,,,,,,,,,,,44,3,10,3,4,B03,7,9,1,8,1,3,,44,44,1,2,1,B03,120.623206,24.347946,3
2022,8,26,21,10,臺中市,烏日區,0,1,0,7,3,5,50,8,9,1,5,4,5,7,4,4,1,2,5,2,12,17,3,10,1,1,B03,7,1,1,8,2,5,,17,17,1,21,8,B03,120.614387,24.1066,2
2022,8,26,21,20,臺中市,大雅區,0,1,0,8,3,5,50,11,8,1,5,4,5,7,4,4,1,4,4,1,16,17,3,10,1,1,B03,7,9,6,18,8,2,,17,17,1,22,9,B03,120.676214,24.215806,2
2022,8,26,21,20,臺中市,北區,0,0,0,,,,50,,,,,,,,,,,,,,,16,,,,,B03,,,1,,11,,,16,,1,22,,B03,120.664208,24.154416,3
2022,8,26,21,24,臺中市,豐原區,0,0,0,8,,,50,,,,,,,,,,,,,,,16,,,,,B03,,,1,,2,,,16,16,1,22,,B03,120.723504,24.252139,3
2022,8,26,21,52,臺中市,東區,0,1,0,8,3,5,50,14,9,1,5,4,5,7,4,4,9,5,5,2,16,10,3,10,1,1,B03,7,11,1,8,2,4,,10,10,1,5,8,B03,120.692917,24.135449,2
2022,8,26,21,58,臺中市,太平區,0,0,0,8,,,50,,,,,,,,,,,,,,,12,,,,,B03,,,1,,2,,,12,,1,4,,B03,120.730967,24.1407,3
2022,8,26,21,59,臺中市,西區,0,1,0,8,3,5,50,14,7,1,5,4,5,7,4,4,10,5,5,2,13,23,2,9,1,1,C03,7,9,1,10,2,11,,23,23,1,4,5,C03,120.669572,24.145683,2
2022,8,26,22,0,臺中市,北屯區,0,2,0,8,3,5,50,4,1,1,5,4,5,7,2,1,10,5,5,2,16,8,2,9,1,1,C03,7,5,1,10,2,14,,8,8,1,21,8,C03,120.673128,24.187178,2
2022,8,26,22,8,臺中市,西區,0,1,0,8,1,5,50,4,1,1,5,4,5,7,2,1,10,5,5,2,16,27,3,10,1,1,B03,7,5,1,8,2,4,,27,27,1,5,5,B03,120.673186,24.140944,2
2022,8,26,22,17,臺中市,霧峰區,0,0,0,8,,,40,,,,,,,,,,,,,,,26,,,,,B03,,,1,,2,,,26,,1,12,,B03,120.663133,24.061936,3
2022,8,26,22,18,臺中市,太平區,0,0,0,6,,,40,,,,,,,,,,,,,,,12,,,,,B03,,,1,,9,,,12,,1,22,,B03,120.732077,24.139038,3
2022,8,26,22,19,臺中市,大肚區,0,1,0,8,3,5,70,4,13,1,5,4,5,7,1,1,1,4,4,1,13,23,2,9,1,1,C03,7,9,1,10,2,11,,23,23,1,22,8,C03,120.586861,24.113414,2
2022,8,26,22,57,臺中市,霧峰區,0,1,0,8,4,5,30,3,9,1,5,4,5,7,4,4,9,5,5,1,18,23,2,9,1,1,F03,7,9,8,20,8,16,,23,23,1,3,8,F03,120.66134,24.073548,2
2022,8,26,23,21,臺中市,北屯區,0,1,0,8,3,5,30,4,2,1,5,4,1,7,1,1,10,5,5,2,17,43,2,8,3,4,C03,7,5,6,10,9,14,,43,43,2,21,8,C03,120.676136,24.200773,2
2022,8,27,0,28,臺中市,西屯區,0,0,0,8,,,50,,,,,,,,,,,,,,,23,,,,,B03,,,1,,1,,,23,,1,4,,B03,120.62466,24.20687,3
2022,8,27,0,38,臺中市,北屯區,0,0,0,8,,,50,,,,,,,,,,,,,,,10,,,,,B03,,,6,,2,,,10,,1,5,,B03,120.68608,24.18038,3
2022,8,27,1,21,臺中市,豐原區,0,0,0,8,3,5,30,3,2,1,5,4,5,7,4,4,10,5,5,2,17,17,3,10,1,1,B03,7,6,6,18,11,1,,17,17,1,4,5,B03,120.726294,24.261847,3
2022,8,27,4,10,臺中市,北區,0,0,0,,,,30,,,,,,,,,,,,,,,17,,,,,B01,,,1,,11,,,17,,1,10,,B01,120.69401,24.153673,3
2022,8,27,4,19,臺中市,西區,0,1,0,8,3,5,50,14,9,1,5,4,5,7,4,4,10,5,5,2,18,42,2,9,1,1,C03,7,9,1,10,2,11,,42,42,1,4,5,C03,120.658709,24.158783,2
2022,8,27,5,8,臺中市,太平區,0,0,0,8,,,50,,,,,,,,,,,,,,,23,,,,,B03,,,1,,1,,,23,,1,22,,B03,120.713508,24.124975,3
2022,8,27,5,33,臺中市,大甲區,0,1,0,8,1,5,40,8,8,1,5,4,5,7,4,4,1,4,4,1,18,42,2,9,1,1,C03,7,9,1,10,2,12,,42,42,1,21,8,C03,120.64833,24.405458,2
2022,8,27,6,46,臺中市,太平區,0,0,0,8,,,50,,,,,,,,,,,,,,,42,,,,,B03,,,1,,2,,,42,,1,22,,B03,120.718085,24.106214,3
2022,8,27,6,50,臺中市,大里區,0,0,0,8,,,50,,,,,,,,,,,,,,,23,,,,,B01,,,1,,2,,,23,,1,5,,B01,120.683348,24.092188,3
2022,8,27,6,53,臺中市,神岡區,0,1,0,8,1,5,50,14,9,1,5,4,5,7,4,4,1,4,5,1,17,16,2,9,1,1,C03,7,9,1,10,2,11,,16,16,1,12,8,C03,120.698188,24.248922,2
2022,8,27,6,55,臺中市,北屯區,0,1,0,8,1,5,50,4,18,1,5,4,5,7,1,1,10,5,5,2,3,15,3,10,3,4,B03,7,5,1,8,2,1,,15,15,1,21,8,B03,120.693376,24.174836,2
2022,8,27,6,56,臺中市,烏日區,0,1,0,8,1,5,70,3,1,1,5,4,5,7,2,1,1,4,4,1,12,9,3,10,1,1,A11,7,6,1,1,2,2,,9,9,1,21,8,A11,120.598278,24.1113,2
2022,8,27,7,22,臺中市,清水區,0,1,0,8,2,5,50,14,9,1,5,4,5,7,4,4,5,5,5,1,12,6,3,10,1,1,B03,7,6,1,8,2,5,,6,6,1,5,1,B03,120.575279,24.280392,2
2022,8,27,7,29,臺中市,南屯區,0,1,0,8,1,5,50,14,9,1,5,4,5,7,4,4,5,5,5,2,17,44,3,10,1,1,B12,7,14,1,8,2,2,,44,44,1,22,8,B12,120.611796,24.137187,2
2022,8,27,7,32,臺中市,烏日區,0,1,0,8,1,5,30,13,9,1,5,4,5,7,4,4,10,5,5,2,14,12,3,10,1,1,B12,7,2,1,7,2,3,,12,12,1,10,8,B12,120.643594,24.087747,2
2022,8,27,7,37,臺中市,北屯區,0,2,0,8,1,5,50,3,1,1,5,4,5,7,4,4,9,5,5,2,16,1,2,9,1,1,C03,7,4,1,10,2,11,,1,1,1,21,8,C03,120.670519,24.174754,2
2022,8,27,7,39,臺中市,沙鹿區,0,0,0,8,,,60,,,,,,,,,,,,,,,23,,,,,B12,,,6,,2,,,23,,1,9,,B12,120.598151,24.250127,3
2022,8,27,7,54,臺中市,清水區,0,2,0,8,1,5,50,4,1,1,5,4,5,7,4,4,5,5,5,1,16,6,3,10,1,1,B12,7,6,1,8,7,5,,6,6,1,21,8,B12,120.548707,24.274888,2
2022,8,27,7,54,臺中市,豐原區,0,0,0,8,1,5,50,14,7,1,5,4,5,7,4,4,9,5,4,2,17,21,3,10,1,1,B03,7,9,1,8,2,1,,21,21,1,22,8,B03,120.72242,24.250232,3
2022,8,27,8,20,臺中市,大里區,0,0,0,8,,,30,,,,,,,,,,,,,,,23,,,,,B12,,,1,,2,,,23,,1,21,,B12,120.699594,24.106555,3
2022,8,27,8,20,臺中市,烏日區,0,2,0,8,1,5,50,4,1,1,5,4,5,7,4,4,5,4,4,2,16,6,2,9,1,1,C03,7,5,1,10,2,11,,6,6,1,21,8,C03,120.625423,24.108278,2
2022,8,27,8,24,臺中市,霧峰區,0,0,0,8,,,40,,,,,,,,,,,,,,,23,,,,,C03,,,1,,2,,,23,,1,22,,C03,120.702638,24.070024,3
2022,8,27,8,27,臺中市,西屯區,0,1,0,8,1,5,40,3,2,1,5,4,5,7,3,1,4,3,4,2,13,16,2,9,1,1,C03,7,9,1,10,2,11,,16,16,1,22,8,C03,120.633448,24.16989,2
2022,8,27,8,35,臺中市,霧峰區,0,0,0,8,,,30,,,,,,,,,,,,,,,17,,,,,B03,,,1,,2,,,17,,1,22,,B03,120.660798,24.035191,3
2022,8,27,8,35,臺中市,太平區,0,0,0,8,,,50,,,,,,,,,,,,,,,6,,,,,C03,,,1,,1,,,6,,1,4,,C03,120.721191,24.121811,3
2022,8,27,8,48,臺中市,北屯區,0,1,0,8,1,5,50,4,1,1,5,4,5,7,1,1,10,5,5,2,13,16,2,9,1,1,C03,7,9,1,10,2,11,,16,16,1,5,8,C03,120.68153,24.171856,2
2022,8,27,8,48,臺中市,西屯區,0,1,0,8,1,5,35,14,9,1,5,4,5,7,4,4,10,5,5,2,18,23,2,9,1,1,C03,7,9,1,10,2,14,,23,23,1,4,9,C03,120.629126,24.172399,2
2022,8,27,8,53,臺中市,霧峰區,0,1,0,8,1,5,30,3,1,1,5,4,5,7,4,4,10,5,5,2,17,6,3,10,3,4,B03,7,5,1,10,2,5,,6,6,1,21,5,B03,120.664776,24.056301,2
2022,8,27,8,54,臺中市,北區,0,0,0,8,,,50,,,,,,,,,,,,,,,16,,,,,C03,,,1,,2,,,16,,1,22,,C03,120.677067,24.153095,3
2022,8,27,9,0,臺中市,北屯區,0,2,0,8,1,5,30,3,1,1,5,4,5,7,4,4,5,5,4,2,16,4,2,9,1,1,C03,7,5,1,10,2,11,,4,4,1,22,8,C03,120.698366,24.169761,2
2022,8,27,9,5,臺中市,太平區,0,0,0,8,,,50,,,,,,,,,,,,,,,23,,,,,B03,,,1,,1,,,23,,1,22,,B03,120.71653,24.159022,3
2022,8,27,9,8,臺中市,西屯區,0,0,0,8,,,40,,,,,,,,,,,,,,,12,,,,,B03,,,1,,2,,,12,,1,22,,B03,120.639208,24.183036,3
2022,8,27,9,12,臺中市,大甲區,0,1,0,8,1,5,50,4,2,1,5,4,5,7,4,4,5,5,5,1,17,7,2,9,1,1,C03,7,7,4,8,2,13,,7,7,1,19,8,C03,120.621496,24.352473,2
2022,8,27,9,16,臺中市,霧峰區,0,0,0,8,,,60,,,,,,,,,,,,,,,19,,,,,B03,,,1,,2,,,19,,1,22,,B03,120.696313,24.0536,3
2022,8,27,9,17,臺中市,南區,0,0,0,8,,,1,,,,,,,,,,,,,,,12,,,,,B03,,,1,6,2,,,12,12,1,21,,B03,120.677842,24.126698,3
2022,8,27,9,18,臺中市,太平區,0,0,0,,,,50,,,,,,,,,,,,,,,12,,,,,B03,,,1,,2,,,12,,1,4,,B03,120.723568,24.155646,3
2022,8,27,9,20,臺中市,清水區,0,0,0,8,,,60,,,,,,,,,,,,,,,23,,,,,B03,,,1,,2,,,23,,1,21,,B03,120.553713,24.294224,3
2022,8,27,9,27,臺中市,東區,0,0,0,,,,50,,,,,,,,,,,,,,,23,,,,,B03,,,3,,2,,,23,,1,22,,B03,120.69853,24.132803,3
2022,8,27,9,29,臺中市,西屯區,0,1,0,8,1,5,30,3,1,1,5,4,5,7,4,4,10,5,5,2,1,23,3,10,1,1,B03,7,6,1,8,1,2,,23,23,1,4,8,B03,120.618269,24.178907,2
2022,8,27,9,30,臺中市,東區,0,1,0,8,1,5,50,14,9,1,5,4,5,7,4,4,5,5,5,2,18,23,2,9,1,1,C03,7,9,1,10,2,12,,23,23,1,5,8,C03,120.698026,24.13763,2
2022,8,27,9,30,臺中市,烏日區,0,3,0,8,1,5,30,3,1,1,5,4,5,7,4,4,5,4,5,1,16,6,2,9,1,1,C03,7,5,1,10,2,14,,6,6,1,21,8,C03,120.637243,24.104322,2
2022,8,27,9,31,臺中市,烏日區,0,1,0,8,1,5,50,4,1,1,5,4,5,7,4,4,10,5,5,2,16,9,3,10,1,1,B03,7,6,1,8,2,2,,9,9,1,21,8,B03,120.622165,24.103031,2
2022,8,27,9,38,臺中市,大里區,0,2,0,8,1,5,50,14,9,1,5,4,5,7,1,1,5,5,5,1,16,25,2,9,1,1,F01,7,9,8,20,2,16,,25,25,1,22,8,F01,120.686141,24.110383,2
2022,8,27,9,40,臺中市,潭子區,0,0,0,8,,,50,,,,,,,,,,,,,,,6,,,,,C03,,,1,,2,,,6,,1,22,,C03,120.709559,24.214037,3
2022,8,27,9,45,臺中市,豐原區,0,1,0,8,1,5,30,4,1,1,5,4,5,7,4,4,10,5,5,2,15,6,2,9,1,1,C03,7,9,1,10,2,14,,6,6,1,20,8,C03,120.745257,24.265494,2
2022,8,27,9,51,臺中市,大里區,0,0,0,8,,,30,,,,,,,,,,,,,,,6,,,,,C03,,,1,,2,,,6,,1,22,,C03,120.68878,24.111473,3
2022,8,27,9,51,臺中市,龍井區,0,1,0,8,1,5,60,4,1,1,5,4,5,7,2,1,1,4,1,1,17,9,3,10,1,1,B03,7,6,1,8,2,2,,9,9,1,22,8,B03,120.585245,24.186296,2
2022,8,27,9,52,臺中市,北屯區,0,0,0,8,,,40,,,,,,,,,,,,,,,23,,,,,B03,,,1,,1,,,23,,1,21,,B03,120.667947,24.201168,3
2022,8,27,9,58,臺中市,西屯區,0,1,0,8,1,5,50,4,1,1,5,4,5,7,1,1,10,5,5,2,16,6,3,10,1,1,B03,7,5,1,8,1,6,,6,6,1,4,8,B03,120.645766,24.170114,2
2022,8,27,10,1,臺中市,潭子區,0,0,0,8,,,50,,,,,,,,,,,,,,,26,,,,,C03,,,6,,2,,,26,,1,22,,C03,120.723128,24.214906,3
2022,8,27,10,3,臺中市,龍井區,0,1,0,8,1,5,30,4,1,1,5,4,5,7,3,1,10,5,5,2,15,6,2,8,1,1,C03,7,9,2,18,1,11,,6,6,1,2,1,C03,120.538924,24.193184,2
2022,8,27,10,3,臺中市,清水區,0,1,0,8,1,5,50,14,7,1,5,4,5,7,1,1,1,2,4,2,13,16,2,9,1,1,C03,7,9,1,10,2,11,,16,16,1,5,8,C03,120.576631,24.272608,2
2022,8,27,10,8,臺中市,太平區,0,0,0,8,,,50,,,,,,,,,,,,,,,6,,,,,B03,,,6,,2,,,6,,1,20,,B03,120.714235,24.143449,3
2022,8,27,10,10,臺中市,南區,0,0,0,,,,30,,,,,,,,,,,,,,,43,,,,,B03,,,1,,11,,,43,,1,22,,B03,120.670958,24.113109,3
2022,8,27,10,10,臺中市,烏日區,0,0,0,8,,,30,,,,,,,,,,,,,,,42,,,,,B03,,,1,,2,,,44,42,1,22,,B03,120.58943,24.123363,3
2022,8,27,10,12,臺中市,南屯區,0,1,0,8,1,5,50,3,1,1,5,4,5,7,4,4,3,4,5,2,16,7,3,10,1,1,B03,7,7,1,8,2,8,,7,7,1,22,8,B03,120.624147,24.149373,2
2022,8,27,10,12,臺中市,梧棲區,0,1,0,8,1,5,50,14,9,1,5,4,5,7,4,4,5,4,5,1,16,26,2,8,2,1,F01,7,5,8,20,2,16,,26,26,1,20,8,F01,120.527697,24.254835,2
2022,8,27,10,14,臺中市,北屯區,0,0,0,8,,,50,,,,,,,,,,,,,,,23,,,,,B02,,,1,,1,,,23,,1,21,,B02,120.746735,24.178276,3
2022,8,27,10,18,臺中市,梧棲區,0,0,0,8,,,50,,,,,,,,,,,,,,,19,,,,,B03,,,1,,1,,,19,,1,21,,B03,120.542873,24.259203,3
2022,8,27,10,19,臺中市,北屯區,0,0,0,8,,,50,,,,,,,,,,,,,,,23,,,,,B03,,,1,,2,,,23,,1,21,,B03,120.718731,24.172145,3
2022,8,27,10,26,臺中市,西屯區,0,1,0,8,1,5,30,11,9,1,5,4,5,7,4,4,10,5,5,2,12,42,2,1,1,1,B03,7,9,1,8,2,5,,42,42,1,22,8,B03,120.656455,24.167215,2
2022,8,27,10,26,臺中市,豐原區,0,1,0,8,1,5,50,4,2,1,5,4,5,7,1,1,10,5,4,2,17,42,3,10,1,1,B03,7,9,1,8,2,2,,42,42,1,22,8,B03,120.725719,24.246084,2
2022,8,27,10,28,臺中市,東區,0,1,0,8,1,5,50,14,8,1,5,4,5,7,4,4,1,2,4,2,14,12,3,10,1,1,B03,7,2,1,8,2,7,,12,12,1,5,8,B03,120.690475,24.127497,2
2022,8,27,10,28,臺中市,太平區,0,0,0,8,,,30,,,,,,,,,,,,,,,6,,,,,C03,,,1,,1,,,6,,1,4,,C03,120.719591,24.118912,3
2022,8,27,10,30,臺中市,北區,0,1,0,8,1,5,50,4,1,1,5,4,5,7,1,1,10,5,5,2,16,6,3,10,1,1,B03,7,5,1,8,2,1,,6,6,1,22,8,B03,120.685725,24.155948,2
2022,8,27,10,30,臺中市,清水區,0,0,0,8,,,30,,,,,,,,,,,,,,,12,,,,,B03,,,1,,2,,,12,12,1,21,,B03,120.568506,24.266048,3
2022,8,27,10,40,臺中市,太平區,0,0,0,8,,,50,,,,,,,,,,,,,,,23,,,,,B03,,,1,,1,,,23,,1,22,,B03,120.71073,24.13502,3
2022,8,27,10,44,臺中市,西區,0,0,0,8,,,40,,,,,,,,,,,,,,,23,,,,,B03,,,1,,2,,,23,,1,21,,B03,120.657429,24.153023,3
2022,8,27,10,48,臺中市,大里區,0,0,0,8,,,50,,,,,,,,,,,,,,,42,,,,,B03,,,1,,2,,,42,,1,22,,B03,120.679716,24.102836,3
2022,8,27,10,49,臺中市,大里區,0,3,0,8,1,5,50,5,1,1,5,4,5,7,1,1,10,5,5,2,17,23,2,9,1,1,C03,7,9,1,10,2,11,,23,23,1,22,1,C03,120.68983,24.113096,2
2022,8,27,10,50,臺中市,南區,0,3,0,8,1,5,50,14,8,1,5,4,5,7,4,4,3,4,4,2,13,23,2,9,1,1,C03,7,9,1,10,2,12,,23,23,1,22,9,C03,120.6789,24.119206,2
2022,8,27,10,50,臺中市,沙鹿區,0,0,0,8,,,50,,,,,,,,,,,,,,,23,,,,,B03,,,1,,2,,,23,,1,21,,B03,120.573571,24.227812,3