年,月,日,時,分,縣市,區,死,受傷,2-30,天候,光線,道路類別,速限,道路型態,事故位置,路面鋪裝,路面狀態,路面缺陷,障礙物,視距,號誌種類,號誌動作,分向設施,快車道或一般車道間,快慢車道間,路面邊線,事故類型及型態,主要肇因,受傷程度,主要傷處,保護裝備,行動電話,當事者區分,車輛用途,當事者行動狀態,駕駛資格情形,駕駛執照種類,飲酒情形,車輛撞擊部位最初,車輛撞擊部位其他,肇事因素個別,肇事因素主要,肇事逃逸,職業,旅次目的,車種,GPS緯度,GPS經度,事故類別
2022,8,27,10,50,臺中市,豐原區,0,1,0,8,1,5,50,4,2,1,5,4,5,7,1,1,8,3,5,1,17,25,2,9,3,4,C03,7,9,1,10,2,11,,25,25,1,22,8,C03,120.727286,24.252494,2
2022,8,27,10,51,臺中市,沙鹿區,0,0,0,8,,,50,,,,,,,,,,,,,,,10,,,,,B03,,,1,,2,,,10,,1,18,,B03,120.562395,24.233576,3
2022,8,27,10,53,臺中市,清水區,0,1,0,8,1,5,50,14,9,1,5,4,5,7,3,1,5,5,5,2,15,6,3,10,1,1,B03,7,9,1,7,2,2,,6,6,1,5,8,B03,120.579082,24.270822,2
2022,8,27,10,54,臺中市,北屯區,0,0,0,8,,,50,,,,,,,,,,,,,,,7,,,,,B03,,,1,,1,,,7,,1,22,,B03,120.684084,24.172353,3
2022,8,27,10,55,臺中市,沙鹿區,0,1,0,8,1,5,50,4,1,1,5,4,5,7,4,4,10,5,5,2,17,42,2,9,1,1,C03,7,21,1,10,2,13,,42,42,1,21,8,C03,120.558464,24.236745,2
2022,8,27,10,56,臺中市,新社區,0,1,0,8,1,5,50,3,1,1,5,4,5,7,4,4,10,5,5,2,17,6,3,10,1,1,B12,7,5,1,8,2,15,,6,6,1,22,8,B12,120.834875,24.169891,2
2022,8,27,10,58,臺中市,北屯區,0,0,0,8,,,30,,,,,,,,,,,,,,,23,,,,,C03,,,1,,2,,,23,23,1,21,,C03,120.674625,24.177833,3
2022,8,27,10,59,臺中市,太平區,0,0,0,8,,,30,,,,,,,,,,,,,,,23,,,,,B03,,,1,,2,,,23,,1,20,,B03,120.716018,24.125972,3
2022,8,27,11,0,臺中市,南區,0,1,0,8,1,5,50,4,1,1,5,4,3,7,1,1,10,5,5,2,17,19,3,10,1,1,B03,7,1,1,8,2,8,,19,19,1,22,8,B03,120.655457,24.115199,2
2022,8,27,11,0,臺中市,西屯區,0,1,0,8,1,5,50,4,1,1,5,4,5,7,1,1,10,5,5,2,16,6,3,10,1,1,B03,7,6,1,8,2,4,,6,6,1,4,8,B03,120.642744,24.158957,2
2022,8,27,11,2,臺中市,東區,0,1,0,8,1,5,50,3,1,1,5,4,5,7,4,4,10,5,5,2,12,43,3,10,1,1,B03,7,9,1,8,2,7,,43,43,1,5,8,B03,120.68682,24.143052,2
2022,8,27,11,6,臺中市,東區,0,0,0,8,,,50,,,,,,,,,,,,,,,16,,,,,B03,,,6,18,2,,,16,16,1,21,,B03,120.708502,24.14925,3
2022,8,27,11,7,臺中市,沙鹿區,0,0,0,8,,,50,,,,,,,,,,,,,,,26,,,,,B03,,,1,,2,,,26,,1,20,,B03,120.562839,24.243683,3
2022,8,27,11,9,臺中市,南區,0,2,0,8,1,5,50,14,7,1,5,4,5,7,4,4,5,5,4,2,3,51,2,9,4,5,H01,8,16,8,20,10,16,,51,51,1,5,8,H01,120.653305,24.114062,2
2022,8,27,11,13,臺中市,西區,0,0,0,,,,50,,,,,,,,,,,,,,,23,,,,,B03,,,1,,1,,,23,,1,5,,B03,120.657348,24.13381,3
2022,8,27,11,16,臺中市,西屯區,0,0,0,8,,,50,,,,,,,,,,,,,,,43,,,,,B03,,,1,,1,,,43,43,1,22,,B03,120.659666,24.201164,3
2022,8,27,11,19,臺中市,北屯區,0,1,0,8,1,5,50,14,9,1,5,4,5,7,4,4,5,5,5,2,12,19,2,9,1,1,C03,7,1,1,10,2,14,,19,19,1,5,8,C03,120.667895,24.174441,2
2022,8,27,11,25,臺中市,霧峰區,0,2,0,8,1,5,50,4,1,1,5,4,5,7,4,4,10,5,5,2,17,26,2,9,1,1,C03,7,9,1,10,2,12,,26,26,1,21,5,C03,120.696874,24.06274,2
2022,8,27,11,30,臺中市,西屯區,0,0,0,8,,,50,,,,,,,,,,,,,,,43,,,,,B03,,,1,,9,,,43,,1,22,,B03,120.666461,24.170814,3
2022,8,27,11,31,臺中市,大里區,0,1,0,8,1,5,50,3,1,1,5,4,5,7,4,4,10,5,5,2,16,23,2,9,1,1,C03,7,9,1,10,2,11,,23,23,1,22,5,C03,120.690497,24.101744,2
2022,8,27,11,31,臺中市,太平區,0,0,0,8,1,5,50,4,1,1,5,4,5,7,1,1,10,5,5,2,16,23,,,,,B12,,,1,,2,,,23,,1,22,,B12,120.7124,24.141099,3
2022,8,27,11,35,臺中市,南屯區,0,1,0,8,1,5,50,4,1,1,5,4,5,7,4,4,10,5,5,2,17,7,3,10,1,1,B03,7,8,1,8,2,2,,7,7,1,22,8,B03,120.636965,24.134268,2
2022,8,27,11,39,臺中市,中區,0,0,0,8,1,5,50,13,9,1,5,4,5,7,4,4,10,5,5,2,14,12,,,,,B03,,,1,,2,,,12,,1,5,,B03,120.679045,24.146352,3
2022,8,27,11,42,臺中市,南區,0,0,0,,,,50,,,,,,,,,,,,,,,23,,,,,B03,,,1,,2,,,23,,1,22,,B03,120.669951,24.120801,3
2022,8,27,12,1,臺中市,梧棲區,0,0,0,8,,,50,,,,,,,,,,,,,,,12,,,,,B03,,,1,,1,,,12,,1,19,,B03,120.540229,24.254229,3
2022,8,27,12,4,臺中市,東區,0,1,0,8,1,5,50,4,1,1,5,4,5,7,4,4,10,5,5,2,15,6,2,9,1,1,C03,7,9,1,10,2,12,,6,6,1,5,8,C03,120.687552,24.142249,2
2022,8,27,12,4,臺中市,東勢區,0,1,0,8,1,5,40,14,9,1,5,4,5,7,4,4,5,5,5,1,17,23,3,10,1,1,B03,7,4,1,8,2,2,,23,23,1,22,8,B03,120.839694,24.198973,2
2022,8,27,12,10,臺中市,太平區,0,0,0,8,,,50,,,,,,,,,,,,,,,6,,,,,B03,,,1,,2,,,6,,1,22,,B03,120.726872,24.153892,3
2022,8,27,12,17,臺中市,豐原區,0,0,0,8,,,50,,,,,,,,,,,,,,,12,,,,,B03,,,1,,2,,,12,,1,21,,B03,120.736395,24.25111,3
2022,8,27,12,20,臺中市,沙鹿區,0,2,0,8,1,5,50,3,1,1,5,4,5,7,4,4,10,5,5,2,17,6,3,10,1,1,B03,7,5,1,8,2,1,,6,6,1,21,8,B03,120.555241,24.228269,2
2022,8,27,12,31,臺中市,西屯區,0,1,0,8,1,5,50,4,1,1,5,4,5,7,3,1,10,5,5,2,18,42,2,9,1,1,C03,7,9,1,10,2,14,,42,42,1,22,8,C03,120.640391,24.183671,2
2022,8,27,12,36,臺中市,西區,0,0,0,8,,,50,,,,,,,,,,,,,,,6,,,,,B12,,,1,,1,,,6,,1,5,,B12,120.680757,24.135747,3
2022,8,27,12,36,臺中市,西屯區,0,2,0,8,1,5,50,4,1,1,5,4,5,7,2,1,10,5,5,2,13,25,3,10,1,1,B02,7,9,1,8,2,2,,25,25,1,22,8,B02,120.643762,24.165843,2
2022,8,27,12,36,臺中市,太平區,0,1,0,8,1,5,50,5,1,1,5,4,5,7,1,1,5,5,5,1,16,6,3,10,1,1,B03,7,5,1,8,2,5,,6,6,1,21,8,B03,120.718163,24.125702,2
2022,8,27,12,40,臺中市,大肚區,0,2,0,8,1,5,50,14,9,1,5,4,5,7,4,4,5,4,5,1,16,10,2,9,1,1,C03,7,11,1,10,2,14,,10,10,1,19,8,C03,120.544954,24.152768,2
2022,8,27,12,50,臺中市,石岡區,0,0,0,8,,,70,,,,,,,,,,,,,,,16,,,,,B03,,,1,,2,,,16,16,1,22,,B03,120.780548,24.27434,3
2022,8,27,13,3,臺中市,潭子區,0,0,0,8,,,60,,,,,,,,,,,,,,,23,,,,,B03,,,1,,2,,,23,,1,22,,B03,120.686781,24.211853,3
2022,8,27,13,10,臺中市,大里區,0,1,0,8,1,5,50,14,9,1,5,4,5,7,1,1,3,4,4,1,17,6,3,10,1,1,B03,7,5,1,8,2,1,,6,6,1,22,8,B03,120.681936,24.102701,2
2022,8,27,13,19,臺中市,北屯區,0,0,0,8,,,50,,,,,,,,,,,,,,,23,,,,,B03,,,1,,1,,,23,,1,21,,B03,120.67059,24.199281,3
2022,8,27,13,20,臺中市,西區,0,0,0,8,,,50,,,,,,,,,,,,,,,19,,,,,B03,,,1,,2,,,19,,1,22,,B03,120.655135,24.150813,3
2022,8,27,13,20,臺中市,豐原區,0,1,0,8,1,5,50,3,2,1,5,4,5,7,4,4,5,5,5,2,17,40,3,10,1,1,B03,7,14,1,8,2,4,,40,40,1,21,8,B03,120.722098,24.253298,2
2022,8,27,13,23,臺中市,豐原區,0,0,0,8,,,50,,,,,,,,,,,,,,,12,,,,,B03,,,1,,2,,,44,12,1,22,,B03,120.71282,24.250729,3
2022,8,27,13,24,臺中市,太平區,0,0,0,8,,,50,,,,,,,,,,,,,,,19,,,,,B03,,,1,,1,,,19,,1,22,,B03,120.700806,24.15377,3
2022,8,27,13,33,臺中市,西屯區,0,0,0,8,,,50,,,,,,,,,,,,,,,7,,,,,B03,,,1,,1,,,7,,1,22,,B03,120.62752,24.177138,3
2022,8,27,13,35,臺中市,東勢區,0,1,0,8,1,5,50,3,1,1,5,4,5,7,4,4,10,5,5,2,17,19,3,10,1,1,B03,7,1,1,8,2,8,,19,19,1,22,8,B03,120.831336,24.256908,2
2022,8,27,13,49,臺中市,太平區,0,3,0,8,1,5,30,11,9,1,5,4,5,7,4,4,5,5,5,1,16,26,2,9,1,1,C03,7,11,1,10,2,11,,26,26,1,21,8,C03,120.714699,24.094534,2
2022,8,27,13,50,臺中市,南屯區,0,0,0,8,1,5,50,14,9,1,5,4,5,7,4,4,5,5,5,2,12,23,3,10,1,1,B03,7,9,1,8,2,2,,23,23,1,4,8,B03,120.65137,24.13472,3
2022,8,27,13,53,臺中市,南屯區,0,0,0,8,,,50,,,,,,,,,,,,,,,23,,,,,B03,,,1,,1,,,23,23,1,22,,B03,120.620747,24.152008,3
2022,8,27,13,55,臺中市,梧棲區,0,0,0,8,,,40,,,,,,,,,,,,,,,23,,,,,B03,,,1,,2,,,23,,1,9,,B03,120.529816,24.252704,3
2022,8,27,14,1,臺中市,太平區,0,0,0,8,,,30,,,,,,,,,,,,,,,12,,,,,B03,,,1,,1,,,12,,1,22,,B03,120.70692,24.149297,3
2022,8,27,14,8,臺中市,西區,0,1,0,8,1,5,50,4,2,1,5,4,5,7,1,1,5,2,5,2,17,7,3,10,1,1,B03,7,7,1,8,2,4,,7,7,1,4,7,B03,120.662293,24.155209,2
2022,8,27,14,8,臺中市,南屯區,0,0,0,,,,50,,,,,,,,,,,,,,,23,,,,,B03,,,1,,2,,,23,,1,22,,B03,120.584952,24.167266,3
2022,8,27,14,8,臺中市,北屯區,0,3,0,8,1,5,50,14,7,1,5,4,5,7,4,4,5,4,4,2,13,16,2,9,1,1,C03,7,9,1,10,2,11,,16,16,1,22,8,C03,120.733507,24.162933,2
2022,8,27,14,10,臺中市,清水區,0,0,0,,,,50,,,,,,,,,,,,,,,6,,,,,B01,,,1,,2,,,6,,1,5,,B01,120.553583,24.294236,3
2022,8,27,14,16,臺中市,北屯區,0,0,0,8,,,50,,,,,,,,,,,,,,,7,,,,,C03,,,2,,1,,,7,,1,21,,C03,120.676131,24.197555,3
2022,8,27,14,16,臺中市,太平區,0,0,0,8,,,50,,,,,,,,,,,,,,,10,,,,,B01,,,1,,2,,,10,,1,20,,B01,120.647936,24.169368,3
2022,8,27,14,22,臺中市,太平區,0,0,0,8,,,50,,,,,,,,,,,,,,,25,,,,,C03,,,1,,1,,,25,,1,21,,C03,120.719142,24.11584,3
2022,8,27,14,23,臺中市,西區,0,0,0,8,,,50,,,,,,,,,,,,,,,23,,,,,B03,,,1,,2,,,23,,1,21,,B03,120.665637,24.139326,4
2022,8,27,14,30,臺中市,清水區,0,1,0,8,1,5,50,14,9,1,5,4,5,7,4,4,9,4,4,1,12,23,3,10,1,1,B03,7,9,1,8,2,2,,23,23,2,5,5,B03,120.562891,24.274028,2
2022,8,27,14,31,臺中市,西屯區,0,2,0,8,1,5,50,14,9,1,5,4,5,7,4,4,4,3,5,2,13,23,2,9,1,1,C03,7,9,1,10,2,11,,23,23,1,22,8,C03,120.627412,24.201238,2
2022,8,27,14,33,臺中市,潭子區,0,1,0,8,1,5,50,14,8,1,5,4,5,7,4,4,1,4,4,1,12,17,3,10,1,1,B03,7,9,6,18,2,2,,17,17,1,22,9,B03,120.685244,24.216014,2
2022,8,27,14,33,臺中市,太平區,0,0,0,8,,,50,,,,,,,,,,,,,,,23,,,,,B03,,,1,,2,,,23,,1,22,,B03,120.710412,24.150275,3
2022,8,27,14,35,臺中市,石岡區,0,1,0,8,1,5,70,5,1,1,5,4,5,7,1,1,10,5,5,2,17,1,2,9,1,1,C03,7,4,4,8,2,11,,1,1,1,21,8,C03,120.817062,24.25992,2
2022,8,27,14,37,臺中市,西區,0,2,0,8,1,5,50,4,1,1,5,4,5,7,2,1,10,5,5,2,16,26,2,5,1,1,C03,7,6,3,18,2,12,,26,42,1,22,9,C03,120.661687,24.146708,2
2022,8,27,14,41,臺中市,北屯區,0,0,0,8,,,50,,,,,,,,,,,,,,,16,,,,,B03,,,1,,1,,,16,,1,21,,B03,120.721567,24.16248,3
2022,8,27,14,45,臺中市,北區,0,3,0,8,1,5,50,3,1,1,5,4,5,7,4,4,10,5,5,2,16,19,2,9,1,1,C03,7,1,1,10,2,11,,19,19,1,22,8,C03,120.683767,24.15524,2
2022,8,27,14,45,臺中市,神岡區,0,2,0,8,1,5,50,3,1,1,5,4,5,7,4,4,10,5,5,2,3,23,2,9,1,1,C03,7,9,1,10,2,11,,23,23,1,22,9,C03,120.664148,24.263013,2
2022,8,27,14,47,臺中市,大里區,0,0,0,8,,,50,,,,,,,,,,,,,,,12,,,,,B12,,,1,,2,,,12,,1,6,,B12,120.679081,24.115635,3
2022,8,27,14,53,臺中市,沙鹿區,0,1,0,8,1,5,50,3,1,1,5,4,5,7,3,1,10,5,5,2,16,6,3,10,1,1,C03,7,5,1,10,2,14,,6,6,1,22,9,C03,120.564503,24.238547,2
2022,8,27,14,55,臺中市,潭子區,0,0,0,8,,,50,,,,,,,,,,,,,,,23,,,,,B03,,,1,,2,,,23,,1,22,,B03,120.70834,24.214645,3
2022,8,27,15,0,臺中市,神岡區,0,0,0,8,1,5,50,11,2,1,5,4,5,1,4,4,4,5,5,1,25,13,4,9,1,1,C03,7,5,2,18,9,11,14,13,13,2,5,9,C03,120.682369,24.269178,3
2022,8,27,15,3,臺中市,烏日區,0,0,0,8,,,50,,,,,,,,,,,,,,,7,,,,,B03,,,1,,2,,,7,,1,22,,B03,120.610893,24.11387,3
2022,8,27,15,7,臺中市,北區,0,1,0,8,1,5,50,3,2,1,5,4,5,7,1,1,1,4,4,2,16,23,2,9,1,1,C03,7,9,1,10,2,11,,23,23,1,5,5,C03,120.68951,24.146842,2
2022,8,27,15,8,臺中市,大肚區,0,2,0,8,1,5,50,3,1,1,5,4,5,7,3,1,10,5,5,2,16,6,2,9,1,1,C04,7,6,1,11,2,14,,6,6,1,19,8,C04,120.54393,24.150794,2
2022,8,27,15,9,臺中市,太平區,0,0,0,8,,,50,,,,,,,,,,,,,,,42,,,,,C03,,,1,,2,,,42,,1,9,,C03,120.708139,24.128275,3
2022,8,27,15,10,臺中市,烏日區,0,1,0,8,2,5,70,4,2,1,5,4,5,7,2,1,1,3,1,1,16,6,3,10,1,1,B03,7,6,1,8,2,2,,6,6,1,21,9,B03,120.60711,24.108614,2
2022,8,27,15,16,臺中市,豐原區,0,1,0,8,1,5,50,14,8,1,5,4,5,7,4,4,9,5,4,2,17,30,3,10,1,1,C03,7,9,1,10,2,11,,30,30,2,22,8,C03,120.705366,24.240981,2
2022,8,27,15,17,臺中市,東區,0,1,0,8,1,5,50,4,1,1,5,4,5,7,1,1,5,5,5,2,12,9,3,10,1,1,B03,7,6,6,18,2,5,,9,9,1,22,8,B03,120.700023,24.132633,2
2022,8,27,15,23,臺中市,大雅區,0,2,0,8,1,5,30,4,1,1,5,4,5,7,4,4,10,5,5,2,17,6,3,10,1,1,B03,7,9,1,8,2,1,,6,6,1,22,8,B03,120.654654,24.249122,2
2022,8,27,15,23,臺中市,東勢區,0,1,0,8,1,5,50,14,9,1,5,4,5,7,1,1,5,5,5,1,14,12,3,10,1,1,B03,7,2,1,8,2,3,,12,12,1,22,8,B03,120.829051,24.25573,2
2022,8,27,15,28,臺中市,西屯區,0,1,0,8,1,5,40,4,1,1,5,4,5,7,2,1,10,5,5,2,16,6,3,10,3,4,B03,7,6,1,8,2,5,,6,6,1,22,8,B03,120.646608,24.164656,2
2022,8,27,15,36,臺中市,西屯區,1,0,0,8,1,5,50,4,9,1,5,4,5,7,1,1,5,4,5,2,17,43,3,10,1,1,B03,7,9,1,8,2,7,,43,43,1,22,8,B03,120.621434,24.186553,1
2022,8,27,15,45,臺中市,石岡區,0,0,0,8,,,70,,,,,,,,,,,,,,,7,,,,,B03,,,1,,2,,,7,,1,21,,B03,120.804763,24.267354,3
2022,8,27,15,49,臺中市,西屯區,0,0,0,8,,,40,,,,,,,,,,,,,,,23,,,,,B03,,,1,,2,,,23,,1,12,,B03,120.646695,24.164676,3
2022,8,27,15,55,臺中市,大里區,0,0,0,8,,,30,,,,,,,,,,,,,,,17,,,,,B03,,,1,,11,,,17,,1,12,,B03,120.701472,24.088417,3
2022,8,27,16,0,臺中市,南屯區,0,0,0,8,,,30,,,,,,,,,,,,,,,17,,,,,B03,,,1,,1,,,17,,1,22,,B03,120.635796,24.147788,3
2022,8,27,16,0,臺中市,太平區,0,0,0,8,,,50,,,,,,,,,,,,,,,12,,,,,B03,,,1,,2,,,12,,1,22,,B03,120.732593,24.143414,3
2022,8,27,16,5,臺中市,北區,0,0,0,,,,50,,,,,,,,,,,,,,,12,,,,,B02,,,1,,2,,,12,,1,22,,B02,120.6646,24.162733,3
2022,8,27,16,9,臺中市,南屯區,0,0,0,,,,50,,,,,,,,,,,,,,,23,,,,,B03,,,1,,1,,,23,,1,22,,B03,120.653005,24.135752,3
2022,8,27,16,10,臺中市,南屯區,0,0,0,8,,,50,,,,,,,,,,,,,,,26,,,,,B03,,,1,,2,,,26,,1,22,,B03,120.611295,24.134107,3
2022,8,27,16,11,臺中市,南屯區,0,0,0,8,,,50,,,,,,,,,,,,,,,23,,,,,B03,,,1,,1,,,23,,1,22,,B03,120.653038,24.134957,3
2022,8,27,16,13,臺中市,西區,0,0,0,8,,,50,,,,,,,,,,,,,,,23,,,,,B03,,,1,,2,,,23,,1,22,,B03,120.672135,24.137231,3
2022,8,27,16,16,臺中市,豐原區,0,3,0,8,1,5,50,5,1,1,5,4,5,7,2,1,10,5,5,2,16,6,2,9,3,4,C03,7,5,2,18,2,11,,6,6,1,16,8,C03,120.718802,24.247238,2
2022,8,27,16,22,臺中市,豐原區,0,0,0,8,,,60,,,,,,,,,,,,,,,16,,,,,B12,,,1,,2,,,16,16,1,21,,B12,120.730192,24.244099,3
2022,8,27,16,31,臺中市,石岡區,0,0,0,8,,,70,,,,,,,,,,,,,,,23,,,,,B03,,,1,,2,,,23,,1,22,,B03,120.77788,24.274011,3
2022,8,27,16,38,臺中市,南區,0,1,0,8,1,5,50,14,9,1,5,4,5,7,4,4,1,4,5,2,13,16,2,9,1,1,C03,7,9,1,10,2,11,,16,16,1,22,8,C03,120.669905,24.127016,2
2022,8,27,16,38,臺中市,南屯區,0,0,0,8,,,50,,,,,,,,,,,,,,,23,,,,,B12,,,1,,2,,,23,,1,22,,B12,120.635761,24.14744,3
2022,8,27,16,40,臺中市,烏日區,0,0,0,8,,,70,,,,,,,,,,,,,,,23,,,,,B03,,,1,,2,,,23,,1,21,,B03,120.614936,24.106151,3
2022,8,27,16,42,臺中市,后里區,0,0,0,8,1,5,30,14,9,1,5,4,5,7,4,4,5,5,5,1,14,12,,,,,B03,,,1,,2,,,12,,1,22,,B03,120.72303,24.295798,3
2022,8,27,16,45,臺中市,南屯區,0,3,0,8,1,5,50,14,8,1,5,4,5,7,4,4,1,5,1,2,13,23,2,9,1,1,C03,7,9,1,10,2,11,,23,23,1,22,8,C03,120.599909,24.154424,2
2022,8,27,16,45,臺中市,西屯區,0,0,0,8,,,40,,,,,,,,,,,,,,,23,,,,,B03,,,1,,1,,,23,,1,12,,B03,120.639829,24.158269,3
2022,8,27,16,49,臺中市,西區,0,0,0,8,1,5,50,14,2,1,5,4,5,7,1,1,4,2,5,2,13,17,,,,,B03,,,1,,2,,,17,,1,19,,B03,120.663848,24.151235,3
2022,8,27,16,49,臺中市,南屯區,0,0,0,8,1,5,60,14,7,1,5,4,5,7,4,4,1,2,1,2,13,23,3,10,1,1,A12,7,9,1,7,1,1,,23,23,1,10,4,A12,120.623556,24.144745,3
2022,8,27,16,50,臺中市,東區,0,1,0,8,1,5,50,4,1,1,5,4,5,7,1,1,10,5,5,2,15,44,3,10,1,1,B03,7,9,1,8,2,5,,44,44,1,22,8,B03,120.694456,24.149744,2
2022,8,27,16,50,臺中市,南屯區,0,0,0,8,,,50,,,,,,,,,,,,,,,6,,,,,C03,,,1,,1,,,6,,1,22,,C03,120.640895,24.138473,3
2022,8,27,16,50,臺中市,南屯區,0,1,0,8,1,5,50,14,7,1,5,4,5,7,4,4,5,4,4,2,13,16,2,8,1,1,C03,7,9,1,10,2,11,,16,16,1,22,9,C03,120.648999,24.153645,2
2022,8,27,17,1,臺中市,北屯區,0,0,0,8,,,40,,,,,,,,,,,,,,,16,,,,,B03,,,1,,1,,,16,,1,22,,B03,120.687713,24.202076,3
2022,8,27,17,1,臺中市,石岡區,0,0,0,8,,,70,,,,,,,,,,,,,,,7,,,,,B03,,,1,,2,,,7,,1,21,,B03,120.79988,24.269206,3
2022,8,27,17,3,臺中市,南屯區,0,1,0,8,1,5,50,4,1,1,5,4,5,7,1,1,3,3,4,2,12,6,3,10,1,1,B02,7,6,1,8,2,2,5,6,6,1,22,8,B02,120.648578,24.150675,2
2022,8,27,17,7,臺中市,北屯區,0,1,0,8,1,5,50,11,9,1,5,4,5,7,4,4,1,5,5,1,18,23,2,9,1,1,C03,7,9,1,10,2,12,,23,23,1,21,8,C03,120.785288,24.204693,2
2022,8,27,17,9,臺中市,大甲區,0,0,0,8,1,6,60,14,9,1,5,4,5,7,4,4,4,5,5,1,16,19,3,10,1,1,B03,7,1,1,8,1,1,,19,19,1,22,8,B03,120.663405,24.368436,3
2022,8,27,17,14,臺中市,大安區,0,0,0,8,,,60,,,,,,,,,,,,,,,23,,,,,B03,,,6,,1,,,23,,1,21,,B03,120.60359,24.36078,3
2022,8,27,17,15,臺中市,南屯區,0,0,0,,,,50,,,,,,,,,,,,,,,23,,,,,C03,,,1,,9,,,23,,1,22,,C03,120.612449,24.138415,3
2022,8,27,17,16,臺中市,太平區,0,1,0,8,1,5,50,14,7,1,4,4,5,7,4,4,5,4,4,1,13,23,2,9,1,1,C03,7,9,1,10,2,12,,23,23,1,22,5,C03,120.72882,24.102063,2
2022,8,27,17,23,臺中市,大里區,0,1,0,6,1,5,40,14,9,1,4,4,4,7,4,4,4,5,5,1,18,42,2,1,3,4,F03,7,9,8,20,2,16,,42,42,1,12,8,F03,120.709835,24.10435,2
2022,8,27,17,26,臺中市,清水區,0,0,0,8,,,50,,,,,,,,,,,,,,,38,,,,,B03,,,1,,10,,,38,38,1,21,,B03,120.592598,24.280776,3
2022,8,27,17,36,臺中市,北屯區,0,3,0,8,1,5,30,14,9,1,5,4,5,7,4,4,10,5,5,2,16,19,2,9,1,1,C03,7,1,1,10,2,14,,19,19,1,20,8,C03,120.695691,24.168585,2
2022,8,27,17,40,臺中市,后里區,0,1,0,8,1,5,50,4,2,1,5,4,5,7,1,1,9,5,5,1,14,12,3,10,1,1,B03,7,2,1,8,2,6,,12,12,1,21,1,B03,120.712432,24.304058,2
2022,8,27,17,52,臺中市,北屯區,0,0,0,8,,,30,,,,,,,,,,,,,,,6,,,,,F01,,,8,,2,,,6,,1,22,,F01,120.666815,24.179061,3
2022,8,27,17,54,臺中市,后里區,0,2,0,8,2,5,30,4,1,1,5,4,5,4,4,4,10,5,5,2,15,6,2,9,1,1,C03,7,9,1,10,2,11,,6,6,1,22,8,C03,120.70174,24.294682,2
2022,8,27,17,57,臺中市,豐原區,0,1,0,8,1,5,50,4,1,1,5,4,5,7,1,1,10,5,5,2,16,26,3,10,3,4,C03,7,5,1,10,2,12,,26,26,1,22,8,C03,120.72947,24.252402,2
2022,8,27,18,4,臺中市,太平區,0,0,0,8,,,50,,,,,,,,,,,,,,,12,,,,,B12,,,1,,2,,,12,,1,9,,B12,120.719712,24.148786,3
2022,8,27,18,10,臺中市,西屯區,0,1,0,8,2,5,50,4,1,1,5,4,5,7,1,1,10,5,5,2,16,9,3,10,3,4,C03,7,6,1,10,2,15,,9,9,1,22,8,C03,120.646851,24.174893,2
2022,8,27,18,12,臺中市,北區,0,0,0,,,,50,,,,,,,,,,,,,,,7,,,,,B03,,,1,,11,,,7,,1,22,,B03,120.67746,24.154859,3
2022,8,27,18,20,臺中市,西區,0,0,0,8,,,50,,,,,,,,,,,,,,,6,,,,,B03,,,1,,1,,,6,,1,21,,B03,120.657261,24.139286,3
2022,8,27,18,24,臺中市,南屯區,0,1,0,8,3,5,50,14,7,1,5,4,5,7,4,4,1,4,4,2,16,7,2,9,1,1,C03,7,7,1,10,2,14,,7,7,1,22,8,C03,120.640899,24.149489,2
2022,8,27,18,24,臺中市,北屯區,0,0,0,8,,,50,,,,,,,,,,,,,,,18,,,,,B03,,,1,,1,,,18,,1,21,,B03,120.733601,24.176531,3
2022,8,27,18,28,臺中市,西屯區,0,0,0,8,,,30,,,,,,,,,,,,,,,16,,,,,C03,,,1,,2,,,16,,1,22,,C03,120.647241,24.174858,3
2022,8,27,18,28,臺中市,豐原區,0,2,0,8,4,5,50,5,1,1,5,4,5,7,1,1,10,5,5,2,18,23,2,8,1,1,C03,7,9,1,10,2,12,,23,23,1,21,8,C03,120.721053,24.25384,2
2022,8,27,18,30,臺中市,潭子區,0,0,0,8,2,5,40,14,9,1,5,4,5,7,4,4,5,5,5,1,16,6,,,,,C03,,,6,,2,,,6,,1,22,,C03,120.707756,24.217501,3
2022,8,27,18,31,臺中市,西區,0,0,0,8,,,50,,,,,,,,,,,,,,,23,,,,,B12,,,1,,1,,,44,23,1,21,,B12,120.658583,24.155097,4
2022,8,27,18,33,臺中市,大里區,0,0,0,6,,,60,,,,,,,,,,,,,,,16,,,,,B03,,,1,,2,,,16,16,1,20,,B03,120.653641,24.089873,3
2022,8,27,18,40,臺中市,南區,0,0,0,8,,,50,,,,,,,,,,,,,,,23,,,,,B03,,,1,,2,,,23,,1,5,,B03,120.666469,24.117019,3
2022,8,27,18,42,臺中市,后里區,0,2,0,8,1,5,50,5,1,1,5,4,5,7,4,4,10,5,5,1,12,8,2,9,1,1,C03,7,5,2,18,2,14,,8,8,1,22,8,C03,120.692006,24.316704,2
2022,8,27,18,48,臺中市,西區,0,2,0,8,3,5,50,4,1,1,5,4,5,7,4,4,10,5,5,2,15,6,2,9,1,1,C03,7,9,1,10,2,12,,6,6,1,5,5,C03,120.658096,24.138515,2