年,月,日,時,分,縣市,區,死,受傷,2-30,天候,光線,道路類別,速限,道路型態,事故位置,路面鋪裝,路面狀態,路面缺陷,障礙物,視距,號誌種類,號誌動作,分向設施,快車道或一般車道間,快慢車道間,路面邊線,事故類型及型態,主要肇因,受傷程度,主要傷處,保護裝備,行動電話,當事者區分,車輛用途,當事者行動狀態,駕駛資格情形,駕駛執照種類,飲酒情形,車輛撞擊部位最初,車輛撞擊部位其他,肇事因素個別,肇事因素主要,肇事逃逸,職業,旅次目的,車種,GPS緯度,GPS經度,事故類別
2022,8,29,18,12,臺中市,西區,0,0,0,6,,,40,,,,,,,,,,,,,,,7,,,,,C03,,,1,,2,,,7,,1,22,,C03,120.667382,24.140536,3
2022,8,29,18,15,臺中市,南屯區,0,1,0,6,3,5,40,14,8,1,4,4,5,7,4,4,5,4,4,2,12,40,3,10,1,1,B01,7,14,1,4,2,2,,40,40,1,22,9,B01,120.649132,24.153741,2
2022,8,29,18,17,臺中市,西區,0,0,0,6,,,50,,,,,,,,,,,,,,,23,,,,,B12,,,1,,2,,,23,,1,22,,B12,120.662983,24.150864,3
2022,8,29,18,20,臺中市,龍井區,0,0,0,8,,,30,,,,,,,,,,,,,,,12,,,,,B03,,,1,,2,,,12,,1,22,,B03,120.590252,24.180824,3
2022,8,29,18,22,臺中市,西區,0,0,0,,,,50,,,,,,,,,,,,,,,42,,,,,B12,,,1,,1,,,42,,1,5,,B12,120.679284,24.138263,3
2022,8,29,18,23,臺中市,西區,0,1,0,6,3,5,50,4,2,1,4,4,5,7,1,1,5,5,5,2,16,26,3,10,1,1,C03,7,5,4,8,2,11,,26,26,1,19,9,C03,120.661767,24.158813,2
2022,8,29,18,24,臺中市,南區,0,1,0,6,3,5,50,4,1,1,4,4,5,7,1,1,5,5,1,2,18,23,2,9,1,1,C03,7,9,1,10,2,15,,23,23,1,22,8,C03,120.678278,24.133497,2
2022,8,29,18,28,臺中市,潭子區,0,0,0,6,,,30,,,,,,,,,,,,,,,5,,,,,B03,,,1,,9,,,5,,1,22,,B03,120.707532,24.199439,3
2022,8,29,18,29,臺中市,西區,0,1,0,6,3,5,50,14,9,1,4,4,5,7,4,4,10,5,5,2,17,12,3,10,1,1,B12,7,2,1,8,1,15,,12,12,1,22,9,B12,120.658622,24.154027,2
2022,8,29,18,30,臺中市,南屯區,0,0,0,6,,,40,,,,,,,,,,,,,,,23,,,,,B03,,,1,,1,,,23,,1,22,,B03,120.623484,24.14471,3
2022,8,29,18,30,臺中市,北屯區,0,1,0,6,2,5,50,4,1,1,4,4,5,7,2,1,10,5,5,2,29,23,2,9,1,1,C03,7,9,1,10,2,11,,23,23,1,18,8,C03,120.687678,24.171873,2
2022,8,29,18,32,臺中市,北區,0,2,0,6,3,5,50,14,9,1,4,4,5,7,4,4,2,4,5,2,12,23,2,9,1,1,C03,7,9,1,10,2,11,,23,23,1,22,8,C03,120.684412,24.150397,2
2022,8,29,18,32,臺中市,南屯區,0,1,0,6,3,5,50,4,1,1,4,4,5,7,1,1,10,5,5,2,3,15,3,10,1,1,B02,7,5,1,7,2,8,,15,15,1,5,8,B02,120.652831,24.153683,2
2022,8,29,18,32,臺中市,豐原區,0,0,0,8,,,50,,,,,,,,,,,,,,,23,,,,,B03,,,1,,2,,,23,,1,22,,B03,120.720856,24.26807,3
2022,8,29,18,33,臺中市,東勢區,0,0,0,8,,,50,,,,,,,,,,,,,,,23,,,,,C03,,,1,,2,,,23,,1,22,,C03,120.829824,24.252862,3
2022,8,29,18,34,臺中市,西區,0,2,0,7,3,5,50,4,1,1,4,4,5,7,1,1,10,5,5,2,13,23,2,8,1,1,C03,7,5,1,10,2,12,,23,23,1,22,8,C03,120.671402,24.152216,2
2022,8,29,18,38,臺中市,潭子區,0,1,0,6,3,5,50,3,2,1,4,4,5,7,1,1,5,4,4,2,2,23,3,10,1,1,B03,7,6,1,8,2,1,,23,23,1,22,9,B03,120.706901,24.211416,2
2022,8,29,18,38,臺中市,北區,0,0,0,8,,,40,,,,,,,,,,,,,,,23,,,,,B03,,,1,,1,,,23,,1,22,,B03,120.684805,24.14792,3
2022,8,29,18,40,臺中市,后里區,0,0,0,8,,,60,,,,,,,,,,,,,,,19,,,,,B03,,,1,,2,,,19,,1,22,,B03,120.731123,24.337007,3
2022,8,29,18,49,臺中市,后里區,0,0,0,8,3,2,50,14,8,1,5,4,5,7,4,4,5,3,4,1,12,2,3,10,1,1,B01,7,10,1,4,2,2,,2,2,1,10,9,B01,120.724757,24.321918,3
2022,8,29,18,50,臺中市,龍井區,0,1,0,6,3,5,40,4,1,1,4,4,5,7,2,1,10,5,5,2,16,6,2,6,1,1,F03,7,1,8,20,2,16,,6,6,1,22,8,F03,120.585819,24.186311,2
2022,8,29,18,55,臺中市,南區,0,1,0,6,3,5,50,4,1,1,4,4,5,7,2,1,10,5,5,2,16,26,3,10,3,4,C03,7,11,1,10,2,14,,26,26,1,5,8,C03,120.704863,24.130511,2
2022,8,29,18,55,臺中市,西屯區,0,0,0,8,,,50,,,,,,,,,,,,,,,10,,,,,B03,,,1,,1,,,10,,1,22,,B03,120.621566,24.185882,3
2022,8,29,19,0,臺中市,北區,0,0,0,6,3,5,50,3,9,1,4,4,5,7,1,1,5,4,5,2,13,42,3,10,1,1,B02,7,9,1,8,2,1,,42,42,1,5,5,B02,120.688411,24.151722,3
2022,8,29,19,3,臺中市,南屯區,0,0,0,6,,,50,,,,,,,,,,,,,,,42,,,,,B03,,,1,,1,,,42,,1,5,,B03,120.633813,24.14243,3
2022,8,29,19,12,臺中市,北屯區,0,2,0,8,3,5,50,3,2,1,5,4,5,7,3,1,5,5,4,2,16,6,3,10,1,1,B03,7,9,1,8,2,8,,6,6,1,21,8,B03,120.741383,24.180183,2
2022,8,29,19,20,臺中市,霧峰區,0,0,0,8,,,50,,,,,,,,,,,,,,,25,,,,,B03,,,1,,2,,,25,,1,18,,B03,120.699197,24.068843,3
2022,8,29,19,23,臺中市,沙鹿區,0,1,0,8,3,5,50,4,1,1,5,4,5,7,4,4,10,5,5,2,3,23,3,10,1,1,B03,7,5,1,8,2,1,,23,23,1,21,8,B03,120.570585,24.237779,2
2022,8,29,19,30,臺中市,南屯區,0,2,0,8,3,5,50,4,1,1,5,4,5,7,2,1,10,5,5,2,16,8,2,9,1,1,C03,7,5,1,10,2,14,,8,8,1,22,9,C03,120.653276,24.129013,2
2022,8,29,19,30,臺中市,梧棲區,0,0,0,8,,,50,,,,,,,,,,,,,,,23,,,,,B12,,,1,,2,,,23,,1,3,,B12,120.538355,24.247516,4
2022,8,29,19,33,臺中市,東勢區,0,0,0,,,,50,,,,,,,,,,,,,,,23,,,,,B03,,,1,,2,,,23,,1,22,,B03,120.828498,24.256493,3
2022,8,29,19,55,臺中市,清水區,0,0,0,8,,,40,,,,,,,,,,,,,,,42,,,,,B03,,,1,,1,,,42,,1,21,,B03,120.566078,24.275091,3
2022,8,29,20,2,臺中市,潭子區,0,1,0,8,3,5,50,14,9,1,5,4,5,7,4,4,5,4,5,1,16,26,3,10,1,1,B03,7,11,1,8,2,8,,26,26,1,22,8,B03,120.70042,24.214035,2
2022,8,29,20,9,臺中市,梧棲區,0,1,0,8,4,5,50,3,1,1,5,4,5,7,4,4,10,5,5,2,16,26,3,10,1,1,B03,7,5,1,8,2,8,,26,26,1,20,8,B03,120.53346,24.231571,2
2022,8,29,20,20,臺中市,北屯區,0,0,0,6,,,50,,,,,,,,,,,,,,,23,,,,,B03,,,1,,1,,,23,,1,21,,B03,120.721072,24.174065,3
2022,8,29,20,45,臺中市,北區,0,1,0,7,3,5,50,4,1,1,5,4,5,7,2,1,10,5,5,2,16,6,3,10,1,1,B03,7,5,1,8,2,5,,6,6,1,22,9,B03,120.686662,24.16309,2
2022,8,29,21,0,臺中市,西屯區,0,0,0,8,,,50,,,,,,,,,,,,,,,17,,,,,B03,,,1,,2,,,17,,1,22,,B03,120.662243,24.163843,3
2022,8,29,21,14,臺中市,大里區,0,1,0,8,3,5,40,4,1,1,5,4,5,7,1,1,10,5,5,2,16,6,3,10,1,1,B03,7,5,1,8,2,5,,6,6,1,5,9,B03,120.699038,24.110183,2
2022,8,29,21,16,臺中市,大雅區,0,1,0,8,3,5,50,4,1,1,5,4,5,7,1,1,5,4,5,1,16,26,3,10,1,1,B03,7,6,1,8,2,2,,26,26,1,22,9,B03,120.651695,24.227975,2
2022,8,29,21,53,臺中市,西屯區,0,0,0,8,,,50,,,,,,,,,,,,,,,6,,,,,B03,,,1,,2,,,6,,1,22,,B03,120.65777,24.15806,3
2022,8,29,22,7,臺中市,龍井區,0,1,0,7,3,5,30,3,1,1,5,4,5,7,4,4,10,5,5,2,16,6,3,10,1,1,B12,7,5,1,8,2,8,,6,6,1,22,8,B12,120.589037,24.180775,2
2022,8,29,22,24,臺中市,北屯區,0,1,0,8,3,5,50,14,9,1,5,4,5,7,4,4,5,4,5,2,8,23,3,10,3,4,B03,7,9,1,8,11,5,,23,23,2,20,8,B03,120.746981,24.192525,2
2022,8,29,22,25,臺中市,北區,0,0,0,8,,,50,,,,,,,,,,,,,,,23,,,,,B03,,,1,,2,,,23,,1,22,,B03,120.672284,24.170095,3
2022,8,29,22,31,臺中市,南區,0,1,0,8,3,5,50,4,1,1,5,4,5,7,2,1,10,5,5,2,17,43,3,10,3,4,C03,7,14,1,10,2,14,,43,43,1,5,8,C03,120.658246,24.117501,2
2022,8,29,22,39,臺中市,大里區,0,2,0,8,3,5,50,4,2,1,5,4,5,7,1,1,5,4,4,1,16,6,2,9,3,4,C03,7,5,3,18,9,14,,6,6,2,22,9,C03,120.688392,24.106465,2
2022,8,29,23,7,臺中市,后里區,0,1,0,8,3,5,40,14,9,1,5,4,5,7,4,4,5,5,5,1,26,23,2,9,1,1,C03,7,9,1,10,5,11,,23,23,1,4,7,C03,120.71619,24.327176,2
2022,8,29,23,8,臺中市,西區,0,0,0,8,,,50,,,,,,,,,,,,,,,25,,,,,C03,,,2,18,2,,,25,25,1,22,,C03,120.655144,24.146707,3
2022,8,29,23,15,臺中市,龍井區,0,1,0,7,3,5,50,5,2,1,5,4,5,7,3,1,5,5,5,2,12,26,2,9,1,1,C03,7,5,1,10,2,12,,26,26,1,22,8,C03,120.592647,24.181636,2
2022,8,29,23,34,臺中市,北屯區,0,1,0,8,3,5,30,4,1,1,5,4,5,7,3,1,10,5,5,2,15,6,3,10,1,1,C03,7,9,1,10,2,11,,6,6,1,21,8,C03,120.689414,24.169145,2
2022,8,29,23,37,臺中市,西區,0,1,0,8,3,5,50,14,9,1,5,4,5,7,4,4,5,4,5,2,13,16,2,9,3,4,C03,7,9,1,10,2,11,,16,16,1,22,5,C03,120.652866,24.146824,2
2022,8,29,23,46,臺中市,西屯區,0,0,0,8,,,40,,,,,,,,,,,,,,,12,,,,,B12,,,1,,1,,,12,,1,21,,B12,120.645268,24.171138,3
2022,8,30,0,16,臺中市,神岡區,0,1,0,8,3,5,50,15,9,1,5,4,5,7,3,1,5,5,5,1,10,6,3,10,1,1,B03,7,9,1,8,2,1,,6,6,1,22,8,B03,120.69772,24.25139,2
2022,8,30,0,29,臺中市,西屯區,0,1,0,8,3,5,30,4,1,1,5,4,5,7,4,4,10,5,5,2,16,6,3,10,1,1,B03,7,9,1,8,2,5,,6,6,1,22,8,B03,120.64362,24.182041,2
2022,8,30,1,16,臺中市,外埔區,0,1,0,8,3,5,30,3,2,1,5,4,5,7,4,4,10,5,5,2,16,23,2,9,1,1,C03,7,5,1,10,8,12,,23,23,1,4,5,C03,120.63857,24.342875,2
2022,8,30,1,30,臺中市,西屯區,0,0,0,8,,,30,,,,,,,,,,,,,,,23,,,,,B03,,,1,,2,,,23,,1,21,,B03,120.637736,24.174511,3
2022,8,30,6,22,臺中市,梧棲區,0,0,0,,,,50,,,,,,,,,,,,,,,19,,,,,B03,,,1,,2,,,19,,1,4,,B03,120.538327,24.248037,3
2022,8,30,6,52,臺中市,北屯區,0,0,0,8,,,50,,,,,,,,,,,,,,,1,,,,,B03,,,1,,2,,,1,,1,21,,B03,120.701035,24.179923,3
2022,8,30,6,53,臺中市,大里區,0,2,0,8,1,5,50,3,2,1,5,4,5,7,4,4,5,4,4,2,12,16,2,8,1,1,C03,7,9,1,10,2,14,,16,16,1,21,1,C03,120.692469,24.118774,2
2022,8,30,7,5,臺中市,西屯區,0,0,0,8,,,40,,,,,,,,,,,,,,,42,,,,,B03,,,1,,2,,,42,,1,22,,B03,120.644272,24.165308,3
2022,8,30,7,5,臺中市,梧棲區,0,0,0,8,,,70,,,,,,,,,,,,,,,16,,,,,B03,,,1,,1,,,16,,1,4,,B03,120.547111,24.233516,4
2022,8,30,7,13,臺中市,龍井區,0,1,0,8,1,5,50,4,1,1,5,4,5,7,4,4,10,5,5,2,15,6,3,10,1,1,B03,7,9,1,7,2,1,,6,6,1,4,1,B03,120.531055,24.19552,2
2022,8,30,7,16,臺中市,潭子區,0,1,0,8,1,5,50,4,1,1,5,4,5,7,1,1,5,4,5,1,17,26,2,9,1,1,C03,7,5,1,10,2,14,,26,8,1,22,8,C03,120.700537,24.211674,2
2022,8,30,7,20,臺中市,南屯區,0,1,0,8,1,5,50,3,2,1,5,4,5,7,4,4,5,5,5,2,17,8,3,10,1,1,C03,7,5,1,10,2,15,,8,8,1,19,1,C03,120.628442,24.143918,2
2022,8,30,7,23,臺中市,后里區,0,0,0,8,1,5,50,14,9,1,5,4,5,7,4,4,1,4,4,1,13,23,3,10,1,1,B03,7,9,1,8,1,1,,23,23,1,21,8,B03,120.723774,24.294381,3
2022,8,30,7,25,臺中市,西區,0,1,0,8,1,5,50,4,1,1,5,4,5,7,2,1,10,5,5,2,17,43,2,9,1,1,C03,7,9,1,10,2,14,,43,43,1,20,8,C03,120.657409,24.147776,2
2022,8,30,7,27,臺中市,梧棲區,0,1,0,8,1,5,30,4,1,1,5,4,5,7,4,4,10,5,5,2,17,43,2,9,1,1,C03,7,9,1,10,2,15,,43,43,1,3,8,C03,120.532145,24.241806,2
2022,8,30,7,29,臺中市,龍井區,0,1,0,8,1,5,50,3,1,1,5,4,5,7,1,1,10,5,5,1,12,16,2,9,1,1,C03,7,9,1,10,2,14,,16,16,1,4,1,C03,120.524086,24.180188,2
2022,8,30,7,30,臺中市,大雅區,0,1,0,8,1,5,50,5,1,1,5,4,5,7,1,1,1,5,5,1,17,43,3,10,1,1,B03,7,6,1,8,2,2,,43,43,1,21,8,B03,120.630169,24.240998,2
2022,8,30,7,30,臺中市,清水區,0,3,0,8,1,5,30,5,1,1,5,4,5,6,4,4,10,5,5,2,16,6,2,2,1,1,C03,7,5,1,10,2,11,,6,6,1,22,8,C03,120.578781,24.301213,2
2022,8,30,7,30,臺中市,神岡區,0,0,0,8,,,30,,,,,,,,,,,,,,,12,,,,,B02,,,1,,1,,,12,,1,22,,B02,120.688881,24.241418,3
2022,8,30,7,34,臺中市,大甲區,0,0,0,8,1,5,40,14,12,1,5,4,5,7,4,4,10,5,5,1,16,50,3,10,1,1,C03,7,8,1,10,2,11,,50,50,1,22,9,C03,120.623597,24.341186,3
2022,8,30,7,35,臺中市,北屯區,0,0,0,8,,,50,,,,,,,,,,,,,,,23,,,,,B03,,,1,,2,,,23,,1,21,,B03,120.683731,24.175476,3
2022,8,30,7,35,臺中市,大里區,0,2,0,8,1,5,30,3,2,1,5,4,5,7,4,4,10,5,5,2,16,6,3,10,1,1,C03,7,5,1,10,5,11,,6,6,1,9,1,C03,120.699501,24.103313,2
2022,8,30,7,38,臺中市,大里區,0,2,0,8,1,5,50,4,1,1,5,4,5,7,4,4,10,5,5,2,15,6,2,8,1,1,C03,7,9,1,10,2,11,,6,6,1,11,8,C03,120.700139,24.098397,2
2022,8,30,7,39,臺中市,西區,0,0,0,,,,50,,,,,,,,,,,,,,,16,,,,,B03,,,1,,1,,,16,,1,21,,B03,120.674524,24.138452,3
2022,8,30,7,40,臺中市,太平區,0,2,0,8,1,5,50,14,9,1,5,4,5,7,4,4,5,5,5,2,13,16,2,9,1,1,C03,7,9,1,10,2,11,,16,16,1,21,8,C03,120.701181,24.153,2
2022,8,30,7,42,臺中市,北區,0,1,0,8,1,5,30,4,1,1,5,4,5,7,4,4,10,5,5,2,15,6,3,10,1,1,B03,7,9,1,8,2,2,,6,6,1,22,9,B03,120.699976,24.152105,2
2022,8,30,7,45,臺中市,大雅區,0,2,0,8,1,5,50,3,2,1,5,4,5,7,3,1,5,5,4,1,16,6,2,7,1,1,C03,7,5,1,10,2,13,,6,6,1,22,9,C03,120.629978,24.209706,2
2022,8,30,7,45,臺中市,烏日區,0,0,0,8,,,50,,,,,,,,,,,,,,,23,,,,,B03,,,1,,2,,,23,,1,5,,B03,120.623261,24.106446,3
2022,8,30,7,49,臺中市,大甲區,0,1,0,8,1,5,50,5,1,1,5,4,5,7,1,1,10,5,5,2,16,8,2,9,1,1,C03,7,5,1,10,2,14,,8,8,1,22,9,C03,120.621961,24.34425,2
2022,8,30,7,50,臺中市,南屯區,0,1,0,8,1,5,30,3,1,1,5,4,5,7,4,4,5,5,5,2,17,6,3,10,1,1,A11,7,6,1,1,2,15,,6,6,1,22,8,A11,120.610103,24.142415,2
2022,8,30,7,51,臺中市,北屯區,0,0,0,8,,,50,,,,,,,,,,,,,,,23,,,,,C03,,,1,,1,,,23,,1,21,,C03,120.715489,24.18229,3
2022,8,30,7,51,臺中市,梧棲區,0,0,0,8,,,50,,,,,,,,,,,,,,,17,,,,,A31,,,1,,2,,,17,,1,10,,A31,120.522545,24.224152,3
2022,8,30,7,54,臺中市,西屯區,0,1,0,8,1,5,50,4,1,1,5,4,5,7,1,1,10,5,5,2,16,6,3,10,3,4,B03,7,5,1,8,2,1,,6,6,1,22,8,B03,120.646225,24.17186,2
2022,8,30,7,54,臺中市,清水區,0,1,0,8,1,5,30,14,9,1,4,4,5,7,4,4,10,5,5,2,17,43,2,9,1,1,C03,7,9,1,10,2,14,,43,43,1,5,1,C03,120.564867,24.31948,2
2022,8,30,7,56,臺中市,大里區,0,0,0,8,,,50,,,,,,,,,,,,,,,16,,,,,B02,,,1,,2,,,16,,1,5,,B02,120.667155,24.105323,3
2022,8,30,7,59,臺中市,東區,0,3,0,8,1,7,80,10,7,1,5,4,5,7,4,4,1,4,5,2,13,16,2,7,1,1,B03,7,9,1,8,2,1,,16,16,1,5,8,B03,120.705942,24.129192,2
2022,8,30,7,59,臺中市,東勢區,0,1,0,8,1,5,50,4,1,1,5,4,5,7,1,1,10,5,5,2,17,23,2,9,1,4,C03,7,9,1,10,2,15,,23,23,1,22,9,C03,120.827374,24.259993,2
2022,8,30,8,0,臺中市,沙鹿區,0,1,0,8,1,5,50,14,7,1,5,4,5,7,4,4,1,4,4,2,13,23,3,10,1,1,C03,7,9,1,10,2,11,,23,23,1,20,8,C03,120.559823,24.238761,2
2022,8,30,8,2,臺中市,潭子區,0,0,0,8,,,50,,,,,,,,,,,,,,,26,,,,,B03,,,1,,2,,,26,,1,22,,B03,120.697401,24.19236,3
2022,8,30,8,4,臺中市,烏日區,0,1,0,8,1,5,50,3,1,1,5,4,5,7,2,1,5,5,4,1,16,10,3,10,1,1,B03,7,11,1,8,2,5,,10,10,1,21,8,B03,120.623364,24.106369,2
2022,8,30,8,6,臺中市,北屯區,0,0,0,8,,,40,,,,,,,,,,,,,,,16,,,,,C03,,,1,,1,,,16,,1,5,,C03,120.664738,24.180098,3
2022,8,30,8,9,臺中市,大雅區,0,1,0,8,1,5,50,4,1,1,5,4,5,7,1,1,1,4,4,1,16,19,3,10,1,1,B03,7,1,1,8,2,1,,19,19,1,22,9,B03,120.648923,24.21804,2
2022,8,30,8,20,臺中市,北區,0,0,0,8,1,5,50,4,9,1,5,4,5,7,4,4,9,5,5,2,12,23,3,10,1,1,B12,7,1,1,3,1,2,,23,23,1,5,5,B12,120.682453,24.161205,3
2022,8,30,8,21,臺中市,沙鹿區,0,0,0,8,,,50,,,,,,,,,,,,,,,23,,,,,B03,,,1,,2,,,23,,1,22,,B03,120.564087,24.248358,3
2022,8,30,8,24,臺中市,烏日區,0,0,0,,,,50,,,,,,,,,,,,,,,12,,,,,B03,,,1,,2,,,12,,1,21,,B03,120.636457,24.109642,3
2022,8,30,8,25,臺中市,大雅區,0,2,0,8,1,5,30,14,9,1,5,4,5,7,4,4,10,5,5,1,12,10,2,9,1,1,C03,7,11,1,10,2,14,,10,10,1,22,9,C03,120.66268,24.22626,2
2022,8,30,8,25,臺中市,西區,0,1,0,8,1,5,50,4,1,1,5,4,5,7,2,1,5,5,5,2,16,44,3,10,1,1,B03,7,9,1,8,2,2,,44,44,1,20,8,B03,120.680749,24.137433,2
2022,8,30,8,29,臺中市,中區,0,0,0,8,1,8,50,14,9,1,5,4,5,7,4,4,10,5,5,2,14,12,,,,,B12,,,1,,2,,,12,,1,21,,B12,120.680649,24.144137,3
2022,8,30,8,30,臺中市,神岡區,0,0,0,8,,,40,,,,,,,,,,,,,,,23,,,,,C03,,,1,,1,,,23,,1,22,,C03,120.656706,24.263525,3
2022,8,30,8,32,臺中市,豐原區,0,1,0,8,1,5,50,3,2,1,5,4,5,7,4,4,4,4,4,2,17,6,3,10,1,1,B03,7,5,1,8,2,6,,6,6,1,4,1,B03,120.716644,24.251933,2
2022,8,30,8,33,臺中市,南區,0,1,0,8,1,5,50,14,9,1,5,4,5,7,4,4,5,4,5,2,16,6,3,10,1,1,B03,7,6,1,8,2,5,,6,6,1,5,8,B03,120.649135,24.120144,2
2022,8,30,8,37,臺中市,西區,0,1,0,8,1,5,50,3,2,1,5,4,5,7,1,1,5,4,4,1,13,16,3,10,1,1,B03,7,9,1,8,2,1,,16,16,1,21,8,B03,120.683667,24.142981,2
2022,8,30,8,40,臺中市,大雅區,0,1,0,8,1,5,50,3,1,1,5,4,5,7,1,1,5,4,4,1,17,10,3,10,1,1,B03,7,11,1,8,2,8,,10,10,1,21,8,B03,120.634836,24.214419,2
2022,8,30,8,40,臺中市,北區,0,2,0,8,1,5,50,3,2,1,5,4,5,7,1,1,5,4,5,2,16,10,3,10,1,1,B03,7,11,1,8,2,1,,10,10,1,5,5,B03,120.681097,24.157585,2
2022,8,30,8,43,臺中市,太平區,0,0,0,8,,,50,,,,,,,,,,,,,,,23,,,,,B03,,,1,,2,,,23,,1,22,,B03,120.714333,24.149314,3
2022,8,30,8,47,臺中市,大肚區,0,0,0,,,,50,,,,,,,,,,,,,,,18,,,,,B03,,,1,,2,,,18,,1,22,,B03,120.564655,24.123298,3
2022,8,30,8,50,臺中市,南屯區,0,1,0,8,1,5,40,14,9,1,5,4,5,7,4,4,5,4,5,2,13,9,3,10,1,1,C03,7,6,1,10,2,13,,9,9,1,22,8,C03,120.603223,24.146502,2
2022,8,30,8,50,臺中市,大甲區,0,0,0,8,,,50,,,,,,,,,,,,,,,23,,,,,B03,,,6,,5,,,23,,1,22,,B03,120.627691,24.340252,3
2022,8,30,8,50,臺中市,大甲區,0,0,0,8,,,50,,,,,,,,,,,,,,,23,,,,,B03,,,6,,5,,,23,,1,22,,B03,120.627906,24.340469,3
2022,8,30,8,55,臺中市,大甲區,0,1,0,8,1,5,50,3,1,1,5,4,5,7,1,1,10,5,5,2,13,23,3,10,1,1,B03,7,9,6,18,5,8,,23,23,1,22,9,B03,120.629709,24.34028,2
2022,8,30,8,56,臺中市,西屯區,0,1,0,8,1,5,50,14,9,1,5,4,5,7,4,4,4,3,5,2,16,7,2,9,1,1,C03,7,7,1,10,2,13,,7,7,1,22,8,C03,120.64133,24.168489,2
2022,8,30,9,1,臺中市,北屯區,0,1,0,8,1,5,40,4,1,1,5,4,5,7,2,1,5,5,4,1,16,7,2,9,1,1,C03,7,8,1,10,2,12,,7,7,1,21,8,C03,120.673406,24.19328,2
2022,8,30,9,4,臺中市,中區,0,1,0,8,1,5,50,14,9,1,5,4,5,7,4,4,5,5,5,2,13,23,2,9,3,4,C03,7,9,1,10,2,11,,23,23,1,21,8,C03,120.674529,24.142616,2
2022,8,30,9,7,臺中市,神岡區,0,0,0,8,,,50,,,,,,,,,,,,,,,18,,,,,A11,,,1,,2,,,18,,1,22,,A11,120.711782,24.257932,3
2022,8,30,9,8,臺中市,石岡區,0,1,0,8,1,5,70,14,9,1,5,4,5,7,4,4,5,4,4,1,17,7,3,10,1,1,A12,7,8,1,7,2,1,,7,7,1,22,4,A12,120.787013,24.274156,2
2022,8,30,9,15,臺中市,南區,0,1,0,8,1,5,50,4,1,1,5,4,5,7,4,4,5,4,5,2,18,42,2,9,1,4,C03,7,9,1,10,2,14,,42,42,1,21,8,C03,120.668294,24.124579,2
2022,8,30,9,17,臺中市,潭子區,0,0,0,8,,,50,,,,,,,,,,,,,,,23,,,,,B03,,,1,,2,,,23,,1,22,,B03,120.711281,24.207177,3
2022,8,30,9,20,臺中市,沙鹿區,0,1,0,8,1,8,50,13,9,1,5,4,5,7,4,4,5,4,5,2,16,9,2,8,1,1,C03,7,6,1,10,2,11,,9,9,1,3,1,C03,120.573553,24.237897,2
2022,8,30,9,35,臺中市,大里區,0,0,0,8,1,5,50,4,2,1,5,4,5,7,1,1,5,5,5,1,13,23,,,,,C03,,,1,,2,,,23,,1,5,,C03,120.703579,24.096008,3
2022,8,30,9,36,臺中市,北區,0,0,0,,,,50,,,,,,,,,,,,,,,23,,,,,C03,,,3,,1,,,23,23,1,5,,C03,120.663509,24.161454,3
2022,8,30,9,38,臺中市,大里區,0,0,0,8,,,30,,,,,,,,,,,,,,,12,,,,,A12,,,1,,2,,,12,,1,10,,A12,120.674195,24.097351,3
2022,8,30,9,40,臺中市,西屯區,0,2,0,8,1,5,50,3,1,1,5,4,5,7,1,1,4,3,4,2,16,25,2,9,1,1,C03,7,9,1,10,2,11,,25,25,1,22,8,C03,120.647045,24.169968,2
2022,8,30,9,43,臺中市,東勢區,0,1,0,8,1,5,50,4,1,1,5,4,5,7,1,1,10,5,5,2,17,42,3,10,1,1,C03,7,5,1,10,2,14,,42,42,1,22,8,C03,120.827485,24.260076,2
2022,8,30,9,45,臺中市,北屯區,0,2,0,8,1,5,50,3,2,1,5,4,5,7,4,4,5,5,4,2,16,23,2,8,1,1,C03,7,14,1,10,2,14,,38,23,1,5,8,C03,120.68539,24.184221,2
2022,8,30,9,45,臺中市,烏日區,0,0,0,8,,,30,,,,,,,,,,,,,,,23,,,,,A12,,,1,,2,,,23,,1,21,,A12,120.640364,24.087266,3
2022,8,30,9,49,臺中市,烏日區,0,1,0,8,1,5,50,4,2,1,5,4,5,7,2,1,1,4,4,1,17,8,2,9,1,1,C03,7,5,1,10,2,12,,8,8,1,21,8,C03,120.624733,24.104088,2
2022,8,30,9,49,臺中市,沙鹿區,0,1,0,8,1,5,50,3,1,1,5,4,5,7,4,4,4,4,4,2,16,6,2,9,1,1,C03,7,5,1,10,2,14,,6,6,1,22,9,C03,120.559951,24.238392,2
2022,8,30,9,49,臺中市,大甲區,0,2,0,8,1,5,70,4,2,1,5,4,5,7,1,1,1,4,4,1,17,23,2,9,1,1,C03,7,9,6,18,2,11,,23,23,1,22,9,C03,120.645805,24.39826,2
2022,8,30,10,10,臺中市,太平區,0,1,0,8,1,5,30,14,9,1,5,4,5,7,4,4,9,4,5,2,16,6,2,7,1,1,C03,7,1,3,18,2,14,,6,6,1,22,5,C03,120.723907,24.145534,2
2022,8,30,10,15,臺中市,清水區,0,0,0,8,,,70,,,,,,,,,,,,,,,7,,,,,B03,,,1,,2,,,7,,1,22,,B03,120.590021,24.30451,3
2022,8,30,10,15,臺中市,神岡區,0,1,0,8,1,5,30,3,1,1,5,4,5,7,4,4,10,5,5,2,16,5,3,10,1,1,B03,7,5,1,8,2,4,,5,5,1,22,9,B03,120.703991,24.256895,2