年,月,日,時,分,縣市,區,死,受傷,2-30,天候,光線,道路類別,速限,道路型態,事故位置,路面鋪裝,路面狀態,路面缺陷,障礙物,視距,號誌種類,號誌動作,分向設施,快車道或一般車道間,快慢車道間,路面邊線,事故類型及型態,主要肇因,受傷程度,主要傷處,保護裝備,行動電話,當事者區分,車輛用途,當事者行動狀態,駕駛資格情形,駕駛執照種類,飲酒情形,車輛撞擊部位最初,車輛撞擊部位其他,肇事因素個別,肇事因素主要,肇事逃逸,職業,旅次目的,車種,GPS緯度,GPS經度,事故類別
2022,8,30,10,17,臺中市,南屯區,0,2,0,8,1,5,40,3,1,1,5,4,5,7,4,4,10,5,5,2,17,26,2,9,1,1,C03,7,5,1,10,2,14,,44,26,1,22,9,C03,120.609965,24.146066,2
2022,8,30,10,20,臺中市,西屯區,0,0,0,8,,,50,,,,,,,,,,,,,,,18,,,,,B03,,,1,,1,,,18,,1,22,,B03,120.634333,24.167561,3
2022,8,30,10,27,臺中市,大肚區,0,0,0,8,,,50,,,,,,,,,,,,,,,23,,,,,B12,,,1,,2,,,23,,1,22,,B12,120.572392,24.155888,3
2022,8,30,10,30,臺中市,沙鹿區,0,0,0,6,,,50,,,,,,,,,,,,,,,18,,,,,B11,,,1,,1,,,18,,1,9,,B11,120.565838,24.236482,3
2022,8,30,10,44,臺中市,太平區,0,0,0,8,,,50,,,,,,,,,,,,,,,19,,,,,B11,,,1,,11,,,19,,1,21,,B11,120.714797,24.159076,3
2022,8,30,10,45,臺中市,龍井區,0,0,0,8,,,50,,,,,,,,,,,,,,,23,,,,,B12,,,1,,1,,,23,,1,22,,B12,120.584113,24.182042,4
2022,8,30,10,46,臺中市,西屯區,0,0,0,8,,,60,,,,,,,,,,,,,,,7,,,,,C02,,,4,,1,,,7,,1,22,,C02,120.64672,24.164501,3
2022,8,30,10,55,臺中市,西屯區,0,2,0,8,1,5,50,4,2,1,5,4,5,7,4,4,4,3,5,2,16,16,2,9,1,1,C03,7,9,1,10,2,12,,16,16,1,22,8,C03,120.665622,24.174276,2
2022,8,30,10,58,臺中市,大雅區,0,2,0,8,1,5,50,4,1,1,5,4,5,7,1,1,5,5,5,1,17,6,2,9,1,1,C03,7,5,1,10,2,11,,6,6,1,21,8,C03,120.648289,24.226613,2
2022,8,30,11,5,臺中市,南區,0,0,0,8,1,5,50,14,8,1,5,4,5,7,4,4,1,4,4,2,17,23,3,10,1,1,B03,7,8,1,8,2,6,,23,23,1,5,8,B03,120.669834,24.117066,3
2022,8,30,11,10,臺中市,西區,0,0,0,,,,,,,,,,,,,,,,,,,43,,,,,B03,,,1,,10,,,38,43,1,20,,B03,120.670956,24.141166,3
2022,8,30,11,19,臺中市,西區,0,0,0,8,1,5,50,3,2,1,5,4,5,7,4,4,10,5,5,2,14,12,,,,,B03,,,1,,1,,,12,,1,5,,B03,120.662786,24.152711,3
2022,8,30,11,19,臺中市,太平區,0,0,0,8,,,30,,,,,,,,,,,,,,,1,,,,,B03,,,1,,2,,,1,,1,5,,B03,120.729284,24.104258,3
2022,8,30,11,22,臺中市,北屯區,0,0,0,8,,,50,,,,,,,,,,,,,,,12,,,,,B03,,,1,,1,,,12,,1,21,,B03,120.682713,24.174512,3
2022,8,30,11,23,臺中市,大里區,0,0,0,8,1,5,30,4,1,1,5,4,5,7,1,1,10,5,5,2,16,6,,,,,C03,,,1,,2,,,6,,1,5,,C03,120.702342,24.097515,3
2022,8,30,11,26,臺中市,東區,0,0,0,,,,50,,,,,,,,,,,,,,,23,,,,,B03,,,1,,2,,,23,,1,5,,B03,120.689614,24.136444,3
2022,8,30,11,30,臺中市,豐原區,0,0,0,8,,,30,,,,,,,,,,,,,,,12,,,,,B12,,,1,,11,,,12,,2,22,,B12,120.74848,24.263392,3
2022,8,30,11,36,臺中市,北屯區,0,2,0,8,1,5,50,3,1,1,5,4,5,7,4,4,10,5,5,2,16,1,2,7,1,1,C03,7,4,1,10,2,12,,1,1,1,5,8,C03,120.695631,24.176224,2
2022,8,30,11,37,臺中市,西屯區,0,0,0,8,,,40,,,,,,,,,,,,,,,23,,,,,B03,,,1,,1,,,23,,1,22,,B03,120.637193,24.170515,3
2022,8,30,11,43,臺中市,太平區,0,2,0,8,1,5,30,14,9,1,5,4,5,7,4,4,10,5,5,2,17,19,2,8,1,1,F03,7,1,8,20,2,16,,19,19,1,21,8,F03,120.701257,24.111507,2
2022,8,30,11,49,臺中市,北區,0,1,0,8,1,5,50,3,9,1,5,4,5,7,4,4,2,4,4,2,16,18,3,10,1,1,B03,7,3,1,8,2,6,,18,18,1,5,5,B03,120.68405,24.162983,2
2022,8,30,11,49,臺中市,神岡區,0,1,0,8,1,5,30,3,1,1,5,4,5,7,4,4,5,5,5,1,16,6,3,10,1,1,B03,7,5,1,8,2,8,,6,6,1,22,8,B03,120.680568,24.240768,2
2022,8,30,11,58,臺中市,北區,0,1,0,8,1,5,50,3,9,1,5,4,5,7,4,4,1,4,5,2,17,19,3,10,1,1,B03,7,1,1,8,2,8,,19,19,1,22,9,B03,120.683426,24.146225,2
2022,8,30,12,0,臺中市,豐原區,0,1,0,8,1,5,30,3,1,1,5,4,5,7,3,1,8,3,4,1,3,15,3,10,1,1,C03,7,9,1,10,2,11,,15,15,1,22,5,C03,120.724503,24.252328,2
2022,8,30,12,5,臺中市,龍井區,0,0,0,8,,,30,,,,,,,,,,,,,,,17,,,,,B12,,,1,,2,,,17,,1,22,,B12,120.584005,24.179509,3
2022,8,30,12,11,臺中市,豐原區,0,2,0,8,1,5,50,3,1,1,5,4,5,7,1,1,10,5,5,2,17,6,2,9,1,1,C04,7,5,3,18,2,14,,6,6,1,22,8,C04,120.707301,24.247098,2
2022,8,30,12,20,臺中市,豐原區,0,0,0,8,,,50,,,,,,,,,,,,,,,16,,,,,C03,,,1,,2,,,16,,1,4,,C03,120.714669,24.249511,3
2022,8,30,12,22,臺中市,清水區,0,2,0,8,1,5,50,14,7,1,5,4,5,7,4,4,5,5,4,2,18,43,2,9,1,1,C03,7,9,1,10,2,12,,43,43,1,5,8,C03,120.574676,24.263748,2
2022,8,30,12,33,臺中市,神岡區,0,0,0,8,,,50,,,,,,,,,,,,,,,12,,,,,B03,,,1,,2,,,12,,1,22,,B03,120.685991,24.246856,3
2022,8,30,12,36,臺中市,西屯區,0,1,0,8,1,5,50,3,9,1,5,4,5,7,1,1,4,3,5,2,16,23,3,10,1,1,B03,7,5,1,8,2,5,,23,23,1,22,8,B03,120.619757,24.180631,2
2022,8,30,12,40,臺中市,沙鹿區,0,1,0,8,1,5,50,3,9,1,5,4,5,7,1,1,4,4,5,2,11,26,3,10,1,1,A12,7,9,1,7,2,4,,26,26,1,3,1,A12,120.570946,24.215951,2
2022,8,30,12,40,臺中市,豐原區,0,2,0,8,1,5,40,3,1,1,5,4,5,7,4,4,10,5,5,2,17,23,2,9,1,1,C03,7,5,1,10,2,14,,23,23,1,21,8,C03,120.703884,24.242001,2
2022,8,30,12,50,臺中市,沙鹿區,0,2,0,8,1,5,50,14,7,1,5,4,5,7,1,1,3,4,4,2,17,40,2,8,3,1,B03,7,15,1,8,2,4,,40,40,1,22,9,B03,120.562072,24.245346,2
2022,8,30,12,54,臺中市,沙鹿區,0,2,0,8,1,5,50,4,1,1,5,4,5,7,3,1,10,5,5,2,16,9,3,10,1,1,C03,7,6,1,10,2,12,,9,9,1,18,8,C03,120.57373,24.229068,2
2022,8,30,12,54,臺中市,豐原區,0,0,0,8,,,50,,,,,,,,,,,,,,,23,,,,,B03,,,1,,2,,,23,,1,22,,B03,120.729383,24.243703,3
2022,8,30,12,58,臺中市,南區,0,1,0,8,1,5,40,4,1,1,5,4,5,7,2,1,1,4,4,2,12,43,2,8,1,4,C03,7,9,1,10,2,11,,43,43,1,21,8,C03,120.653659,24.113755,2
2022,8,30,13,1,臺中市,西區,0,0,0,,,,50,,,,,,,,,,,,,,,23,,,,,B03,,,1,,2,,,23,,1,20,,B03,120.658113,24.136346,3
2022,8,30,13,3,臺中市,大里區,0,2,0,8,1,5,50,4,2,1,5,4,5,7,1,1,5,5,5,2,16,6,2,9,1,1,C03,7,5,3,18,2,14,,6,6,1,12,5,C03,120.684231,24.11715,2
2022,8,30,13,7,臺中市,西屯區,0,2,0,8,1,5,50,14,9,1,5,4,5,7,4,4,1,3,4,2,18,42,2,9,1,1,C03,7,9,1,10,2,12,,42,42,1,22,8,C03,120.65541,24.200624,2
2022,8,30,13,9,臺中市,西屯區,0,0,0,8,,,50,,,,,,,,,,,,,,,23,,,,,B03,,,1,,1,,,23,,1,22,,B03,120.6065,24.191616,3
2022,8,30,13,15,臺中市,清水區,0,0,0,8,,,70,,,,,,,,,,,,,,,43,,,,,A41,,,1,,2,,,43,,1,21,,A41,120.552289,24.293688,3
2022,8,30,13,16,臺中市,西區,0,0,0,8,,,50,,,,,,,,,,,,,,,23,,,,,B03,,,1,5,2,,,23,23,1,22,,B03,120.674152,24.14779,3
2022,8,30,13,17,臺中市,沙鹿區,0,1,0,8,1,5,40,14,8,1,5,4,5,7,4,4,10,5,5,1,17,6,3,10,1,1,B03,7,6,1,8,2,5,,6,6,1,4,1,B03,120.582453,24.250133,2
2022,8,30,13,43,臺中市,北區,0,2,0,8,1,5,50,4,1,1,5,4,5,7,4,4,10,5,5,2,16,6,2,9,1,1,C03,7,9,1,10,2,12,,6,6,1,22,8,C03,120.670593,24.168774,2
2022,8,30,13,43,臺中市,南屯區,0,1,0,8,1,5,40,14,8,1,5,4,5,7,4,4,1,4,4,2,17,19,3,10,1,1,B03,7,1,1,8,2,8,,19,19,1,5,8,B03,120.624211,24.145396,2
2022,8,30,13,48,臺中市,西區,0,2,0,8,1,5,50,4,1,1,5,4,5,7,4,4,10,5,5,2,15,6,2,8,1,1,C03,7,9,1,10,2,11,,6,6,1,22,8,C03,120.671491,24.135563,2
2022,8,30,13,50,臺中市,烏日區,1,0,0,8,1,5,30,14,9,1,5,4,5,7,4,4,10,5,5,2,5,42,3,10,1,1,B03,7,9,1,1,2,1,,42,42,1,10,8,B03,120.653726,24.06021,1
2022,8,30,14,8,臺中市,龍井區,0,0,0,8,,,50,,,,,,,,,,,,,,,12,,,,,B03,,,1,,2,,,12,,1,22,,B03,120.590308,24.188624,3
2022,8,30,14,15,臺中市,北區,0,0,0,,,,50,,,,,,,,,,,,,,,12,,,,,B12,,,1,,1,,,12,,1,5,,B12,120.685132,24.157603,3
2022,8,30,14,21,臺中市,西屯區,0,2,0,8,1,5,40,14,8,1,5,4,5,7,4,4,1,5,1,2,16,7,2,9,1,1,C03,7,8,1,10,2,12,,7,7,1,22,8,C03,120.593367,24.182162,2
2022,8,30,14,36,臺中市,西屯區,0,0,0,8,,,50,,,,,,,,,,,,,,,19,,,,,B03,,,1,,1,,,19,,1,22,,B03,120.653601,24.160208,3
2022,8,30,14,38,臺中市,沙鹿區,0,1,0,8,1,5,50,14,7,1,5,4,5,7,4,4,4,2,4,2,17,26,3,10,1,1,C03,7,5,1,10,9,14,,26,26,1,5,8,C03,120.56112,24.242992,2
2022,8,30,14,40,臺中市,后里區,0,1,0,6,1,5,50,4,1,1,4,4,5,7,3,1,10,5,5,2,16,9,3,10,1,1,B03,7,6,1,8,2,2,,9,9,1,4,1,B03,120.717918,24.315065,2
2022,8,30,14,54,臺中市,龍井區,0,0,0,8,,,50,,,,,,,,,,,,,,,23,,,,,C03,,,1,,2,,,23,,1,22,,C03,120.592926,24.182643,3
2022,8,30,14,55,臺中市,西屯區,0,2,0,8,1,5,50,14,9,1,5,4,5,7,4,4,8,3,5,2,16,19,2,9,1,1,C03,7,1,1,10,2,12,,19,19,1,22,8,C03,120.639595,24.179512,2
2022,8,30,14,55,臺中市,太平區,0,0,0,8,,,30,,,,,,,,,,,,,,,5,,,,,B03,,,1,,2,,,5,,1,9,,B03,120.729878,24.109253,3
2022,8,30,14,57,臺中市,大雅區,0,0,0,8,,,50,,,,,,,,,,,,,,,23,,,,,B03,,,6,,2,,,23,23,1,22,,B03,120.630543,24.240616,3
2022,8,30,14,57,臺中市,北屯區,0,2,0,8,1,5,50,4,1,1,5,4,5,7,2,1,10,5,5,2,16,25,3,10,1,1,B03,7,5,1,8,2,5,,25,25,1,21,8,B03,120.721456,24.1818,2
2022,8,30,15,5,臺中市,北屯區,0,1,0,8,1,5,50,14,7,1,5,4,5,7,4,4,9,4,4,2,16,6,3,10,1,1,B03,7,6,1,8,2,5,,6,6,1,21,8,B03,120.695069,24.173393,2
2022,8,30,15,26,臺中市,豐原區,0,0,0,6,,,50,,,,,,,,,,,,,,,23,,,,,B12,,,1,,2,,,23,23,1,4,,B12,120.724227,24.245138,3
2022,8,30,15,34,臺中市,西區,0,0,0,8,,,50,,,,,,,,,,,,,,,23,,,,,B12,,,1,,1,,,23,,1,21,,B12,120.662608,24.140163,4
2022,8,30,15,38,臺中市,龍井區,0,0,0,8,,,60,,,,,,,,,,,,,,,23,,,,,B03,,,1,,2,,,23,,1,22,,B03,120.581746,24.175784,3
2022,8,30,15,50,臺中市,西區,0,0,0,8,,,50,,,,,,,,,,,,,,,12,,,,,B02,,,1,8,1,,,12,12,1,22,,B02,120.661419,24.142236,3
2022,8,30,15,55,臺中市,南屯區,0,1,0,8,1,5,50,14,9,1,5,4,5,7,4,4,5,5,5,2,17,17,2,9,4,1,F01,7,15,8,20,2,16,,17,17,1,20,8,F01,120.63622,24.145084,2
2022,8,30,16,1,臺中市,北屯區,0,0,0,6,,,80,,,,,,,,,,,,,,,16,,,,,B12,,,1,,1,,,16,,1,21,,B12,120.719181,24.163153,3
2022,8,30,16,5,臺中市,西區,0,1,0,6,1,5,50,4,1,1,4,4,5,7,2,1,10,5,5,2,15,21,3,10,1,1,C03,7,9,1,10,4,11,,21,21,1,22,8,C03,120.666633,24.146728,2
2022,8,30,16,5,臺中市,北區,0,0,0,8,,,50,,,,,,,,,,,,,,,42,,,,,B12,,,1,,1,,,42,,1,22,,B12,120.674527,24.159093,3
2022,8,30,16,6,臺中市,北區,0,0,0,,,,50,,,,,,,,,,,,,,,12,,,,,B03,,,1,,2,,,12,,1,5,,B03,120.672284,24.170095,3
2022,8,30,16,10,臺中市,烏日區,0,1,0,8,1,5,50,4,1,1,5,4,5,7,2,1,1,2,5,2,12,9,3,10,1,1,B02,7,6,1,8,2,6,,9,9,1,21,8,B02,120.614252,24.106672,2
2022,8,30,16,11,臺中市,神岡區,0,0,0,6,,,50,,,,,,,,,,,,,,,42,,,,,C03,,,3,,1,,,42,,1,22,,C03,120.656595,24.25085,4
2022,8,30,16,15,臺中市,大里區,0,1,0,6,1,5,50,14,9,1,4,4,5,7,4,4,5,4,5,1,16,26,2,9,1,1,C03,7,1,1,10,2,14,,26,26,1,22,8,C03,120.689691,24.117617,2
2022,8,30,16,28,臺中市,西區,0,1,0,8,1,5,50,4,1,1,5,4,5,7,1,1,5,4,4,1,16,8,3,10,1,1,C03,7,5,1,10,2,14,,8,8,1,21,8,C03,120.663884,24.157614,2
2022,8,30,16,28,臺中市,北屯區,0,0,0,8,1,5,50,14,9,1,5,4,5,7,4,4,5,4,5,2,13,23,,,,,B12,,,1,,1,,,23,,1,21,,B12,120.736793,24.178206,3
2022,8,30,16,31,臺中市,潭子區,0,0,0,8,,,60,,,,,,,,,,,,,,,12,,,,,B12,,,1,,2,,,12,,1,22,,B12,120.709827,24.234901,3
2022,8,30,16,34,臺中市,北區,0,0,0,6,,,50,,,,,,,,,,,,,,,17,,,,,B03,,,1,,11,,,17,,2,22,,B03,120.674438,24.14686,3
2022,8,30,16,34,臺中市,豐原區,0,0,0,6,,,50,,,,,,,,,,,,,,,16,,,,,B02,,,1,,2,,,16,,1,4,,B02,120.702316,24.249566,3
2022,8,30,16,37,臺中市,南屯區,0,1,0,8,1,5,30,4,1,1,4,4,5,7,4,4,10,5,5,2,15,6,2,8,3,4,C03,7,9,1,10,2,11,,6,6,1,12,8,C03,120.613534,24.150437,2
2022,8,30,16,38,臺中市,南屯區,0,1,0,7,1,5,50,14,7,1,5,4,5,7,4,4,5,5,4,2,16,26,3,10,1,1,B03,7,11,1,7,2,8,,26,26,1,5,8,B03,120.61124,24.134616,2
2022,8,30,16,41,臺中市,潭子區,0,0,0,8,,,40,,,,,,,,,,,,,,,17,,,,,B12,,,1,,2,,,17,,1,22,,B12,120.703955,24.215999,3
2022,8,30,16,42,臺中市,梧棲區,0,0,0,8,,,30,,,,,,,,,,,,,,,10,,,,,B03,,,1,,1,,,10,10,1,5,,B03,120.546358,24.255916,3
2022,8,30,16,48,臺中市,霧峰區,0,1,0,8,1,5,40,14,9,1,5,4,5,7,1,1,10,5,5,1,13,16,2,7,1,1,C03,7,9,1,10,2,11,,16,16,1,4,8,C03,120.678919,24.064818,2
2022,8,30,16,55,臺中市,神岡區,0,3,0,8,1,5,30,3,1,1,5,4,5,7,4,4,10,5,5,2,16,6,2,7,1,1,C03,7,9,1,10,2,14,,6,6,1,22,9,C03,120.704925,24.26042,2
2022,8,30,16,57,臺中市,南區,0,0,0,8,,,50,,,,,,,,,,,,,,,19,,,,,A02,,,1,,9,,,19,,1,22,,A02,120.655576,24.114622,3
2022,8,30,16,58,臺中市,西區,0,1,0,6,1,5,50,3,1,1,4,4,5,7,1,1,10,5,5,2,17,6,3,10,1,1,B12,7,5,1,8,2,15,,6,6,1,22,9,B12,120.658502,24.155427,2
2022,8,30,17,1,臺中市,西屯區,0,1,0,8,1,5,50,4,1,1,4,4,5,7,1,1,10,5,5,2,16,9,3,10,1,1,B03,7,6,1,8,11,7,,9,9,1,22,8,B03,120.661908,24.170099,2
2022,8,30,17,3,臺中市,西區,0,1,0,6,1,5,40,4,1,1,4,4,5,7,2,1,10,5,5,2,16,25,3,10,1,1,B03,7,6,1,8,2,2,,25,25,1,22,8,B03,120.673565,24.147815,2
2022,8,30,17,3,臺中市,大甲區,0,2,0,8,1,5,50,4,1,1,5,4,5,7,1,1,10,5,5,2,16,6,2,9,1,1,C03,7,5,2,18,2,11,,6,6,1,16,2,C03,120.625153,24.340232,2
2022,8,30,17,4,臺中市,北屯區,0,1,0,7,1,5,50,3,1,1,4,4,5,7,4,4,10,5,5,2,16,19,3,10,1,1,B03,7,1,1,8,2,4,,19,19,1,21,8,B03,120.699097,24.161185,2
2022,8,30,17,5,臺中市,新社區,0,0,0,8,,,50,,,,,,,,,,,,,,,23,,,,,C03,,,1,,1,,,23,,1,9,,C03,120.80822,24.24395,3
2022,8,30,17,6,臺中市,南屯區,0,1,0,7,1,5,50,4,1,1,4,4,5,7,4,4,10,5,5,2,16,6,3,10,1,1,B03,7,5,1,8,2,1,,6,6,1,5,8,B03,120.646456,24.12953,2
2022,8,30,17,9,臺中市,大里區,0,1,0,6,1,5,50,3,1,1,4,4,5,7,1,1,10,5,5,2,17,3,3,10,1,1,F01,7,15,8,20,2,16,,3,3,1,16,8,F01,120.689933,24.111551,2
2022,8,30,17,10,臺中市,大里區,0,0,0,8,,,50,,,,,,,,,,,,,,,23,,,,,B03,,,6,,8,,,23,,1,22,,B03,120.693511,24.090316,3
2022,8,30,17,16,臺中市,烏日區,0,0,0,,,,50,,,,,,,,,,,,,,,9,,,,,B03,,,1,,2,,,9,,1,4,,B03,120.624455,24.10381,3
2022,8,30,17,20,臺中市,潭子區,0,0,0,8,,,40,,,,,,,,,,,,,,,23,,,,,B03,,,1,,2,,,23,,1,22,,B03,120.711094,24.230755,3
2022,8,30,17,20,臺中市,梧棲區,0,1,0,8,1,5,40,4,1,1,5,4,5,7,4,4,5,4,5,1,15,6,2,9,1,1,C03,7,9,1,10,2,11,,6,6,1,4,8,C03,120.532971,24.25836,2
2022,8,30,17,24,臺中市,清水區,0,0,0,8,,,30,,,,,,,,,,,,,,,23,,,,,B12,,,1,,2,,,23,,1,21,,B12,120.564112,24.262431,3
2022,8,30,17,27,臺中市,北屯區,0,1,0,6,1,5,50,4,1,1,4,4,5,7,2,1,10,5,5,2,18,23,2,9,1,1,C03,7,12,1,10,2,14,,23,23,1,21,8,C03,120.683436,24.172401,2
2022,8,30,17,28,臺中市,西屯區,0,1,0,7,2,5,40,3,8,1,5,4,5,7,4,4,1,4,1,2,17,43,2,9,3,4,C03,7,9,1,10,2,14,,43,43,1,22,8,C03,120.642893,24.166574,2
2022,8,30,17,29,臺中市,西屯區,0,0,0,8,,,50,,,,,,,,,,,,,,,7,,,,,A31,,,1,,2,,,7,7,1,22,,A31,120.616508,24.182689,3
2022,8,30,17,35,臺中市,南區,0,1,0,8,1,5,40,4,1,1,5,4,5,7,1,1,10,5,5,2,28,23,2,9,4,5,F01,7,9,8,20,2,16,,23,23,1,22,8,F01,120.651697,24.117179,2
2022,8,30,17,40,臺中市,大里區,0,0,0,8,,,50,,,,,,,,,,,,,,,23,,,,,B12,,,1,,2,,,23,,1,9,,B12,120.717654,24.100704,3
2022,8,30,17,45,臺中市,大里區,0,1,0,8,2,5,50,14,9,1,5,4,5,7,4,4,5,4,5,1,16,1,2,9,1,1,C03,7,4,1,10,5,11,,1,1,1,5,8,C03,120.68976,24.088738,2
2022,8,30,17,46,臺中市,烏日區,0,1,0,7,1,5,50,3,1,1,5,4,5,7,2,1,1,2,5,2,12,17,2,9,1,1,C03,7,5,1,10,3,14,12,17,17,1,21,8,C03,120.610609,24.113735,2
2022,8,30,17,48,臺中市,霧峰區,0,0,0,8,,,40,,,,,,,,,,,,,,,7,,,,,B03,,,1,,2,,,7,,1,22,,B03,120.662773,24.066561,3
2022,8,30,17,49,臺中市,龍井區,0,1,0,8,1,5,30,5,1,1,5,4,5,7,1,1,10,5,5,2,17,23,3,10,3,4,B03,7,9,3,18,2,8,,23,23,1,22,9,B03,120.575661,24.184622,2
2022,8,30,17,50,臺中市,西屯區,0,0,0,8,,,50,,,,,,,,,,,,,,,7,,,,,B03,,,1,,2,,,7,,1,22,,B03,120.636153,24.159528,3
2022,8,30,17,52,臺中市,南區,0,0,0,8,,,50,,,,,,,,,,,,,,,7,,,,,C03,,,1,,2,,,7,,1,5,,C03,120.653659,24.113755,3
2022,8,30,17,55,臺中市,西區,0,1,0,7,2,5,50,14,9,1,4,4,5,7,4,4,5,5,5,2,2,17,3,10,1,1,B03,7,9,1,8,2,2,,17,17,1,22,8,B03,120.671176,24.152546,2
2022,8,30,17,56,臺中市,西屯區,0,0,0,8,,,50,,,,,,,,,,,,,,,16,,,,,B03,,,1,,1,,,16,,1,21,,B03,120.657018,24.161851,3
2022,8,30,17,58,臺中市,南區,0,1,0,8,1,5,50,14,9,1,5,4,5,7,4,4,1,4,5,2,13,23,2,8,1,1,C03,7,9,1,10,2,11,,23,23,1,21,8,C03,120.658633,24.119145,2
2022,8,30,17,58,臺中市,太平區,0,1,0,8,1,5,50,14,20,1,5,4,5,7,4,4,1,4,5,2,17,26,2,9,3,4,C03,7,9,1,10,2,14,,26,26,1,3,8,C03,120.710578,24.138886,2
2022,8,30,18,0,臺中市,中區,0,2,0,7,1,5,50,4,1,1,5,4,5,7,2,1,10,5,5,2,16,25,3,10,1,1,C03,7,5,1,10,2,14,,25,25,1,22,9,C03,120.676542,24.142268,2
2022,8,30,18,0,臺中市,西屯區,0,1,0,8,4,8,50,14,9,1,5,4,5,7,4,4,10,5,5,2,12,6,3,10,1,1,A11,7,6,1,3,2,5,,6,6,1,22,8,A11,120.657744,24.200169,2
2022,8,30,18,15,臺中市,北屯區,0,0,0,6,,,50,,,,,,,,,,,,,,,26,,,,,C03,,,1,,1,,,23,26,1,21,,C03,120.694194,24.171077,3
2022,8,30,18,15,臺中市,豐原區,0,0,0,8,,,60,,,,,,,,,,,,,,,23,,,,,B03,,,1,,2,,,23,23,1,21,,B03,120.703303,24.24268,3
2022,8,30,18,17,臺中市,大里區,0,0,0,8,,,50,,,,,,,,,,,,,,,17,,,,,C03,,,3,,2,,,17,,1,5,,C03,120.670198,24.111251,3
2022,8,30,18,24,臺中市,中區,0,0,0,8,,,50,,,,,,,,,,,,,,,23,,,,,B03,,,1,,1,,,23,,1,21,,B03,120.68401,24.138553,4
2022,8,30,18,32,臺中市,西屯區,0,1,0,8,2,5,50,4,1,1,5,4,5,7,2,1,10,5,5,2,3,15,3,10,1,1,B03,7,5,1,8,2,15,,15,15,2,21,8,B03,120.636035,24.176193,2
2022,8,30,18,35,臺中市,霧峰區,0,0,0,8,,,40,,,,,,,,,,,,,,,23,,,,,B12,,,1,,2,,,23,,1,9,,B12,120.691144,24.071107,3
2022,8,30,18,35,臺中市,龍井區,0,0,0,8,,,50,,,,,,,,,,,,,,,19,,,,,B12,,,1,,2,,,19,,1,22,,B12,120.584133,24.187923,3
2022,8,30,18,36,臺中市,大雅區,0,0,0,8,,,50,,,,,,,,,,,,,,,2,,,,,B03,,,1,,2,,,2,,1,22,,B03,120.649946,24.221638,3
2022,8,30,18,40,臺中市,烏日區,0,0,0,8,,,50,,,,,,,,,,,,,,,18,,,,,B03,,,1,,2,,,18,,1,1,,B03,120.624145,24.10406,3
2022,8,30,18,42,臺中市,新社區,0,3,0,8,3,5,50,14,9,1,5,4,5,7,4,4,5,5,5,1,2,23,3,10,1,1,A12,7,9,1,2,2,5,,23,23,1,10,4,A12,120.78655,24.23693,2
2022,8,30,18,44,臺中市,烏日區,0,2,0,7,3,5,60,14,7,1,5,4,5,7,4,4,1,4,4,1,13,42,2,9,1,1,C03,7,9,1,10,2,11,14,42,42,1,21,8,C03,120.63776,24.107872,2
2022,8,30,18,50,臺中市,西屯區,0,0,0,8,,,50,,,,,,,,,,,,,,,43,,,,,B03,,,1,,2,,,43,,1,22,,B03,120.664697,24.178159,3
2022,8,30,18,55,臺中市,大甲區,0,2,0,8,3,5,40,4,2,1,5,4,5,7,3,1,1,4,4,1,12,16,2,9,1,1,C03,7,9,1,10,2,14,,16,16,1,18,8,C03,120.650695,24.380136,2
2022,8,30,18,56,臺中市,西屯區,0,2,0,8,4,5,40,4,1,1,5,4,5,7,2,1,10,5,5,2,13,16,2,9,1,1,C03,7,9,1,10,2,11,,16,16,1,22,8,C03,120.593029,24.183136,2
2022,8,30,18,58,臺中市,大甲區,0,3,0,8,3,5,60,4,1,1,5,4,5,7,2,1,1,5,5,2,16,25,2,9,1,1,B03,7,9,1,8,2,1,,25,25,1,21,8,B03,120.648582,24.376594,2
2022,8,30,19,4,臺中市,西區,0,1,0,8,1,5,50,4,1,1,5,4,5,7,1,1,10,5,5,2,16,9,3,10,1,1,B03,7,6,1,8,2,6,,9,9,1,22,9,B03,120.666736,24.141067,2
2022,8,30,19,12,臺中市,中區,0,1,0,8,3,5,40,14,12,1,5,4,5,7,4,4,5,5,4,2,18,16,2,9,1,1,C03,7,9,1,10,2,14,,16,16,1,22,8,C03,120.681437,24.144927,2
2022,8,30,19,19,臺中市,北區,0,1,0,8,3,5,50,14,7,1,5,4,5,7,4,4,3,4,4,2,16,23,3,10,1,1,B03,7,9,1,8,2,2,,23,23,1,22,8,B03,120.677908,24.151491,2
2022,8,30,19,24,臺中市,南屯區,0,1,0,8,3,5,50,4,1,1,5,4,5,7,1,1,10,5,5,2,16,6,3,10,1,1,B03,7,5,1,8,2,1,,6,6,1,5,8,B03,120.649966,24.136748,2
2022,8,30,19,25,臺中市,東勢區,0,1,0,8,3,5,50,4,1,1,5,4,5,7,4,4,10,5,5,2,17,6,3,10,1,1,B03,7,1,3,18,2,15,,6,6,1,9,8,B03,120.82757,24.25884,2