年,月,日,時,分,縣市,區,死,受傷,2-30,天候,光線,道路類別,速限,道路型態,事故位置,路面鋪裝,路面狀態,路面缺陷,障礙物,視距,號誌種類,號誌動作,分向設施,快車道或一般車道間,快慢車道間,路面邊線,事故類型及型態,主要肇因,受傷程度,主要傷處,保護裝備,行動電話,當事者區分,車輛用途,當事者行動狀態,駕駛資格情形,駕駛執照種類,飲酒情形,車輛撞擊部位最初,車輛撞擊部位其他,肇事因素個別,肇事因素主要,肇事逃逸,職業,旅次目的,車種,GPS緯度,GPS經度,事故類別
2022,8,30,19,26,臺中市,大甲區,0,1,0,8,3,5,50,4,1,1,5,4,5,7,4,4,5,5,5,2,16,6,2,8,1,1,C03,7,5,1,10,2,12,,6,6,1,21,8,C03,120.620088,24.347125,2
2022,8,30,19,30,臺中市,西屯區,0,1,0,8,2,5,50,4,1,1,5,4,5,7,3,1,10,5,5,2,15,6,2,9,1,1,C03,7,9,1,10,2,11,,6,6,1,22,8,C03,120.656416,24.190121,2
2022,8,30,20,16,臺中市,北區,0,1,0,8,3,5,50,14,9,1,5,4,5,7,4,4,2,4,5,2,17,19,3,10,1,1,B03,7,1,1,8,2,8,,19,19,1,22,9,B03,120.692244,24.160834,2
2022,8,30,20,19,臺中市,北區,0,3,0,8,1,5,50,4,1,1,5,4,5,7,1,1,10,5,5,2,17,6,2,9,1,1,C03,7,5,1,10,2,12,,6,6,1,22,8,C03,120.673773,24.165153,2
2022,8,30,20,52,臺中市,大里區,0,0,0,8,,,60,,,,,,,,,,,,,,,16,,,,,B03,,,1,,2,,,16,,1,22,,B03,120.681082,24.104827,4
2022,8,30,21,5,臺中市,東區,0,1,0,8,3,5,50,4,1,1,5,4,5,7,1,1,5,5,5,2,16,25,2,8,1,1,C03,7,9,1,10,2,11,,25,25,1,22,8,C03,120.701823,24.13195,2
2022,8,30,21,21,臺中市,南屯區,0,1,0,8,3,5,40,14,12,1,5,4,5,7,4,4,5,5,4,2,27,23,2,9,1,1,C03,7,9,1,10,2,11,,23,23,1,5,8,C03,120.633966,24.154348,2
2022,8,30,21,30,臺中市,清水區,0,1,0,8,3,5,40,14,8,1,5,4,5,7,4,4,5,5,4,2,17,23,2,1,1,1,C03,7,15,1,10,2,15,,23,23,1,21,8,C03,120.567361,24.279338,2
2022,8,30,21,50,臺中市,沙鹿區,0,0,0,8,,,50,,,,,,,,,,,,,,,23,,,,,B03,,,1,,2,,,23,,1,21,,B03,120.56699,24.203484,3
2022,8,30,22,5,臺中市,沙鹿區,0,2,0,8,3,5,50,3,1,1,5,4,5,7,4,4,10,5,5,2,16,42,2,8,1,1,C03,7,5,1,10,2,13,,42,42,1,4,8,C03,120.563514,24.237552,2
2022,8,30,22,9,臺中市,西屯區,0,1,0,8,3,5,40,3,1,1,5,4,5,7,2,1,10,5,5,2,16,6,3,10,1,1,B03,7,6,1,8,2,5,,6,6,1,22,8,B03,120.587624,24.185457,2
2022,8,30,22,22,臺中市,大里區,0,0,0,8,,,50,,,,,,,,,,,,,,,9,,,,,A41,,,1,,2,,,9,,1,10,,A41,120.715346,24.094402,3
2022,8,30,22,25,臺中市,北區,0,2,0,8,3,5,50,14,7,1,5,4,5,7,4,4,9,5,5,2,16,10,3,10,1,1,B03,7,11,1,8,2,4,,10,10,1,22,8,B03,120.678064,24.159005,2
2022,8,30,22,30,臺中市,北屯區,0,2,0,8,3,5,50,14,9,1,5,4,5,7,4,4,5,4,5,2,16,10,2,9,1,1,B03,7,11,1,8,2,4,,10,10,1,9,8,B03,120.711695,24.172221,2
2022,8,30,23,11,臺中市,潭子區,0,0,0,8,,,50,,,,,,,,,,,,,,,25,,,,,C03,,,2,,9,,,25,,2,22,,C03,120.703479,24.201252,3
2022,8,30,23,16,臺中市,豐原區,0,0,0,8,,,50,,,,,,,,,,,,,,,23,,,,,C03,,,1,,2,,,23,,1,21,,C03,120.72249,24.236685,3
2022,8,30,23,17,臺中市,豐原區,1,0,0,8,3,5,50,4,1,1,5,4,5,7,3,1,5,5,5,2,16,7,1,9,1,1,C03,7,8,1,10,2,11,,7,7,1,22,8,C03,120.721073,24.253948,1
2022,8,30,23,58,臺中市,北區,0,0,0,8,,,50,,,,,,,,,,,,,,,12,,,,,B03,,,1,,2,,,12,,1,22,,B03,120.687787,24.155639,3
2022,8,31,0,3,臺中市,北區,0,2,0,8,3,5,50,4,1,1,5,4,5,7,3,1,10,5,5,2,15,6,2,9,1,1,C03,7,9,1,10,2,12,,6,6,1,4,8,C03,120.676824,24.149977,2
2022,8,31,0,20,臺中市,北區,0,0,0,8,,,50,,,,,,,,,,,,,,,23,,,,,B03,,,1,,2,,,23,,1,22,,B03,120.679821,24.148156,3
2022,8,31,0,24,臺中市,大里區,0,1,0,8,3,5,70,14,9,1,5,4,5,7,4,4,1,4,5,1,13,16,3,10,1,1,B03,7,9,1,8,2,1,,16,16,1,22,8,B03,120.664501,24.089468,2
2022,8,31,1,20,臺中市,大里區,0,1,0,8,3,5,50,3,1,1,5,4,5,7,4,4,5,4,5,1,12,19,3,10,1,1,B03,7,1,1,8,2,8,,19,19,1,22,8,B03,120.68293,24.092542,2
2022,8,31,1,25,臺中市,東區,0,1,0,8,3,5,50,14,9,1,5,4,5,7,4,4,5,5,5,2,17,23,2,9,1,1,B03,7,9,1,8,2,1,,23,23,1,22,8,B03,120.700677,24.130324,2
2022,8,31,2,24,臺中市,北屯區,0,0,0,8,,,50,,,,,,,,,,,,,,,23,,,,,B03,,,1,,1,,,23,,1,22,,B03,120.686041,24.200824,3
2022,8,31,3,0,臺中市,北屯區,0,0,0,8,,,30,,,,,,,,,,,,,,,23,,,,,B03,,,3,,2,,,23,,1,21,,B03,120.684241,24.194383,3
2022,8,31,5,55,臺中市,大甲區,0,0,0,8,,,50,,,,,,,,,,,,,,,17,,,,,B03,,,1,,1,,,17,,1,22,,B03,120.676932,24.377625,3
2022,8,31,5,59,臺中市,梧棲區,0,2,0,8,1,5,50,5,1,1,5,4,5,7,3,1,10,5,5,2,15,6,2,9,1,1,B12,7,9,1,10,2,2,,6,6,1,11,8,B12,120.553885,24.251756,2
2022,8,31,6,26,臺中市,北區,0,0,0,,,,50,,,,,,,,,,,,,,,23,,,,,B03,,,1,,2,,,23,,1,22,,B03,120.665142,24.169575,3
2022,8,31,6,26,臺中市,大甲區,0,2,0,8,1,5,50,11,9,1,5,4,5,7,4,4,5,5,5,1,10,4,2,9,1,1,C03,7,9,1,10,2,11,,4,4,1,22,1,C03,120.614113,24.341586,2
2022,8,31,6,30,臺中市,大甲區,0,2,0,8,1,5,50,14,9,1,5,4,5,7,4,4,9,5,5,1,3,51,2,9,4,5,H01,8,16,8,20,1,16,,51,51,1,22,8,H01,120.624779,24.347368,2
2022,8,31,7,0,臺中市,神岡區,0,0,0,8,,,50,,,,,,,,,,,,,,,16,,,,,B03,,,1,,1,,,16,,1,22,,B03,120.682688,24.246617,4
2022,8,31,7,2,臺中市,西屯區,0,1,0,8,1,5,40,14,8,1,5,4,5,7,4,4,1,4,1,1,16,17,3,10,1,4,B12,7,9,1,8,2,2,,17,17,1,4,8,B12,120.655603,24.159443,2
2022,8,31,7,6,臺中市,西屯區,0,0,0,8,,,80,,,,,,,,,,,,,,,23,,,,,B03,,,1,,2,,,23,,1,22,,B03,120.6254,24.156813,3
2022,8,31,7,11,臺中市,北屯區,0,1,0,8,1,5,50,4,1,1,5,4,5,7,1,1,10,5,5,2,16,6,3,10,1,1,B01,7,5,1,4,2,2,,6,6,1,21,8,B01,120.70239,24.186536,2
2022,8,31,7,11,臺中市,龍井區,0,0,0,8,,,60,,,,,,,,,,,,,,,7,,,,,A41,,,1,,2,,,7,,1,10,,A41,120.515616,24.201236,3
2022,8,31,7,11,臺中市,沙鹿區,0,1,0,8,1,5,50,3,1,1,5,4,5,7,4,4,10,5,5,2,13,23,3,10,1,1,B03,7,9,1,3,2,5,,23,23,1,4,9,B03,120.556819,24.232583,2
2022,8,31,7,12,臺中市,大甲區,0,0,0,,,,50,,,,,,,,,,,,,,,42,,,,,B03,,,1,,1,,,42,42,1,21,,B03,120.654037,24.379013,3
2022,8,31,7,18,臺中市,南屯區,0,0,0,,,,50,,,,,,,,,,,,,,,44,,,,,B03,,,1,,2,,,44,44,1,22,,B03,120.615181,24.147967,3
2022,8,31,7,26,臺中市,烏日區,0,2,0,8,1,5,50,14,7,1,5,4,5,7,4,4,5,5,4,2,16,4,2,8,1,1,C03,7,11,1,10,2,11,14,4,4,1,21,8,C03,120.639617,24.112469,2
2022,8,31,7,36,臺中市,北屯區,0,0,0,8,,,40,,,,,,,,,,,,,,,23,,,,,B03,,,1,,1,,,23,,1,21,,B03,120.72151,24.17597,3
2022,8,31,7,37,臺中市,太平區,0,0,0,8,,,50,,,,,,,,,,,,,,,19,,,,,C03,,,1,,1,,,19,,1,21,,C03,120.712198,24.141064,3
2022,8,31,7,43,臺中市,潭子區,0,0,0,8,,,50,,,,,,,,,,,,,,,17,,,,,B03,,,1,,2,,,17,,1,22,,B03,120.703645,24.194529,3
2022,8,31,7,49,臺中市,太平區,0,0,0,8,,,80,,,,,,,,,,,,,,,44,,,,,,,,,,,,,,,,,,,120.710725,24.141557,3
2022,8,31,7,54,臺中市,太平區,0,1,0,8,1,5,30,3,1,1,5,4,5,7,4,4,10,5,5,2,16,6,2,9,3,4,C03,7,5,1,10,2,11,,6,6,1,19,8,C03,120.711053,24.151646,2
2022,8,31,7,55,臺中市,北屯區,0,2,0,8,1,5,60,14,7,1,5,4,5,7,4,4,1,4,4,1,12,17,2,9,1,1,C03,7,4,1,10,2,12,,17,17,1,21,1,C03,120.711794,24.164716,2
2022,8,31,7,55,臺中市,大里區,0,2,0,8,1,5,40,4,1,1,5,4,5,7,4,4,10,5,5,2,16,6,2,9,1,1,C03,7,9,1,10,2,11,,6,6,1,3,8,C03,120.715482,24.095186,2
2022,8,31,7,58,臺中市,北區,0,0,0,8,,,50,,,,,,,,,,,,,,,6,,,,,B03,,,1,,1,,,23,6,1,22,,B03,120.681968,24.167058,3
2022,8,31,7,59,臺中市,梧棲區,0,0,0,8,,,60,,,,,,,,,,,,,,,23,,,,,B03,,,1,,2,,,23,,1,5,,B03,120.539409,24.257241,3
2022,8,31,8,0,臺中市,北屯區,0,0,0,8,,,50,,,,,,,,,,,,,,,1,,,,,B03,,,1,,2,,,44,1,1,21,,B03,120.683436,24.198078,3
2022,8,31,8,3,臺中市,大里區,0,1,0,8,1,5,50,11,9,1,5,4,5,7,4,4,5,5,5,2,13,16,2,9,1,1,C03,7,9,1,10,2,11,,16,16,1,21,1,C03,120.694151,24.112908,2
2022,8,31,8,4,臺中市,北區,0,0,0,8,,,50,,,,,,,,,,,,,,,16,,,,,B02,,,1,,1,,,16,,1,22,,B02,120.682643,24.153387,3
2022,8,31,8,10,臺中市,大里區,0,2,0,8,1,5,30,4,1,1,5,4,5,7,4,4,10,5,5,2,15,6,2,9,1,1,C03,7,9,1,10,2,11,,6,6,1,20,8,C03,120.703707,24.089978,2
2022,8,31,8,22,臺中市,南屯區,0,0,0,,,,50,,,,,,,,,,,,,,,12,,,,,B03,,,1,,2,,,12,,1,22,,B03,120.642197,24.146286,3
2022,8,31,8,24,臺中市,烏日區,0,2,0,8,1,5,50,4,1,1,5,4,5,7,1,1,10,5,5,2,16,6,2,9,1,1,C03,7,5,1,10,2,11,,6,6,1,21,8,C03,120.656531,24.09824,2
2022,8,31,8,29,臺中市,東區,0,1,0,8,1,5,50,4,1,1,5,4,5,7,1,1,10,5,5,2,16,6,3,10,1,1,B03,7,6,1,8,2,2,,6,6,1,5,8,B03,120.683564,24.133208,2
2022,8,31,8,32,臺中市,南區,0,1,0,8,1,5,50,4,1,1,5,4,5,7,1,1,10,5,5,2,16,6,3,10,1,1,B03,7,6,1,8,2,6,,6,6,1,22,8,B03,120.661925,24.130102,2
2022,8,31,8,33,臺中市,西屯區,0,2,0,8,1,5,80,14,9,1,5,4,5,7,4,4,1,4,5,2,13,23,2,7,1,1,B03,7,9,1,8,2,1,,23,23,1,4,8,B03,120.661333,24.201119,2
2022,8,31,8,35,臺中市,北屯區,0,1,0,8,1,5,40,14,8,1,5,4,5,7,4,4,1,3,4,2,13,16,2,9,1,1,C03,7,9,1,10,2,12,,16,16,1,21,8,C03,120.686715,24.203128,2
2022,8,31,8,35,臺中市,西屯區,0,0,0,8,,,80,,,,,,,,,,,,,,,16,,,,,B12,,,1,,1,,,16,,1,22,,B12,120.6534,24.199245,3
2022,8,31,8,38,臺中市,大里區,0,1,0,8,1,5,50,3,1,1,5,4,5,7,3,1,3,5,5,2,16,6,3,10,3,4,B03,7,6,1,8,2,5,,6,6,1,3,8,B03,120.696204,24.086735,2
2022,8,31,8,40,臺中市,東勢區,0,2,0,8,1,5,40,3,1,1,5,4,5,7,3,1,10,5,5,1,16,26,2,9,1,1,C03,7,9,1,10,2,11,,26,26,1,5,8,C03,120.83909,24.212216,2
2022,8,31,8,47,臺中市,北屯區,0,2,0,8,1,5,50,14,7,1,5,4,5,7,4,4,5,5,4,2,17,40,3,10,2,1,B03,7,13,1,8,2,4,,40,40,1,6,8,B03,120.683595,24.193678,2
2022,8,31,8,50,臺中市,北屯區,0,0,0,8,,,50,,,,,,,,,,,,,,,23,,,,,B12,,,1,,2,,,23,,1,21,,B12,120.689436,24.171804,3
2022,8,31,8,51,臺中市,南區,0,2,0,8,1,5,50,4,2,1,5,4,5,7,2,1,5,4,5,2,13,16,2,7,1,1,C03,7,9,1,10,2,11,,16,16,1,21,8,C03,120.668511,24.129407,2
2022,8,31,8,55,臺中市,東勢區,0,2,0,8,1,5,50,4,1,1,5,4,5,7,1,1,10,5,5,2,16,6,2,9,1,1,C03,7,5,1,10,2,11,,6,6,1,22,8,C03,120.827265,24.259776,2
2022,8,31,9,0,臺中市,潭子區,0,0,0,8,,,40,,,,,,,,,,,,,,,43,,,,,,,,,,,,,43,,1,,,,120.697067,24.216682,3
2022,8,31,9,0,臺中市,龍井區,0,0,0,8,,,60,,,,,,,,,,,,,,,23,,,,,B03,,,1,,1,,,23,,1,22,,B03,120.585651,24.186106,4
2022,8,31,9,1,臺中市,西屯區,0,1,0,8,1,5,50,4,1,1,5,4,5,7,4,4,10,5,5,2,15,6,3,10,3,4,B03,7,9,1,8,2,5,,6,6,1,22,8,B03,120.625406,24.15673,2
2022,8,31,9,8,臺中市,北屯區,0,0,0,8,,,50,,,,,,,,,,,,,,,19,,,,,B03,,,1,,2,,,19,,1,21,,B03,120.715246,24.1758,3
2022,8,31,9,14,臺中市,南區,0,2,0,8,1,5,30,3,1,1,5,4,5,7,4,4,9,5,4,2,16,6,2,8,1,1,C03,7,5,1,10,2,14,,6,6,1,5,8,C03,120.674953,24.127197,2
2022,8,31,9,14,臺中市,東區,0,3,0,8,1,5,50,4,1,1,5,4,5,7,1,1,10,5,5,2,16,42,2,9,1,1,C03,7,5,1,10,2,14,,42,42,1,5,8,C03,120.692219,24.140075,2
2022,8,31,9,20,臺中市,大雅區,0,0,0,8,,,50,,,,,,,,,,,,,,,23,,,,,B03,,,1,,2,,,23,,1,22,,B03,120.644461,24.210286,3
2022,8,31,9,27,臺中市,西屯區,0,2,0,8,1,5,40,4,1,1,5,4,5,7,1,1,10,5,5,2,15,43,2,1,3,4,C03,7,9,1,10,2,11,,43,43,1,22,8,C03,120.646844,24.173369,2
2022,8,31,9,28,臺中市,梧棲區,0,1,0,8,1,5,50,14,12,1,5,4,5,7,4,4,1,4,4,2,16,44,3,10,1,1,C03,7,7,1,10,2,12,,44,44,1,9,8,C03,120.534788,24.258958,2
2022,8,31,9,33,臺中市,豐原區,0,3,0,7,1,5,50,4,1,1,5,4,5,7,2,1,1,2,5,1,17,25,2,9,1,1,C03,7,9,1,10,2,11,,25,25,1,4,5,C03,120.724022,24.244944,2
2022,8,31,9,44,臺中市,潭子區,0,0,0,8,,,30,,,,,,,,,,,,,,,17,,,,,B12,,,1,,2,,,17,,1,22,,B12,120.704479,24.230375,3
2022,8,31,9,50,臺中市,霧峰區,0,2,0,8,1,5,30,3,2,1,5,4,5,7,4,4,10,5,5,2,10,5,3,10,1,1,B12,7,9,1,8,2,1,,5,5,1,20,8,B12,120.680901,24.061788,2
2022,8,31,10,5,臺中市,南屯區,0,1,0,8,1,5,50,4,1,1,5,4,5,7,2,1,5,5,5,2,16,9,3,10,1,1,C03,7,6,1,10,2,12,,9,9,1,22,8,C03,120.631748,24.125647,2
2022,8,31,10,15,臺中市,沙鹿區,0,0,0,,,,50,,,,,,,,,,,,,,,19,,,,,B12,,,1,,2,,,19,,1,4,,B12,120.561854,24.236877,3
2022,8,31,10,20,臺中市,大里區,0,0,0,8,1,5,50,14,9,1,5,4,5,7,4,4,5,5,5,1,16,18,,,,,B12,,,1,,2,,,18,,1,11,,B12,120.696339,24.079825,3
2022,8,31,10,29,臺中市,豐原區,0,1,0,8,1,5,30,4,1,1,5,4,5,7,4,4,8,3,4,1,16,9,3,10,1,1,B03,7,6,1,8,2,5,,9,9,1,22,5,B03,120.715716,24.262345,2
2022,8,31,10,30,臺中市,西屯區,0,1,0,8,1,5,40,14,8,1,5,4,5,7,4,4,1,5,1,1,16,43,3,10,1,4,B03,7,14,1,8,2,4,,43,43,1,4,8,B03,120.640553,24.170361,2
2022,8,31,10,33,臺中市,沙鹿區,0,1,0,8,1,5,50,14,9,1,5,4,5,7,4,4,5,5,5,1,16,26,3,10,1,1,C03,7,11,1,10,2,12,,26,26,1,21,8,C03,120.565635,24.208517,2
2022,8,31,10,34,臺中市,潭子區,0,0,0,8,,,50,,,,,,,,,,,,,,,19,,,,,C03,,,1,,2,,,19,,1,22,,C03,120.717746,24.192086,3
2022,8,31,10,37,臺中市,太平區,0,0,0,8,,,30,,,,,,,,,,,,,,,12,,,,,A12,,,1,,2,,,12,,1,21,,A12,120.727825,24.097422,3
2022,8,31,10,38,臺中市,東區,0,1,0,8,1,5,50,4,1,1,5,4,5,7,3,1,10,5,5,2,16,6,2,9,1,1,C03,7,9,1,10,2,11,,6,6,1,22,8,C03,120.699079,24.142117,2
2022,8,31,10,38,臺中市,大肚區,0,0,0,8,,,50,,,,,,,,,,,,,,,23,,,,,C03,,,1,,2,,,23,,1,22,,C03,120.579671,24.170368,4
2022,8,31,10,40,臺中市,東區,0,2,0,8,1,5,1,5,1,1,5,4,5,7,2,1,5,4,5,2,12,26,2,9,1,1,C03,7,9,1,10,2,11,,26,26,1,21,8,C03,120.693452,24.133073,2
2022,8,31,10,40,臺中市,大甲區,0,0,0,8,,,50,,,,,,,,,,,,,,,17,,,,,B03,,,1,,1,,,17,,1,1,,B03,120.619369,24.340624,3
2022,8,31,10,50,臺中市,大里區,0,1,0,8,1,5,50,4,1,1,5,4,5,7,1,1,10,5,5,2,17,23,2,9,1,1,C03,7,9,3,18,2,12,,23,23,1,18,8,C03,120.679096,24.112335,2
2022,8,31,10,57,臺中市,北區,0,0,0,8,,,50,,,,,,,,,,,,,,,23,,,,,A02,,,1,,1,,,23,,1,10,,A02,120.686164,24.154135,3
2022,8,31,10,58,臺中市,龍井區,0,1,0,8,1,5,60,5,1,1,5,4,5,7,2,1,10,5,5,2,11,43,3,10,1,1,B03,7,11,1,1,2,1,,43,43,1,10,8,B03,120.52,24.212553,2
2022,8,31,11,0,臺中市,西屯區,0,1,0,8,1,5,40,14,7,1,5,4,5,7,4,4,5,5,4,2,16,7,3,10,1,1,A02,7,9,1,2,2,2,,23,7,1,4,8,A02,120.642451,24.177904,2
2022,8,31,11,0,臺中市,西屯區,0,0,0,8,,,50,,,,,,,,,,,,,,,23,,,,,B03,,,1,,1,,,23,,1,22,,B03,120.633006,24.18269,3
2022,8,31,11,0,臺中市,清水區,0,0,0,8,,,70,,,,,,,,,,,,,,,25,,,,,B12,,,1,,2,,,25,,1,21,,B12,120.582934,24.283473,3
2022,8,31,11,11,臺中市,龍井區,0,1,0,8,1,5,60,14,13,1,5,4,5,7,4,4,1,4,4,1,17,23,3,10,3,4,B12,7,14,1,7,2,4,,44,23,1,22,9,B12,120.573398,24.187113,2
2022,8,31,11,17,臺中市,東區,0,2,0,8,1,5,50,4,1,1,5,4,5,7,1,1,10,5,5,2,16,23,2,9,1,1,C03,7,9,1,10,2,15,,23,23,1,22,8,C03,120.697163,24.133145,2
2022,8,31,11,18,臺中市,北屯區,0,0,0,8,,,50,,,,,,,,,,,,,,,25,,,,,B12,,,1,,1,,,25,,1,21,,B12,120.673276,24.200746,3
2022,8,31,11,18,臺中市,西屯區,0,0,0,8,,,80,,,,,,,,,,,,,,,23,,,,,B03,,,1,,1,,,23,,1,22,,B03,120.640505,24.183043,3
2022,8,31,11,33,臺中市,龍井區,0,1,0,8,1,5,50,3,2,1,5,4,5,7,4,4,5,5,5,1,17,42,3,10,3,4,B03,7,9,1,8,2,15,,23,42,1,22,9,B03,120.59219,24.181383,2
2022,8,31,11,33,臺中市,沙鹿區,0,0,0,8,,,50,,,,,,,,,,,,,,,10,,,,,B03,,,1,,2,,,10,,1,21,,B03,120.567472,24.229483,3
2022,8,31,11,34,臺中市,西屯區,0,2,0,8,1,5,50,4,1,1,5,4,5,7,1,1,10,5,5,2,15,25,2,7,3,4,C03,7,9,1,10,2,11,,25,25,1,22,8,C03,120.661908,24.170099,2
2022,8,31,11,39,臺中市,神岡區,0,1,0,8,1,5,50,14,9,1,5,4,5,7,4,4,9,5,5,1,17,4,3,10,3,4,C03,7,5,1,10,2,13,,4,4,1,22,9,C03,120.69159,24.23259,2
2022,8,31,11,55,臺中市,南屯區,0,1,0,8,1,5,30,14,9,1,5,4,5,7,4,4,10,5,5,2,17,23,3,10,1,1,B03,7,9,1,8,2,15,,23,23,1,22,8,B03,120.637602,24.138111,2
2022,8,31,12,0,臺中市,潭子區,0,1,0,8,1,5,30,4,2,1,5,4,5,7,4,4,10,4,5,2,16,6,3,10,1,1,B12,7,14,1,8,11,15,,38,23,1,22,8,B12,120.708135,24.216551,2
2022,8,31,12,0,臺中市,梧棲區,0,0,0,8,,,50,,,,,,,,,,,,,,,23,,,,,F03,,,1,,2,,,23,,1,9,,F03,120.534631,24.258835,3
2022,8,31,12,1,臺中市,大里區,0,2,0,8,1,5,40,4,1,1,5,4,5,7,1,1,10,5,5,2,16,26,2,9,1,1,C03,7,9,1,10,2,11,,26,26,1,20,8,C03,120.699976,24.093992,2
2022,8,31,12,5,臺中市,潭子區,0,0,0,8,,,50,,,,,,,,,,,,,,,12,,,,,B03,,,1,,2,,,44,12,1,22,,B03,120.704275,24.2157,3
2022,8,31,12,8,臺中市,西屯區,0,2,0,8,1,5,40,14,8,1,5,4,5,7,2,1,1,4,4,2,17,23,2,9,3,4,C04,7,9,1,10,2,14,,23,23,1,22,8,C04,120.664643,24.177888,2
2022,8,31,12,9,臺中市,北區,0,1,0,8,1,5,40,4,1,1,5,4,5,7,1,1,10,5,5,2,13,23,3,10,1,1,C03,7,9,1,10,2,11,,23,23,1,22,9,C03,120.69432,24.156811,2
2022,8,31,12,10,臺中市,北屯區,0,0,0,8,,,50,,,,,,,,,,,,,,,60,,,,,H01,,,8,,10,,,60,,1,21,,H01,120.669873,24.177638,3
2022,8,31,12,12,臺中市,潭子區,0,0,0,8,,,50,,,,,,,,,,,,,,,23,,,,,B12,,,1,,2,,,23,,1,22,,B12,120.704791,24.207031,3
2022,8,31,12,12,臺中市,西屯區,0,0,0,8,,,50,,,,,,,,,,,,,,,23,,,,,B03,,,1,,1,,,23,,1,4,,B03,120.631333,24.161966,3
2022,8,31,12,30,臺中市,大雅區,0,1,0,8,1,5,50,3,1,1,5,4,5,7,4,4,7,4,5,1,15,6,3,10,1,1,B03,7,9,1,8,2,4,,6,6,1,22,9,B03,120.628031,24.229418,2
2022,8,31,12,30,臺中市,西區,0,0,0,,,,50,,,,,,,,,,,,,,,12,,,,,B03,,,1,,9,,,12,,1,21,,B03,120.671038,24.152191,3
2022,8,31,12,32,臺中市,中區,0,1,0,8,1,5,50,14,9,1,5,4,5,7,4,4,5,5,5,1,13,16,2,9,1,1,C03,7,9,1,10,2,11,,16,16,1,21,8,C03,120.681136,24.138835,2
2022,8,31,12,50,臺中市,西屯區,0,0,0,8,,,40,,,,,,,,,,,,,,,6,,,,,B12,,,1,,1,,,6,,1,4,,B12,120.628886,24.163424,3
2022,8,31,12,52,臺中市,西屯區,0,0,0,8,,,30,,,,,,,,,,,,,,,23,,,,,B03,,,1,,2,,,23,,1,22,,B03,120.637636,24.174105,3
2022,8,31,12,56,臺中市,西區,0,0,0,8,,,50,,,,,,,,,,,,,,,23,,,,,B03,,,1,8,1,,,23,23,1,22,,B03,120.659505,24.159978,3
2022,8,31,13,7,臺中市,后里區,0,0,0,8,3,5,50,4,2,1,5,4,5,7,2,1,1,1,4,1,13,23,3,10,1,1,B12,7,14,1,14,2,1,,23,23,1,4,9,B12,120.730606,24.287991,3
2022,8,31,13,26,臺中市,霧峰區,0,1,0,8,1,5,50,3,1,1,4,4,5,7,1,1,9,4,4,1,16,25,3,10,1,1,B03,7,9,1,8,2,5,,25,25,1,22,9,B03,120.699717,24.075902,2
2022,8,31,13,27,臺中市,大里區,0,0,0,8,,,50,,,,,,,,,,,,,,,19,,,,,B03,,,1,,2,,,19,19,1,22,,B03,120.680493,24.106671,3
2022,8,31,13,30,臺中市,北屯區,0,0,0,8,,,30,,,,,,,,,,,,,,,23,,,,,B11,,,1,,1,,,23,,1,21,,B11,120.66378,24.200765,3
2022,8,31,13,36,臺中市,西屯區,0,0,0,8,,,60,,,,,,,,,,,,,,,16,,,,,B12,,,1,,1,,,16,,1,22,,B12,120.65546,24.159361,3
2022,8,31,13,38,臺中市,南屯區,0,0,0,8,,,50,,,,,,,,,,,,,,,23,,,,,B03,,,1,,2,,,23,,1,5,,B03,120.613726,24.139368,3
2022,8,31,13,43,臺中市,北區,0,0,0,8,,,30,,,,,,,,,,,,,,,17,,,,,A12,,,1,,2,,,17,,1,22,,A12,120.684465,24.157658,3
2022,8,31,13,46,臺中市,北屯區,0,1,0,8,1,5,50,4,1,1,5,4,5,7,4,4,10,5,5,2,16,6,3,10,1,1,B03,7,9,1,8,2,1,,6,6,1,21,8,B03,120.680507,24.180578,2
2022,8,31,13,50,臺中市,沙鹿區,0,2,0,8,1,5,50,3,9,1,5,4,5,7,4,4,4,3,4,1,16,6,2,8,1,1,C03,7,5,1,10,2,11,,6,6,1,22,8,C03,120.563503,24.237275,2
2022,8,31,14,8,臺中市,梧棲區,0,1,0,8,1,5,50,4,2,1,5,4,5,7,4,4,5,4,5,1,16,6,3,10,1,1,B03,7,6,1,8,2,5,,6,6,1,4,8,B03,120.533939,24.255744,2
2022,8,31,14,11,臺中市,和平區,0,0,0,8,,,10,,,,,,,,,,,,,,,23,,,,,B03,,,1,,1,,,23,23,1,20,,B03,121.014618,24.192249,3
2022,8,31,14,13,臺中市,北區,0,0,0,8,,,50,,,,,,,,,,,,,,,43,,,,,B01,,,1,,1,,,43,,1,10,,B01,120.677944,24.167048,3
2022,8,31,14,15,臺中市,豐原區,0,0,0,8,,,50,,,,,,,,,,,,,,,17,,,,,B03,,,1,,2,,,17,,1,22,,B03,120.723083,24.251217,3
2022,8,31,14,27,臺中市,西屯區,0,0,0,8,,,50,,,,,,,,,,,,,,,7,,,,,A12,,,1,,1,,,7,,1,22,,A12,120.602358,24.184143,3