年,月,日,時,分,縣市,區,死,受傷,2-30,天候,光線,道路類別,速限,道路型態,事故位置,路面鋪裝,路面狀態,路面缺陷,障礙物,視距,號誌種類,號誌動作,分向設施,快車道或一般車道間,快慢車道間,路面邊線,事故類型及型態,主要肇因,受傷程度,主要傷處,保護裝備,行動電話,當事者區分,車輛用途,當事者行動狀態,駕駛資格情形,駕駛執照種類,飲酒情形,車輛撞擊部位最初,車輛撞擊部位其他,肇事因素個別,肇事因素主要,肇事逃逸,職業,旅次目的,車種,GPS緯度,GPS經度,事故類別
2022,8,31,14,29,臺中市,西屯區,0,0,0,8,,,50,,,,,,,,,,,,,,,12,,,,,B03,,,1,,1,,,12,,1,22,,B03,120.603376,24.161703,3
2022,8,31,14,29,臺中市,西屯區,0,1,0,8,1,5,50,14,8,1,5,4,5,7,4,4,5,4,4,2,12,7,3,10,3,4,B03,7,8,1,8,2,5,,7,7,1,22,8,B03,120.616525,24.182316,2
2022,8,31,14,32,臺中市,神岡區,0,0,0,8,,,50,,,,,,,,,,,,,,,18,,,,,B03,,,1,,1,,,18,,1,22,,B03,120.684888,24.246552,3
2022,8,31,14,39,臺中市,沙鹿區,0,2,0,8,1,5,40,3,1,1,5,4,5,7,3,1,10,5,5,2,16,8,2,9,1,1,C03,7,5,1,10,2,14,,8,8,1,19,8,C03,120.568092,24.236835,2
2022,8,31,14,44,臺中市,太平區,0,0,0,8,,,50,,,,,,,,,,,,,,,12,,,,,C03,,,1,,1,,,43,67,1,21,,C03,120.722088,24.107485,3
2022,8,31,14,48,臺中市,西區,0,1,0,8,1,5,50,5,1,1,5,4,5,7,2,1,10,5,5,2,16,6,3,10,1,1,B03,7,5,1,8,2,5,,6,6,1,5,5,B03,120.655145,24.135043,2
2022,8,31,14,51,臺中市,北區,0,1,0,8,1,5,50,4,2,1,5,4,5,7,1,1,5,4,5,2,12,17,3,10,1,1,B03,7,9,1,8,2,2,,17,17,1,21,8,B03,120.682089,24.154584,2
2022,8,31,15,0,臺中市,東區,0,1,0,8,1,5,50,4,1,1,5,4,5,7,4,4,10,5,5,2,15,6,3,10,1,1,B12,7,9,1,8,2,2,,6,6,1,22,8,B12,120.706711,24.141047,2
2022,8,31,15,1,臺中市,西屯區,0,1,0,8,1,5,50,14,9,1,5,4,5,7,4,4,5,5,5,2,12,44,3,10,1,1,B03,7,9,1,8,1,4,,44,44,1,22,8,B03,120.648494,24.155653,2
2022,8,31,15,5,臺中市,霧峰區,0,1,0,8,1,5,50,4,1,1,5,4,5,7,2,1,10,5,5,1,12,23,3,10,1,1,B01,7,9,1,8,2,2,,23,23,1,10,8,B01,120.695953,24.065768,2
2022,8,31,15,9,臺中市,霧峰區,0,3,0,8,1,5,30,4,1,1,5,4,5,7,4,4,10,5,5,2,16,6,2,9,1,1,C03,7,5,1,10,2,11,,6,6,1,22,8,C03,120.699519,24.071125,2
2022,8,31,15,11,臺中市,西屯區,0,1,0,8,1,5,40,14,8,1,5,4,5,7,2,1,1,5,1,2,12,17,3,10,1,1,B02,7,9,1,8,2,2,,17,17,1,22,8,B02,120.639396,24.159143,2
2022,8,31,15,13,臺中市,北屯區,0,1,0,8,1,5,50,14,7,1,5,4,5,7,4,4,5,5,4,2,17,23,2,9,3,4,C03,7,15,1,10,2,11,,23,23,1,21,8,C03,120.706677,24.173319,2
2022,8,31,15,25,臺中市,中區,0,0,0,8,,,50,,,,,,,,,,,,,,,17,,,,,B03,,,1,,1,,,17,,1,21,,B03,120.682682,24.140578,3
2022,8,31,15,33,臺中市,南區,0,1,0,8,1,5,50,3,9,1,5,4,5,7,4,4,5,5,5,2,17,42,3,10,1,1,B03,7,6,1,8,2,15,,6,42,1,21,8,B03,120.67511,24.132185,2
2022,8,31,15,34,臺中市,北屯區,0,1,0,8,1,5,50,4,1,1,5,2,1,7,2,1,10,5,5,2,18,43,2,9,1,1,C03,7,9,1,10,2,14,,43,43,1,22,8,C03,120.707986,24.182158,2
2022,8,31,15,43,臺中市,南區,0,0,0,8,,,30,,,,,,,,,,,,,,,43,,,,,,,,,,,,,43,,1,,,,120.68386,24.131848,3
2022,8,31,15,46,臺中市,北屯區,0,1,0,8,1,5,50,14,7,1,5,4,5,7,4,4,9,5,5,2,17,10,3,10,1,1,B03,7,11,1,8,2,4,,10,10,1,4,8,B03,120.72119,24.170041,2
2022,8,31,15,48,臺中市,龍井區,0,0,0,8,,,40,,,,,,,,,,,,,,,23,,,,,C03,,,1,,1,,,23,,1,22,,C03,120.575757,24.177693,3
2022,8,31,15,50,臺中市,南屯區,0,0,0,8,,,50,,,,,,,,,,,,,,,23,,,,,B02,,,1,,9,,,23,,1,20,,B02,120.631044,24.1564,3
2022,8,31,15,55,臺中市,北區,0,0,0,8,,,50,,,,,,,,,,,,,,,23,,,,,B03,,,1,,1,,,23,,1,22,,B03,120.679515,24.158281,3
2022,8,31,15,55,臺中市,西屯區,0,0,0,8,,,40,,,,,,,,,,,,,,,23,,,,,B12,,,1,,2,,,23,,1,21,,B12,120.629774,24.16423,3
2022,8,31,16,1,臺中市,北屯區,0,2,0,8,1,5,40,14,8,1,5,4,5,7,4,4,1,4,4,2,12,19,3,10,1,1,C03,7,1,1,10,2,13,,19,19,1,21,8,C03,120.686215,24.187298,2
2022,8,31,16,4,臺中市,梧棲區,0,0,0,,,,50,,,,,,,,,,,,,,,16,,,,,B03,,,1,,2,,,16,,1,4,,B03,120.523237,24.223938,3
2022,8,31,16,13,臺中市,西屯區,0,0,0,,,,40,,,,,,,,,,,,,,,17,,,,,B03,,,1,,1,,,17,,1,22,,B03,120.620382,24.180937,3
2022,8,31,16,16,臺中市,西屯區,0,0,0,8,,,30,,,,,,,,,,,,,,,6,,,,,C03,,,1,,2,,,6,,1,22,,C03,120.611284,24.185462,3
2022,8,31,16,16,臺中市,西屯區,0,0,0,8,,,30,,,,,,,,,,,,,,,42,,,,,B11,,,1,,1,,,42,,1,10,,B11,120.644678,24.177293,3
2022,8,31,16,17,臺中市,南屯區,0,0,0,8,,,40,,,,,,,,,,,,,,,23,,,,,A02,,,1,,1,,,23,,1,10,,A02,120.635355,24.150398,3
2022,8,31,16,17,臺中市,梧棲區,0,1,0,8,1,5,50,4,1,1,5,4,5,7,4,4,10,5,5,2,15,6,3,10,1,1,B03,7,9,1,8,2,2,,6,6,1,9,8,B03,120.548885,24.242896,2
2022,8,31,16,18,臺中市,北區,0,0,0,,,,50,,,,,,,,,,,,,,,12,,,,,B03,,,1,,1,,,12,,1,21,,B03,120.672444,24.144937,3
2022,8,31,16,22,臺中市,北屯區,0,1,0,8,1,5,50,4,1,1,5,4,5,7,2,1,10,5,5,2,17,10,3,10,3,4,B03,7,11,1,8,2,6,,10,10,1,21,8,B03,120.683686,24.176072,2
2022,8,31,16,24,臺中市,太平區,0,2,0,8,1,5,30,4,1,1,5,4,5,7,4,4,10,5,5,2,15,6,2,8,1,1,C03,7,9,1,10,2,14,,6,6,1,22,8,C03,120.70668,24.157961,2
2022,8,31,16,25,臺中市,太平區,0,0,0,8,,,40,,,,,,,,,,,,,,,12,,,,,B12,,,1,,1,,,12,,1,21,,B12,120.702678,24.148273,3
2022,8,31,16,30,臺中市,大雅區,0,1,0,8,1,5,50,4,1,1,5,4,5,7,2,1,10,4,4,2,16,16,3,10,1,1,C03,7,9,1,10,2,12,,16,16,1,22,9,C03,120.667024,24.234336,2
2022,8,31,16,30,臺中市,西屯區,0,0,0,8,,,50,,,,,,,,,,,,,,,44,,,,,B03,,,1,,1,,,44,44,1,21,,B03,120.632373,24.170224,3
2022,8,31,16,30,臺中市,烏日區,0,0,0,8,,,50,,,,,,,,,,,,,,,23,,,,,B12,,,1,,2,,,23,,1,21,,B12,120.62036,24.102093,3
2022,8,31,16,34,臺中市,北區,0,2,0,8,1,5,50,4,1,1,5,4,5,7,1,1,1,2,4,2,16,6,2,9,1,1,C03,7,6,1,10,2,13,,6,6,1,21,8,C03,120.685725,24.155948,2
2022,8,31,16,35,臺中市,北區,0,0,0,8,,,50,,,,,,,,,,,,,,,23,,,,,B03,,,1,,11,,,23,,2,22,,B03,120.675526,24.165525,3
2022,8,31,16,36,臺中市,大里區,0,1,0,8,1,5,50,3,2,1,5,4,5,7,1,1,3,4,4,1,16,25,2,9,3,4,C03,7,9,1,10,2,11,,25,25,1,22,9,C03,120.690245,24.121164,2
2022,8,31,16,42,臺中市,北屯區,0,0,0,,,,50,,,,,,,,,,,,,,,23,,,,,B03,,,1,,2,,,23,23,1,21,,B03,120.674987,24.188411,3
2022,8,31,16,46,臺中市,北屯區,0,0,0,8,,,50,,,,,,,,,,,,,,,23,,,,,B03,,,1,,2,,,23,,1,22,,B03,120.670336,24.178198,3
2022,8,31,16,57,臺中市,北屯區,0,0,0,8,,,50,,,,,,,,,,,,,,,12,,,,,B12,,,1,,1,,,12,,1,21,,B12,120.685272,24.177474,3
2022,8,31,17,1,臺中市,西屯區,0,0,0,8,,,50,,,,,,,,,,,,,,,42,,,,,B03,,,1,,1,,,42,,1,22,,B03,120.643863,24.171116,3
2022,8,31,17,3,臺中市,西屯區,0,1,0,8,1,5,50,4,1,1,5,4,5,7,4,4,4,3,5,2,16,6,2,9,1,1,C03,7,9,1,10,2,11,,6,6,1,22,8,C03,120.618717,24.186059,2
2022,8,31,17,3,臺中市,大里區,0,2,0,8,1,5,30,4,1,1,5,4,5,7,4,4,10,5,5,1,17,6,2,9,1,1,C03,7,5,3,18,2,11,,6,6,1,4,8,C03,120.708423,24.086828,2
2022,8,31,17,4,臺中市,大里區,0,0,0,8,,,50,,,,,,,,,,,,,,,17,,,,,B03,,,1,,1,,,17,,1,5,,B03,120.701391,24.106585,3
2022,8,31,17,5,臺中市,西屯區,0,1,0,8,1,5,40,14,8,1,5,4,5,7,1,1,5,4,4,2,13,23,3,10,1,1,C04,7,9,1,10,2,11,,23,23,1,22,8,C04,120.663633,24.165924,2
2022,8,31,17,16,臺中市,龍井區,0,1,0,8,1,5,30,3,1,1,5,4,5,7,4,4,10,5,5,2,16,6,3,10,1,1,B12,7,5,1,8,2,8,,6,6,1,12,1,B12,120.548954,24.195041,2
2022,8,31,17,17,臺中市,大里區,0,0,0,8,,,50,,,,,,,,,,,,,,,12,,,,,B12,,,1,,2,,,12,,1,22,,B12,120.687766,24.09066,3
2022,8,31,17,20,臺中市,西屯區,0,0,0,8,,,50,,,,,,,,,,,,,,,7,,,,,B03,,,1,,1,,,7,,1,21,,B03,120.663548,24.164193,3
2022,8,31,17,21,臺中市,中區,0,0,0,8,,,50,,,,,,,,,,,,,,,7,,,,,B03,,,1,8,1,,,7,7,1,22,,B03,120.683065,24.13938,3
2022,8,31,17,22,臺中市,大安區,0,0,0,8,,,50,,,,,,,,,,,,,,,42,,,,,B03,,,3,,1,,,42,,1,9,,B03,120.58648,24.36504,3
2022,8,31,17,23,臺中市,龍井區,0,1,0,8,1,5,40,11,8,1,5,4,5,7,4,4,10,5,1,2,17,6,3,10,3,4,B12,7,6,2,18,2,15,,6,6,1,22,9,B12,120.580013,24.189738,2
2022,8,31,17,26,臺中市,龍井區,0,1,0,8,1,5,50,3,1,1,5,4,5,7,3,1,1,4,4,2,18,50,2,9,1,1,C03,7,6,1,10,2,12,,50,50,1,19,8,C03,120.545594,24.190335,2
2022,8,31,17,27,臺中市,北區,0,1,0,8,1,5,50,5,1,1,5,4,5,7,2,1,10,5,5,2,16,43,3,10,1,1,C03,7,9,1,10,2,12,,43,43,1,22,8,C03,120.686245,24.154451,2
2022,8,31,17,29,臺中市,大里區,0,1,0,8,1,5,50,14,9,1,5,4,5,7,4,4,5,4,5,1,16,9,2,9,1,1,C03,7,6,4,8,2,14,,9,9,1,5,8,C03,120.68956,24.117026,2
2022,8,31,17,30,臺中市,南區,0,1,0,8,1,5,25,4,1,1,5,4,5,7,1,1,10,5,5,2,18,42,2,7,4,1,F01,7,9,8,20,2,16,,42,42,1,16,8,F01,120.669955,24.113025,2
2022,8,31,17,32,臺中市,太平區,0,0,0,8,,,50,,,,,,,,,,,,,,,16,,,,,B03,,,1,,2,,,16,,1,21,,B03,120.706065,24.159304,3
2022,8,31,17,33,臺中市,龍井區,0,2,0,8,1,5,30,4,1,1,5,4,5,7,4,4,10,5,5,2,15,6,2,9,1,1,C03,7,9,1,10,2,11,,6,6,1,12,1,C03,120.504238,24.197676,2
2022,8,31,17,34,臺中市,太平區,0,1,0,8,1,5,40,3,9,1,5,4,5,7,4,4,10,5,5,2,17,40,3,10,1,1,B03,7,15,1,8,2,4,,40,40,1,22,8,B03,120.70426,24.111434,2
2022,8,31,17,36,臺中市,北區,0,1,0,8,1,5,50,4,1,1,5,4,5,7,1,1,10,5,5,2,17,6,2,8,1,1,C03,7,5,1,10,11,11,,6,6,2,22,9,C03,120.667939,24.162852,2
2022,8,31,17,37,臺中市,神岡區,0,0,0,8,,,50,,,,,,,,,,,,,,,23,,,,,B03,,,1,,1,,,23,,1,22,,B03,120.64382,24.253157,3
2022,8,31,17,38,臺中市,太平區,0,1,0,8,1,5,40,14,13,1,5,4,5,7,4,4,5,5,5,1,13,23,2,9,1,1,C03,7,9,1,10,2,11,,23,23,1,21,8,C03,120.713598,24.110376,2
2022,8,31,17,40,臺中市,神岡區,0,1,0,8,1,5,50,3,9,1,5,4,5,7,4,4,5,5,4,2,17,6,3,10,1,1,C03,7,6,3,18,3,11,,6,6,1,21,8,C03,120.656735,24.253163,2
2022,8,31,17,41,臺中市,梧棲區,0,1,0,8,1,5,50,4,1,1,5,4,5,7,1,1,10,5,5,2,16,6,2,9,1,1,C03,7,5,2,18,2,12,,6,6,1,16,2,C03,120.528822,24.222645,2
2022,8,31,17,43,臺中市,大雅區,0,1,0,8,1,5,50,3,1,1,5,4,5,7,4,4,10,5,5,2,16,6,3,10,1,1,B03,7,5,1,8,2,5,,6,6,1,22,9,B03,120.65398,24.230138,2
2022,8,31,17,43,臺中市,西屯區,0,0,0,8,,,40,,,,,,,,,,,,,,,43,,,,,B03,,,1,,1,,,43,,1,22,,B03,120.632083,24.170266,3
2022,8,31,17,45,臺中市,后里區,0,0,0,8,,,60,,,,,,,,,,,,,,,16,,,,,B12,,,1,,1,,,16,,1,22,,B12,120.722983,24.287132,3
2022,8,31,17,50,臺中市,西屯區,0,0,0,8,,,40,,,,,,,,,,,,,,,7,,,,,B03,,,1,,1,,,7,,1,22,,B03,120.635761,24.181825,3
2022,8,31,17,50,臺中市,清水區,0,1,0,8,1,8,30,3,1,1,5,4,5,7,4,4,10,5,5,2,16,6,3,10,1,1,B03,7,5,1,8,2,5,,6,6,1,21,8,B03,120.572125,24.276711,2
2022,8,31,17,50,臺中市,清水區,0,0,0,8,,,50,,,,,,,,,,,,,,,23,,,,,B03,,,1,,2,,,23,,1,20,,B03,120.572565,24.265871,3
2022,8,31,17,52,臺中市,南區,0,3,0,8,3,5,50,3,1,1,5,4,5,7,1,1,9,4,5,2,16,6,2,7,1,1,C03,7,5,1,10,2,14,,6,6,1,5,1,C03,120.660305,24.113308,2
2022,8,31,17,52,臺中市,烏日區,0,0,0,8,,,50,,,,,,,,,,,,,,,23,,,,,B12,,,1,,2,,,23,,1,21,,B12,120.629578,24.101033,3
2022,8,31,17,53,臺中市,烏日區,0,0,0,,,,40,,,,,,,,,,,,,,,16,,,,,B03,,,1,,1,,,16,16,1,22,,B03,120.616521,24.107356,3
2022,8,31,17,55,臺中市,東區,0,0,0,,,,50,,,,,,,,,,,,,,,1,,,,,C03,,,1,,2,,,1,,1,22,,C03,120.695152,24.14803,3
2022,8,31,17,55,臺中市,西屯區,0,1,0,8,2,5,50,5,1,1,5,4,5,7,2,1,10,5,5,2,16,23,3,10,1,1,B03,7,11,1,8,1,4,,44,10,1,21,1,B03,120.624144,24.194325,2
2022,8,31,17,55,臺中市,烏日區,0,0,0,8,,,50,,,,,,,,,,,,,,,12,,,,,B12,,,1,,2,,,12,,1,21,,B12,120.596993,24.1084,3
2022,8,31,17,57,臺中市,清水區,0,1,0,8,2,5,40,3,1,1,5,4,5,7,2,1,1,3,4,1,16,25,2,8,1,1,C03,7,9,1,10,2,11,,25,25,1,21,8,C03,120.561776,24.272001,2
2022,8,31,18,0,臺中市,潭子區,0,0,0,8,,,60,,,,,,,,,,,,,,,12,,,,,B12,,,1,,2,,,12,,1,22,,B12,120.705618,24.216915,3
2022,8,31,18,4,臺中市,大里區,0,1,0,8,1,5,50,5,2,1,5,4,5,7,2,1,5,4,4,1,16,6,3,10,3,4,B12,7,6,1,8,2,2,,6,6,1,22,9,B12,120.681078,24.10476,2
2022,8,31,18,10,臺中市,龍井區,0,1,0,8,1,5,50,4,2,1,5,4,5,7,2,1,5,5,5,2,17,23,3,10,3,4,B03,7,9,1,8,2,5,,23,23,1,22,9,B03,120.592954,24.182869,2
2022,8,31,18,15,臺中市,西區,0,1,0,8,2,5,50,4,1,1,5,4,5,7,1,1,10,5,5,2,13,16,3,10,1,1,B03,7,6,1,8,1,1,,16,16,1,21,8,B03,120.666736,24.141067,2
2022,8,31,18,15,臺中市,外埔區,0,2,0,8,3,5,50,11,12,1,5,4,5,7,4,4,5,4,4,1,26,43,2,9,1,1,C03,7,9,2,18,2,11,,43,43,1,22,5,C03,120.644766,24.337229,2
2022,8,31,18,19,臺中市,北屯區,0,1,0,8,2,5,40,10,15,1,5,4,5,7,4,4,1,3,5,1,13,23,3,10,1,1,B03,7,9,1,8,2,1,,23,23,1,20,8,B03,120.68847,24.201012,2
2022,8,31,18,20,臺中市,南區,0,1,0,8,3,5,30,4,1,1,5,4,5,7,4,4,10,5,5,2,15,6,2,8,1,1,C03,7,9,1,10,2,11,,6,6,1,21,8,C03,120.657785,24.127638,2
2022,8,31,18,21,臺中市,西屯區,0,0,0,,,,30,,,,,,,,,,,,,,,43,,,,,B03,,,1,,2,,,43,,1,22,,B03,120.646224,24.169403,3
2022,8,31,18,22,臺中市,太平區,0,1,0,8,3,5,50,3,1,1,5,4,5,7,4,4,10,5,5,2,27,23,2,9,1,1,C03,7,9,1,10,2,11,14,23,23,1,22,8,C03,120.733285,24.118071,2
2022,8,31,18,30,臺中市,東區,0,0,0,8,,,50,,,,,,,,,,,,,,,44,,,,,,,,,,,,,44,,1,,,,120.694386,24.133028,3
2022,8,31,18,30,臺中市,南區,0,0,0,8,,,50,,,,,,,,,,,,,,,6,,,,,B03,,,6,,11,,,6,,2,5,,B03,120.670077,24.114787,3
2022,8,31,18,33,臺中市,北屯區,0,2,0,8,3,5,50,4,1,1,5,4,5,7,1,1,10,5,5,2,16,26,2,9,1,1,C03,7,5,1,10,2,14,,26,26,1,5,8,C03,120.668985,24.192706,2
2022,8,31,18,35,臺中市,潭子區,0,0,0,8,,,50,,,,,,,,,,,,,,,7,,,,,B03,,,1,,2,,,7,,1,22,,B03,120.70392,24.202416,3
2022,8,31,18,49,臺中市,西屯區,0,3,0,8,1,5,30,3,1,1,5,4,5,7,4,4,10,5,5,2,16,6,2,9,1,1,C03,7,6,1,10,2,14,,6,6,1,4,8,C03,120.648556,24.168415,2
2022,8,31,18,50,臺中市,中區,0,1,0,8,3,5,50,4,1,1,5,4,5,7,4,4,10,5,5,2,15,6,2,7,1,1,C03,7,9,1,10,2,11,14,14,6,1,22,8,C03,120.678207,24.145585,2
2022,8,31,18,52,臺中市,大甲區,0,2,0,8,1,5,50,4,2,1,5,4,5,7,1,1,10,5,5,2,17,19,2,9,1,1,C03,7,1,1,10,2,14,,19,19,1,21,7,C03,120.62267,24.34241,2
2022,8,31,18,54,臺中市,西屯區,0,0,0,8,,,30,,,,,,,,,,,,,,,12,,,,,B03,,,1,,1,,,12,,1,22,,B03,120.646874,24.203274,3
2022,8,31,18,58,臺中市,西屯區,0,0,0,8,,,50,,,,,,,,,,,,,,,12,,,,,B12,,,1,,2,,,12,,1,22,,B12,120.637356,24.169867,3
2022,8,31,18,59,臺中市,梧棲區,0,1,0,8,3,5,50,4,2,1,5,4,5,7,2,1,5,5,5,1,16,19,2,9,1,1,C04,7,1,1,10,2,13,,19,19,1,4,8,C04,120.53002,24.253809,2
2022,8,31,19,0,臺中市,梧棲區,0,3,0,8,3,5,70,4,1,1,5,4,5,7,1,1,10,5,5,2,16,42,2,9,1,1,B03,7,5,1,6,2,2,,42,42,1,11,1,B03,120.545059,24.226991,2
2022,8,31,19,8,臺中市,南屯區,0,0,0,8,,,50,,,,,,,,,,,,,,,7,,,,,B03,,,1,,1,,,7,,1,22,,B03,120.622313,24.150169,3
2022,8,31,19,9,臺中市,大里區,0,0,0,8,,,50,,,,,,,,,,,,,,,19,,,,,B03,,,1,,2,,,19,,1,22,,B03,120.703742,24.093107,3
2022,8,31,19,9,臺中市,沙鹿區,0,0,0,8,,,60,,,,,,,,,,,,,,,23,,,,,B03,,,1,,2,,,23,,1,21,,B03,120.56183,24.208285,3
2022,8,31,19,10,臺中市,豐原區,0,0,0,8,3,5,30,13,22,1,5,4,5,7,4,4,10,5,5,2,12,23,3,10,3,1,B03,7,9,1,8,2,6,,23,23,1,21,9,B03,120.721737,24.240934,3
2022,8,31,19,16,臺中市,北屯區,0,2,0,8,3,5,50,14,9,1,5,4,5,7,4,4,1,4,5,2,16,23,3,10,1,1,B03,7,9,1,8,2,5,,23,23,1,22,8,B03,120.695125,24.183288,2
2022,8,31,19,27,臺中市,南屯區,0,1,0,8,3,5,50,4,18,1,5,4,5,7,1,1,5,4,4,2,3,15,3,10,1,1,B03,7,5,1,8,2,1,,15,15,1,22,9,B03,120.643965,24.134737,2
2022,8,31,19,30,臺中市,太平區,0,1,0,8,3,5,50,4,18,1,5,4,5,7,1,1,10,5,5,2,3,6,3,10,1,1,B03,7,5,1,8,2,1,,6,6,1,21,8,B03,120.713507,24.160716,2
2022,8,31,19,37,臺中市,烏日區,0,1,0,8,3,5,30,11,9,1,5,4,5,7,4,4,10,5,5,2,16,23,3,10,1,1,B03,7,5,1,8,2,8,,23,23,1,21,8,B03,120.640659,24.103921,2
2022,8,31,19,38,臺中市,東區,0,2,0,8,3,5,50,4,1,1,5,4,5,7,2,1,10,5,5,2,3,52,2,9,1,1,C03,7,9,1,10,2,11,,23,52,1,18,8,C03,120.689383,24.142983,2
2022,8,31,19,38,臺中市,太平區,0,0,0,8,,,50,,,,,,,,,,,,,,,23,,,,,B03,,,1,,9,2,,23,23,1,22,,B03,120.716671,24.127909,3
2022,8,31,19,40,臺中市,太平區,0,0,0,8,,,30,,,,,,,,,,,,,,,67,,,,,,,,,,,,,67,,1,,,,120.71713,24.140726,3
2022,8,31,19,42,臺中市,南區,0,1,0,8,3,5,50,3,1,1,5,4,5,7,4,4,10,5,5,2,18,13,2,9,1,1,C03,7,9,1,10,2,11,14,13,13,1,21,8,C03,120.646406,24.112573,2
2022,8,31,19,44,臺中市,太平區,0,2,0,8,3,5,50,3,1,1,5,4,5,7,4,4,10,5,5,2,16,6,2,9,1,1,C04,7,5,3,18,2,11,,6,6,1,21,8,C04,120.717134,24.148698,2
2022,8,31,19,47,臺中市,南屯區,0,1,0,8,3,5,40,14,8,1,5,4,5,7,4,4,5,5,4,2,13,23,2,8,1,1,C03,7,9,1,10,2,11,12,23,23,1,18,8,C03,120.639596,24.148798,2
2022,8,31,19,50,臺中市,清水區,0,0,0,8,,,50,,,,,,,,,,,,,,,23,,,,,B12,,,1,,1,,,23,,1,5,,B12,120.575566,24.267141,3
2022,8,31,19,54,臺中市,東區,0,1,0,8,3,5,50,4,1,1,5,4,5,7,2,1,3,2,4,2,16,10,3,10,1,1,B01,7,11,1,4,2,2,,10,10,1,21,8,B01,120.692484,24.147902,2
2022,8,31,20,3,臺中市,神岡區,0,2,0,8,3,5,50,4,1,1,5,4,5,7,1,1,5,5,5,1,15,25,2,9,1,1,C03,7,9,1,10,2,12,,25,25,1,22,8,C03,120.661354,24.263439,2
2022,8,31,20,6,臺中市,大里區,0,0,0,8,,,50,,,,,,,,,,,,,,,18,,,,,B03,,,1,,2,,,18,,1,5,,B03,120.67396,24.11506,3
2022,8,31,20,10,臺中市,梧棲區,0,0,0,8,,,50,,,,,,,,,,,,,,,42,,,,,,,,,,,,,42,,1,,,,120.518256,24.238737,3
2022,8,31,20,15,臺中市,西區,0,1,0,8,3,5,50,4,1,1,5,4,5,7,1,1,10,5,5,2,15,25,3,10,1,1,B03,7,9,1,8,2,2,,25,25,1,21,8,B03,120.652955,24.15096,2
2022,8,31,20,20,臺中市,南屯區,0,0,0,8,,,50,,,,,,,,,,,,,,,17,,,,,A02,,,1,2,9,,,17,17,1,12,,A02,120.610887,24.145395,3
2022,8,31,20,30,臺中市,北屯區,0,0,0,8,,,50,,,,,,,,,,,,,,,19,,,,,B03,,,1,,1,,,19,,1,4,,B03,120.720558,24.174168,3
2022,8,31,20,40,臺中市,太平區,0,3,0,8,3,5,50,14,9,1,5,4,5,7,4,4,5,5,4,1,13,23,3,10,1,1,B03,7,9,1,8,2,1,,23,23,1,21,8,B03,120.724889,24.14951,2
2022,8,31,20,49,臺中市,沙鹿區,0,2,0,8,3,5,40,4,2,1,5,4,5,7,1,1,10,5,5,2,12,17,3,10,1,1,C03,7,9,1,10,2,13,,17,17,1,5,4,C03,120.562348,24.240327,2
2022,8,31,20,58,臺中市,沙鹿區,0,1,0,8,3,5,40,3,1,1,5,4,5,7,4,4,1,4,4,2,17,19,3,10,1,1,B03,7,1,1,8,2,8,,19,19,1,4,8,B03,120.560006,24.238967,2
2022,8,31,21,8,臺中市,北屯區,0,1,0,8,3,5,50,4,18,1,5,4,5,7,2,1,10,5,5,2,3,15,3,10,3,4,B03,7,5,1,7,2,8,,15,15,1,21,8,B03,120.695112,24.183283,2
2022,8,31,21,12,臺中市,太平區,0,0,0,8,,,50,,,,,,,,,,,,,,,18,,,,,B03,,,1,,2,,,18,,1,21,,B03,120.718361,24.153779,3
2022,8,31,21,28,臺中市,霧峰區,0,2,0,8,3,5,30,3,1,1,5,4,5,7,3,1,10,5,5,1,16,6,3,10,1,1,B12,7,5,1,8,2,4,,6,6,1,4,8,B12,120.706063,24.073068,2
2022,8,31,21,33,臺中市,西區,0,0,0,8,,,50,,,,,,,,,,,,,,,16,,,,,C03,,,1,,1,,,16,,1,21,,C03,120.659729,24.146731,3
2022,8,31,21,40,臺中市,梧棲區,0,2,0,8,3,5,40,4,2,1,5,4,5,7,4,4,10,5,5,2,16,6,2,9,1,1,C03,7,5,1,10,2,11,,6,6,1,18,8,C03,120.558056,24.242186,2
2022,8,31,21,50,臺中市,西區,0,1,0,8,3,5,50,4,2,1,5,4,5,7,1,1,5,4,4,2,12,18,3,10,1,1,B03,7,3,1,8,2,8,,18,18,1,22,9,B03,120.665275,24.147883,2
2022,8,31,21,53,臺中市,北屯區,0,3,0,8,3,5,50,4,1,1,5,4,5,7,2,1,10,5,5,2,12,26,2,9,1,1,C03,7,8,6,18,2,13,,26,26,1,21,8,C03,120.700546,24.178479,2
2022,8,31,22,8,臺中市,豐原區,0,1,0,8,3,5,40,4,1,1,5,4,5,7,1,1,10,5,5,2,16,44,2,9,1,1,C03,7,9,1,10,2,11,,44,44,1,21,8,C03,120.722535,24.2779,2
2022,8,31,22,22,臺中市,北區,0,0,0,8,3,5,50,4,2,1,5,4,5,7,2,1,8,3,4,2,13,42,,,,,B03,,,1,,2,,,42,,1,22,,B03,120.681292,24.155742,3
2022,8,31,22,55,臺中市,北屯區,0,0,0,8,,,30,,,,,,,,,,,,,,,12,,,,,B03,,,1,,2,,,12,,1,4,,B03,120.666203,24.185676,3